-- MariaDB dump 10.19  Distrib 10.4.32-MariaDB, for Win64 (AMD64)
--
-- Host: localhost    Database: nba_db
-- ------------------------------------------------------
-- Server version	10.4.32-MariaDB

/*!40101 SET @OLD_CHARACTER_SET_CLIENT=@@CHARACTER_SET_CLIENT */;
/*!40101 SET @OLD_CHARACTER_SET_RESULTS=@@CHARACTER_SET_RESULTS */;
/*!40101 SET @OLD_COLLATION_CONNECTION=@@COLLATION_CONNECTION */;
/*!40101 SET NAMES utf8mb4 */;
/*!40103 SET @OLD_TIME_ZONE=@@TIME_ZONE */;
/*!40103 SET TIME_ZONE='+00:00' */;
/*!40014 SET @OLD_UNIQUE_CHECKS=@@UNIQUE_CHECKS, UNIQUE_CHECKS=0 */;
/*!40014 SET @OLD_FOREIGN_KEY_CHECKS=@@FOREIGN_KEY_CHECKS, FOREIGN_KEY_CHECKS=0 */;
/*!40101 SET @OLD_SQL_MODE=@@SQL_MODE, SQL_MODE='NO_AUTO_VALUE_ON_ZERO' */;
/*!40111 SET @OLD_SQL_NOTES=@@SQL_NOTES, SQL_NOTES=0 */;

--
-- Table structure for table `action_plans`
--

DROP TABLE IF EXISTS `action_plans`;
/*!40101 SET @saved_cs_client     = @@character_set_client */;
/*!40101 SET character_set_client = utf8 */;
CREATE TABLE `action_plans` (
  `id` bigint(20) NOT NULL AUTO_INCREMENT,
  `offering_id` bigint(20) DEFAULT NULL,
  `programme_id` int(11) DEFAULT NULL,
  `batch_id` int(11) DEFAULT NULL,
  `batch_year` int(11) DEFAULT NULL,
  `po_name` varchar(5) DEFAULT NULL,
  `gap_description` text NOT NULL,
  `action_text` text NOT NULL,
  `responsible_person` varchar(255) DEFAULT NULL,
  `target_date` date DEFAULT NULL,
  `status` enum('Open','In Progress','Completed') DEFAULT 'Open',
  `created_by` int(11) DEFAULT NULL,
  `created_at` timestamp NOT NULL DEFAULT current_timestamp(),
  `updated_at` timestamp NOT NULL DEFAULT current_timestamp() ON UPDATE current_timestamp(),
  PRIMARY KEY (`id`),
  KEY `idx_ap_offering` (`offering_id`),
  KEY `idx_ap_programme` (`programme_id`),
  KEY `idx_ap_status` (`status`),
  KEY `created_by` (`created_by`),
  KEY `idx_ap_batch` (`batch_id`),
  CONSTRAINT `action_plans_ibfk_1` FOREIGN KEY (`offering_id`) REFERENCES `course_offerings` (`offering_id`) ON DELETE CASCADE,
  CONSTRAINT `action_plans_ibfk_2` FOREIGN KEY (`programme_id`) REFERENCES `programmes` (`programme_id`) ON DELETE CASCADE,
  CONSTRAINT `action_plans_ibfk_3` FOREIGN KEY (`created_by`) REFERENCES `users` (`employee_id`) ON DELETE SET NULL,
  CONSTRAINT `action_plans_ibfk_4` FOREIGN KEY (`batch_id`) REFERENCES `programme_batches` (`batch_id`) ON DELETE SET NULL
) ENGINE=InnoDB AUTO_INCREMENT=2 DEFAULT CHARSET=utf8mb4 COLLATE=utf8mb4_unicode_ci;
/*!40101 SET character_set_client = @saved_cs_client */;

--
-- Dumping data for table `action_plans`
--

LOCK TABLES `action_plans` WRITE;
/*!40000 ALTER TABLE `action_plans` DISABLE KEYS */;
/*!40000 ALTER TABLE `action_plans` ENABLE KEYS */;
UNLOCK TABLES;

--
-- Table structure for table `attainment_scale`
--

DROP TABLE IF EXISTS `attainment_scale`;
/*!40101 SET @saved_cs_client     = @@character_set_client */;
/*!40101 SET character_set_client = utf8 */;
CREATE TABLE `attainment_scale` (
  `id` bigint(20) NOT NULL AUTO_INCREMENT,
  `offering_id` bigint(20) NOT NULL,
  `level` smallint(6) NOT NULL CHECK (`level` >= 0 and `level` <= 10),
  `min_percentage` decimal(5,2) NOT NULL CHECK (`min_percentage` >= 0 and `min_percentage` <= 100),
  PRIMARY KEY (`id`),
  UNIQUE KEY `offering_id` (`offering_id`,`level`),
  KEY `offering_id_2` (`offering_id`),
  CONSTRAINT `attainment_scale_ibfk_1` FOREIGN KEY (`offering_id`) REFERENCES `course_offerings` (`offering_id`) ON DELETE CASCADE
) ENGINE=InnoDB AUTO_INCREMENT=22 DEFAULT CHARSET=utf8mb4 COLLATE=utf8mb4_unicode_ci;
/*!40101 SET character_set_client = @saved_cs_client */;

--
-- Dumping data for table `attainment_scale`
--

LOCK TABLES `attainment_scale` WRITE;
/*!40000 ALTER TABLE `attainment_scale` DISABLE KEYS */;
INSERT INTO `attainment_scale` VALUES (1,1,1,40.00),(2,1,2,60.00),(3,1,3,80.00),(4,2,1,40.00),(5,2,2,60.00),(6,2,3,80.00),(7,3,1,40.00),(8,3,2,60.00),(9,3,3,80.00),(19,10,3,70.00),(20,10,2,60.00),(21,10,1,50.00);
/*!40000 ALTER TABLE `attainment_scale` ENABLE KEYS */;
UNLOCK TABLES;

--
-- Table structure for table `audit_logs`
--

DROP TABLE IF EXISTS `audit_logs`;
/*!40101 SET @saved_cs_client     = @@character_set_client */;
/*!40101 SET character_set_client = utf8 */;
CREATE TABLE `audit_logs` (
  `id` bigint(20) NOT NULL AUTO_INCREMENT,
  `user_id` int(11) DEFAULT NULL,
  `action` enum('CREATE','UPDATE','DELETE','LOGIN') NOT NULL,
  `entity_type` varchar(50) NOT NULL,
  `entity_id` varchar(50) NOT NULL,
  `old_values` longtext CHARACTER SET utf8mb4 COLLATE utf8mb4_bin DEFAULT NULL CHECK (json_valid(`old_values`)),
  `new_values` longtext CHARACTER SET utf8mb4 COLLATE utf8mb4_bin DEFAULT NULL CHECK (json_valid(`new_values`)),
  `ip_address` varchar(45) DEFAULT NULL,
  `created_at` timestamp NOT NULL DEFAULT current_timestamp(),
  PRIMARY KEY (`id`),
  KEY `idx_entity` (`entity_type`,`entity_id`),
  KEY `idx_user` (`user_id`),
  KEY `idx_action` (`action`),
  CONSTRAINT `audit_logs_ibfk_1` FOREIGN KEY (`user_id`) REFERENCES `users` (`employee_id`) ON DELETE SET NULL
) ENGINE=InnoDB AUTO_INCREMENT=687 DEFAULT CHARSET=utf8mb4 COLLATE=utf8mb4_unicode_ci;
/*!40101 SET character_set_client = @saved_cs_client */;

--
-- Dumping data for table `audit_logs`
--

LOCK TABLES `audit_logs` WRITE;
/*!40000 ALTER TABLE `audit_logs` DISABLE KEYS */;
INSERT INTO `audit_logs` VALUES (1,7000001,'CREATE','User','',NULL,'{\"employee_id\":3101,\"username\":\"Arindam Karmakar\",\"email\":\"akar@tezu.ac.in\",\"password\":\"password123\",\"role\":\"faculty\",\"designation\":\"Professor\",\"phones\":[\"7634379187\"]}','::1','2026-05-15 18:32:30'),(2,7000001,'CREATE','BaseCourse','',NULL,'{\"course_code\":\"CS206\",\"credit\":3,\"course_name\":\"DESIGN AND ANALYSIS OF ALGORITHM\",\"course_type\":\"Theory\",\"course_level\":\"Undergraduate\",\"is_active\":1,\"programme_ids\":[1]}','::1','2026-05-15 18:33:20'),(3,7000001,'CREATE','Course','',NULL,'{\"course_code\":\"CS206\",\"credit\":3,\"name\":\"DESIGN AND ANALYSIS OF ALGORITHM\",\"course_type\":\"Theory\",\"course_level\":\"Undergraduate\",\"year\":2025,\"semester\":\"Spring\",\"faculty_id\":3101,\"co_threshold\":40,\"passing_threshold\":30}','::1','2026-05-15 18:33:50'),(4,3101,'CREATE','Assessment','',NULL,'{\"offering_id\":10,\"name\":\"Test-1\",\"full_marks\":10,\"pass_marks\":3.5,\"questions\":[{\"question_number\":1,\"sub_question\":\"\",\"is_optional\":false,\"co\":2,\"max_marks\":3},{\"question_number\":2,\"sub_question\":\"\",\"is_optional\":false,\"co\":3,\"max_marks\":4},{\"question_number\":3,\"sub_question\":\"\",\"is_optional\":false,\"co\":4,\"max_marks\":3}]}','::1','2026-05-15 18:35:03'),(5,3101,'CREATE','bulkEnroll','',NULL,'{\"students\":[{\"rollno\":\"CSB21013\",\"name\":\"HRISHI RAJ BORA\"},{\"rollno\":\"CSB21034\",\"name\":\"TRIDEEP DAS\"},{\"rollno\":\"CSB22031\",\"name\":\"BHASKAR JYOTI HAZARIKA\"},{\"rollno\":\"CSB22039\",\"name\":\"ARNAB DEORI\"},{\"rollno\":\"CSB22040\",\"name\":\"BISHAL RANJAN DAS\"},{\"rollno\":\"CSB22042\",\"name\":\"ANURAG BRAHMA\"},{\"rollno\":\"CSB22045\",\"name\":\"MANJIM GOGOI\"},{\"rollno\":\"CSB22049\",\"name\":\"Bastab Das\"},{\"rollno\":\"CSB22051\",\"name\":\"DIMA SONOWAL\"},{\"rollno\":\"CSB22066\",\"name\":\"SOUHARDYO SIKDER\"},{\"rollno\":\"CSB22080\",\"name\":\"ABHISHEK DAS\"},{\"rollno\":\"CSB23001\",\"name\":\"SHAAN PATHAK\"},{\"rollno\":\"CSB23003\",\"name\":\"ANTARIKSH SAIKIA\"},{\"rollno\":\"CSB23004\",\"name\":\"SOUMYADEEP DUTTA\"},{\"rollno\":\"CSB23005\",\"name\":\"SEIKH IRFAN ALI\"},{\"rollno\":\"CSB23010\",\"name\":\"KISHAN HARLALKA\"},{\"rollno\":\"CSB23012\",\"name\":\"RAHUL YADAV\"},{\"rollno\":\"CSB23016\",\"name\":\"RUKNABH BHATTACHARYYA\"},{\"rollno\":\"CSB23017\",\"name\":\"Raktim Ranjan Handique\"},{\"rollno\":\"CSB23018\",\"name\":\"SWAPNIL KALITA\"},{\"rollno\":\"CSB23019\",\"name\":\"SUMAN SAFIUR JAMAN\"},{\"rollno\":\"CSB23023\",\"name\":\"HRISHIKESH GOHAIN\"},{\"rollno\":\"CSB23024\",\"name\":\"Jonathan Pegu\"},{\"rollno\":\"CSB23025\",\"name\":\"YUVRAJ BARMAN\"},{\"rollno\":\"CSB23026\",\"name\":\"Abhijit Roy\"},{\"rollno\":\"CSB23027\",\"name\":\"DIGDARSHAN CHUTIA\"},{\"rollno\":\"CSB23028\",\"name\":\"ANJAN THAKURIA\"},{\"rollno\":\"CSB23029\",\"name\":\"RITIKA SAHA MANDAL\"},{\"rollno\":\"CSB23031\",\"name\":\"SURAJ KARMAKAR\"},{\"rollno\":\"CSB23032\",\"name\":\"SHYAM KUMAR BARUAH\"},{\"rollno\":\"CSB23033\",\"name\":\"NIRUJ NAYAN SAIKIA\"},{\"rollno\":\"CSB23034\",\"name\":\"BIKI SAIKIA\"},{\"rollno\":\"CSB23035\",\"name\":\"AMARTYA DAS\"},{\"rollno\":\"CSB23037\",\"name\":\"PRATYUSH PRATIM HAZARIKA\"},{\"rollno\":\"CSB23038\",\"name\":\"Mridupawan Kashyap\"},{\"rollno\":\"CSB23039\",\"name\":\"SANDIPAN ROY\"},{\"rollno\":\"CSB23040\",\"name\":\"YUBRAJ SUTRADHAR\"},{\"rollno\":\"CSB23041\",\"name\":\"SUPRIO SARKAR\"},{\"rollno\":\"CSB23042\",\"name\":\"ANWESHA SAHARIA\"},{\"rollno\":\"CSB23044\",\"name\":\"SAGAR GOGOI\"},{\"rollno\":\"CSB23045\",\"name\":\"JAYANTA BORA\"},{\"rollno\":\"CSB23046\",\"name\":\"RAIHAN ZAKIR AHMED\"},{\"rollno\":\"CSB23047\",\"name\":\"FARHAZ RAHMAN\"},{\"rollno\":\"CSB23048\",\"name\":\"PRATYUSH CHAND SHARMA\"},{\"rollno\":\"CSB23050\",\"name\":\"AJAY PATEL\"},{\"rollno\":\"CSB23051\",\"name\":\"MOHIT RANJAN\"},{\"rollno\":\"CSB23052\",\"name\":\"AREESHA KHAN\"},{\"rollno\":\"CSB23053\",\"name\":\"SADANANDA DEORI\"},{\"rollno\":\"CSB23054\",\"name\":\"AKASH JYOTI DAS\"},{\"rollno\":\"CSB23055\",\"name\":\"RAJAT KUMAR JHA\"},{\"rollno\":\"CSB23056\",\"name\":\"RUPANSH MOHAN\"},{\"rollno\":\"CSB23057\",\"name\":\"Tumit Dass\"},{\"rollno\":\"CSB23059\",\"name\":\"GAURAV RAJ\"},{\"rollno\":\"CSB23060\",\"name\":\"SONU KUMAR\"},{\"rollno\":\"CSB23061\",\"name\":\"SHAYAN CHAKRABORTY\"},{\"rollno\":\"CSB23062\",\"name\":\"SUMIT RAJ\"},{\"rollno\":\"CSB23063\",\"name\":\"TANMAY SARKAR\"},{\"rollno\":\"CSB23064\",\"name\":\"RUHAAN CHAUDHARY\"},{\"rollno\":\"CSB23065\",\"name\":\"SAMUEL NEWMAI\"},{\"rollno\":\"CSB23066\",\"name\":\"SHUBHAM MAURYA\"},{\"rollno\":\"CSB23067\",\"name\":\"TUSHAR BHATI\"},{\"rollno\":\"CSB23068\",\"name\":\"AMAN KUMAR RAJ\"},{\"rollno\":\"CSB23069\",\"name\":\"DEEPAK KUMAR PATHAK\"},{\"rollno\":\"CSB23070\",\"name\":\"Prem kumar\"},{\"rollno\":\"CSB23071\",\"name\":\"ROHAN BHASAKAR KALE\"},{\"rollno\":\"CSB23072\",\"name\":\"YAJANT NATH TRIPATHI\"},{\"rollno\":\"CSB23073\",\"name\":\"Darmez Singh\"},{\"rollno\":\"CSB23074\",\"name\":\"KAUSTAV JYOTI PHUKAN\"},{\"rollno\":\"CSB23075\",\"name\":\"SPANDAN SARMA\"},{\"rollno\":\"CSB23076\",\"name\":\"AYUSHMAN BORGOHAIN\"},{\"rollno\":\"CSB23078\",\"name\":\"DHRITIMAN SAIKIA\"},{\"rollno\":\"CSB23079\",\"name\":\"NAYANJYOTI ADHIKARY\"},{\"rollno\":\"CSB23080\",\"name\":\"SHUVRANGSHU K SONOWAL\"},{\"rollno\":\"CSB23081\",\"name\":\"KISHALAY BHAGOBATY\"},{\"rollno\":\"CSB24201\",\"name\":\"Hrishikesh Kakati\"},{\"rollno\":\"CSB24202\",\"name\":\"Kailash Phukan\"},{\"rollno\":\"CSB24203\",\"name\":\"Hirakjyoti Baruah\"},{\"rollno\":\"CSB24204\",\"name\":\"Mukund Kumar Ray\"},{\"rollno\":\"CSB24205\",\"name\":\"Abhishruti JP baruah\"}]}','::1','2026-05-15 18:35:20'),(6,3101,'UPDATE','MarksByCO','','{\"id\":9,\"offering_id\":10,\"course_id\":10,\"name\":\"Test-1\",\"full_marks\":10,\"pass_marks\":3,\"test_type\":null,\"test_date\":null,\"max_marks\":null,\"weightage\":null,\"question_paper_filename\":null,\"has_question_paper_pdf\":false}','{\"test_id\":9,\"student_id\":\"CSB21013\",\"CO1\":0,\"CO2\":0,\"CO3\":1,\"CO4\":0,\"CO5\":0,\"CO6\":0,\"validate_marks\":true}','::1','2026-05-15 18:35:41'),(7,3101,'UPDATE','MarksByCO','','{\"id\":9,\"offering_id\":10,\"course_id\":10,\"name\":\"Test-1\",\"full_marks\":10,\"pass_marks\":3,\"test_type\":null,\"test_date\":null,\"max_marks\":null,\"weightage\":null,\"question_paper_filename\":null,\"has_question_paper_pdf\":false}','{\"test_id\":9,\"student_id\":\"CSB21034\",\"CO1\":0,\"CO2\":0,\"CO3\":0,\"CO4\":0,\"CO5\":0,\"CO6\":0,\"validate_marks\":true}','::1','2026-05-15 18:35:41'),(8,3101,'UPDATE','MarksByCO','','{\"id\":9,\"offering_id\":10,\"course_id\":10,\"name\":\"Test-1\",\"full_marks\":10,\"pass_marks\":3,\"test_type\":null,\"test_date\":null,\"max_marks\":null,\"weightage\":null,\"question_paper_filename\":null,\"has_question_paper_pdf\":false}','{\"test_id\":9,\"student_id\":\"CSB22031\",\"CO1\":0,\"CO2\":1,\"CO3\":0,\"CO4\":0,\"CO5\":0,\"CO6\":0,\"validate_marks\":true}','::1','2026-05-15 18:35:41'),(9,3101,'UPDATE','MarksByCO','','{\"id\":9,\"offering_id\":10,\"course_id\":10,\"name\":\"Test-1\",\"full_marks\":10,\"pass_marks\":3,\"test_type\":null,\"test_date\":null,\"max_marks\":null,\"weightage\":null,\"question_paper_filename\":null,\"has_question_paper_pdf\":false}','{\"test_id\":9,\"student_id\":\"CSB22039\",\"CO1\":0,\"CO2\":0,\"CO3\":4,\"CO4\":0,\"CO5\":0,\"CO6\":0,\"validate_marks\":true}','::1','2026-05-15 18:35:41'),(10,3101,'UPDATE','MarksByCO','','{\"id\":9,\"offering_id\":10,\"course_id\":10,\"name\":\"Test-1\",\"full_marks\":10,\"pass_marks\":3,\"test_type\":null,\"test_date\":null,\"max_marks\":null,\"weightage\":null,\"question_paper_filename\":null,\"has_question_paper_pdf\":false}','{\"test_id\":9,\"student_id\":\"CSB22040\",\"CO1\":0,\"CO2\":2,\"CO3\":0,\"CO4\":0,\"CO5\":0,\"CO6\":0,\"validate_marks\":true}','::1','2026-05-15 18:35:42'),(11,3101,'UPDATE','MarksByCO','','{\"id\":9,\"offering_id\":10,\"course_id\":10,\"name\":\"Test-1\",\"full_marks\":10,\"pass_marks\":3,\"test_type\":null,\"test_date\":null,\"max_marks\":null,\"weightage\":null,\"question_paper_filename\":null,\"has_question_paper_pdf\":false}','{\"test_id\":9,\"student_id\":\"CSB22042\",\"CO1\":0,\"CO2\":0,\"CO3\":0,\"CO4\":1,\"CO5\":0,\"CO6\":0,\"validate_marks\":true}','::1','2026-05-15 18:35:42'),(12,3101,'UPDATE','MarksByCO','','{\"id\":9,\"offering_id\":10,\"course_id\":10,\"name\":\"Test-1\",\"full_marks\":10,\"pass_marks\":3,\"test_type\":null,\"test_date\":null,\"max_marks\":null,\"weightage\":null,\"question_paper_filename\":null,\"has_question_paper_pdf\":false}','{\"test_id\":9,\"student_id\":\"CSB22045\",\"CO1\":0,\"CO2\":0,\"CO3\":2,\"CO4\":0,\"CO5\":0,\"CO6\":0,\"validate_marks\":true}','::1','2026-05-15 18:35:42'),(13,3101,'UPDATE','MarksByCO','','{\"id\":9,\"offering_id\":10,\"course_id\":10,\"name\":\"Test-1\",\"full_marks\":10,\"pass_marks\":3,\"test_type\":null,\"test_date\":null,\"max_marks\":null,\"weightage\":null,\"question_paper_filename\":null,\"has_question_paper_pdf\":false}','{\"test_id\":9,\"student_id\":\"CSB22049\",\"CO1\":0,\"CO2\":0,\"CO3\":1,\"CO4\":0,\"CO5\":0,\"CO6\":0,\"validate_marks\":true}','::1','2026-05-15 18:35:42'),(14,3101,'UPDATE','MarksByCO','','{\"id\":9,\"offering_id\":10,\"course_id\":10,\"name\":\"Test-1\",\"full_marks\":10,\"pass_marks\":3,\"test_type\":null,\"test_date\":null,\"max_marks\":null,\"weightage\":null,\"question_paper_filename\":null,\"has_question_paper_pdf\":false}','{\"test_id\":9,\"student_id\":\"CSB22051\",\"CO1\":0,\"CO2\":1,\"CO3\":0,\"CO4\":0,\"CO5\":0,\"CO6\":0,\"validate_marks\":true}','::1','2026-05-15 18:35:42'),(15,3101,'UPDATE','MarksByCO','','{\"id\":9,\"offering_id\":10,\"course_id\":10,\"name\":\"Test-1\",\"full_marks\":10,\"pass_marks\":3,\"test_type\":null,\"test_date\":null,\"max_marks\":null,\"weightage\":null,\"question_paper_filename\":null,\"has_question_paper_pdf\":false}','{\"test_id\":9,\"student_id\":\"CSB22066\",\"CO1\":0,\"CO2\":0,\"CO3\":0,\"CO4\":3,\"CO5\":0,\"CO6\":0,\"validate_marks\":true}','::1','2026-05-15 18:35:42'),(16,3101,'UPDATE','MarksByCO','','{\"id\":9,\"offering_id\":10,\"course_id\":10,\"name\":\"Test-1\",\"full_marks\":10,\"pass_marks\":3,\"test_type\":null,\"test_date\":null,\"max_marks\":null,\"weightage\":null,\"question_paper_filename\":null,\"has_question_paper_pdf\":false}','{\"test_id\":9,\"student_id\":\"CSB22080\",\"CO1\":0,\"CO2\":2,\"CO3\":0,\"CO4\":0,\"CO5\":0,\"CO6\":0,\"validate_marks\":true}','::1','2026-05-15 18:35:42'),(17,3101,'UPDATE','MarksByCO','','{\"id\":9,\"offering_id\":10,\"course_id\":10,\"name\":\"Test-1\",\"full_marks\":10,\"pass_marks\":3,\"test_type\":null,\"test_date\":null,\"max_marks\":null,\"weightage\":null,\"question_paper_filename\":null,\"has_question_paper_pdf\":false}','{\"test_id\":9,\"student_id\":\"CSB23001\",\"CO1\":0,\"CO2\":0,\"CO3\":2,\"CO4\":0,\"CO5\":0,\"CO6\":0,\"validate_marks\":true}','::1','2026-05-15 18:35:42'),(18,3101,'UPDATE','MarksByCO','','{\"id\":9,\"offering_id\":10,\"course_id\":10,\"name\":\"Test-1\",\"full_marks\":10,\"pass_marks\":3,\"test_type\":null,\"test_date\":null,\"max_marks\":null,\"weightage\":null,\"question_paper_filename\":null,\"has_question_paper_pdf\":false}','{\"test_id\":9,\"student_id\":\"CSB23003\",\"CO1\":0,\"CO2\":1,\"CO3\":4,\"CO4\":0,\"CO5\":0,\"CO6\":0,\"validate_marks\":true}','::1','2026-05-15 18:35:42'),(19,3101,'UPDATE','MarksByCO','','{\"id\":9,\"offering_id\":10,\"course_id\":10,\"name\":\"Test-1\",\"full_marks\":10,\"pass_marks\":3,\"test_type\":null,\"test_date\":null,\"max_marks\":null,\"weightage\":null,\"question_paper_filename\":null,\"has_question_paper_pdf\":false}','{\"test_id\":9,\"student_id\":\"CSB23004\",\"CO1\":0,\"CO2\":2,\"CO3\":4,\"CO4\":0,\"CO5\":0,\"CO6\":0,\"validate_marks\":true}','::1','2026-05-15 18:35:42'),(20,3101,'UPDATE','MarksByCO','','{\"id\":9,\"offering_id\":10,\"course_id\":10,\"name\":\"Test-1\",\"full_marks\":10,\"pass_marks\":3,\"test_type\":null,\"test_date\":null,\"max_marks\":null,\"weightage\":null,\"question_paper_filename\":null,\"has_question_paper_pdf\":false}','{\"test_id\":9,\"student_id\":\"CSB23005\",\"CO1\":0,\"CO2\":3,\"CO3\":0,\"CO4\":3,\"CO5\":0,\"CO6\":0,\"validate_marks\":true}','::1','2026-05-15 18:35:42'),(21,3101,'UPDATE','MarksByCO','','{\"id\":9,\"offering_id\":10,\"course_id\":10,\"name\":\"Test-1\",\"full_marks\":10,\"pass_marks\":3,\"test_type\":null,\"test_date\":null,\"max_marks\":null,\"weightage\":null,\"question_paper_filename\":null,\"has_question_paper_pdf\":false}','{\"test_id\":9,\"student_id\":\"CSB23010\",\"CO1\":0,\"CO2\":3,\"CO3\":0,\"CO4\":3,\"CO5\":0,\"CO6\":0,\"validate_marks\":true}','::1','2026-05-15 18:35:42'),(22,3101,'UPDATE','MarksByCO','','{\"id\":9,\"offering_id\":10,\"course_id\":10,\"name\":\"Test-1\",\"full_marks\":10,\"pass_marks\":3,\"test_type\":null,\"test_date\":null,\"max_marks\":null,\"weightage\":null,\"question_paper_filename\":null,\"has_question_paper_pdf\":false}','{\"test_id\":9,\"student_id\":\"CSB23012\",\"CO1\":0,\"CO2\":0,\"CO3\":4,\"CO4\":0,\"CO5\":0,\"CO6\":0,\"validate_marks\":true}','::1','2026-05-15 18:35:42'),(23,3101,'UPDATE','MarksByCO','','{\"id\":9,\"offering_id\":10,\"course_id\":10,\"name\":\"Test-1\",\"full_marks\":10,\"pass_marks\":3,\"test_type\":null,\"test_date\":null,\"max_marks\":null,\"weightage\":null,\"question_paper_filename\":null,\"has_question_paper_pdf\":false}','{\"test_id\":9,\"student_id\":\"CSB23016\",\"CO1\":0,\"CO2\":2,\"CO3\":3,\"CO4\":0,\"CO5\":0,\"CO6\":0,\"validate_marks\":true}','::1','2026-05-15 18:35:42'),(24,3101,'UPDATE','MarksByCO','','{\"id\":9,\"offering_id\":10,\"course_id\":10,\"name\":\"Test-1\",\"full_marks\":10,\"pass_marks\":3,\"test_type\":null,\"test_date\":null,\"max_marks\":null,\"weightage\":null,\"question_paper_filename\":null,\"has_question_paper_pdf\":false}','{\"test_id\":9,\"student_id\":\"CSB23017\",\"CO1\":0,\"CO2\":0,\"CO3\":0,\"CO4\":2,\"CO5\":0,\"CO6\":0,\"validate_marks\":true}','::1','2026-05-15 18:35:42'),(25,3101,'UPDATE','MarksByCO','','{\"id\":9,\"offering_id\":10,\"course_id\":10,\"name\":\"Test-1\",\"full_marks\":10,\"pass_marks\":3,\"test_type\":null,\"test_date\":null,\"max_marks\":null,\"weightage\":null,\"question_paper_filename\":null,\"has_question_paper_pdf\":false}','{\"test_id\":9,\"student_id\":\"CSB23018\",\"CO1\":0,\"CO2\":0,\"CO3\":4,\"CO4\":2,\"CO5\":0,\"CO6\":0,\"validate_marks\":true}','::1','2026-05-15 18:35:42'),(26,3101,'UPDATE','MarksByCO','','{\"id\":9,\"offering_id\":10,\"course_id\":10,\"name\":\"Test-1\",\"full_marks\":10,\"pass_marks\":3,\"test_type\":null,\"test_date\":null,\"max_marks\":null,\"weightage\":null,\"question_paper_filename\":null,\"has_question_paper_pdf\":false}','{\"test_id\":9,\"student_id\":\"CSB23019\",\"CO1\":0,\"CO2\":3,\"CO3\":0,\"CO4\":0,\"CO5\":0,\"CO6\":0,\"validate_marks\":true}','::1','2026-05-15 18:35:42'),(27,3101,'UPDATE','MarksByCO','','{\"id\":9,\"offering_id\":10,\"course_id\":10,\"name\":\"Test-1\",\"full_marks\":10,\"pass_marks\":3,\"test_type\":null,\"test_date\":null,\"max_marks\":null,\"weightage\":null,\"question_paper_filename\":null,\"has_question_paper_pdf\":false}','{\"test_id\":9,\"student_id\":\"CSB23023\",\"CO1\":0,\"CO2\":0,\"CO3\":4,\"CO4\":1,\"CO5\":0,\"CO6\":0,\"validate_marks\":true}','::1','2026-05-15 18:35:42'),(28,3101,'UPDATE','MarksByCO','','{\"id\":9,\"offering_id\":10,\"course_id\":10,\"name\":\"Test-1\",\"full_marks\":10,\"pass_marks\":3,\"test_type\":null,\"test_date\":null,\"max_marks\":null,\"weightage\":null,\"question_paper_filename\":null,\"has_question_paper_pdf\":false}','{\"test_id\":9,\"student_id\":\"CSB23024\",\"CO1\":0,\"CO2\":1,\"CO3\":1,\"CO4\":1,\"CO5\":0,\"CO6\":0,\"validate_marks\":true}','::1','2026-05-15 18:35:42'),(29,3101,'UPDATE','MarksByCO','','{\"id\":9,\"offering_id\":10,\"course_id\":10,\"name\":\"Test-1\",\"full_marks\":10,\"pass_marks\":3,\"test_type\":null,\"test_date\":null,\"max_marks\":null,\"weightage\":null,\"question_paper_filename\":null,\"has_question_paper_pdf\":false}','{\"test_id\":9,\"student_id\":\"CSB23025\",\"CO1\":0,\"CO2\":0,\"CO3\":2,\"CO4\":1,\"CO5\":0,\"CO6\":0,\"validate_marks\":true}','::1','2026-05-15 18:35:42'),(30,3101,'UPDATE','MarksByCO','','{\"id\":9,\"offering_id\":10,\"course_id\":10,\"name\":\"Test-1\",\"full_marks\":10,\"pass_marks\":3,\"test_type\":null,\"test_date\":null,\"max_marks\":null,\"weightage\":null,\"question_paper_filename\":null,\"has_question_paper_pdf\":false}','{\"test_id\":9,\"student_id\":\"CSB23026\",\"CO1\":0,\"CO2\":1,\"CO3\":2,\"CO4\":0,\"CO5\":0,\"CO6\":0,\"validate_marks\":true}','::1','2026-05-15 18:35:43'),(31,3101,'UPDATE','MarksByCO','','{\"id\":9,\"offering_id\":10,\"course_id\":10,\"name\":\"Test-1\",\"full_marks\":10,\"pass_marks\":3,\"test_type\":null,\"test_date\":null,\"max_marks\":null,\"weightage\":null,\"question_paper_filename\":null,\"has_question_paper_pdf\":false}','{\"test_id\":9,\"student_id\":\"CSB23027\",\"CO1\":0,\"CO2\":1,\"CO3\":1,\"CO4\":0,\"CO5\":0,\"CO6\":0,\"validate_marks\":true}','::1','2026-05-15 18:35:43'),(32,3101,'UPDATE','MarksByCO','','{\"id\":9,\"offering_id\":10,\"course_id\":10,\"name\":\"Test-1\",\"full_marks\":10,\"pass_marks\":3,\"test_type\":null,\"test_date\":null,\"max_marks\":null,\"weightage\":null,\"question_paper_filename\":null,\"has_question_paper_pdf\":false}','{\"test_id\":9,\"student_id\":\"CSB23028\",\"CO1\":0,\"CO2\":0,\"CO3\":2,\"CO4\":0,\"CO5\":0,\"CO6\":0,\"validate_marks\":true}','::1','2026-05-15 18:35:43'),(33,3101,'UPDATE','MarksByCO','','{\"id\":9,\"offering_id\":10,\"course_id\":10,\"name\":\"Test-1\",\"full_marks\":10,\"pass_marks\":3,\"test_type\":null,\"test_date\":null,\"max_marks\":null,\"weightage\":null,\"question_paper_filename\":null,\"has_question_paper_pdf\":false}','{\"test_id\":9,\"student_id\":\"CSB23029\",\"CO1\":0,\"CO2\":1,\"CO3\":3,\"CO4\":1,\"CO5\":0,\"CO6\":0,\"validate_marks\":true}','::1','2026-05-15 18:35:43'),(34,3101,'UPDATE','MarksByCO','','{\"id\":9,\"offering_id\":10,\"course_id\":10,\"name\":\"Test-1\",\"full_marks\":10,\"pass_marks\":3,\"test_type\":null,\"test_date\":null,\"max_marks\":null,\"weightage\":null,\"question_paper_filename\":null,\"has_question_paper_pdf\":false}','{\"test_id\":9,\"student_id\":\"CSB23031\",\"CO1\":0,\"CO2\":1,\"CO3\":0,\"CO4\":1,\"CO5\":0,\"CO6\":0,\"validate_marks\":true}','::1','2026-05-15 18:35:43'),(35,3101,'UPDATE','MarksByCO','','{\"id\":9,\"offering_id\":10,\"course_id\":10,\"name\":\"Test-1\",\"full_marks\":10,\"pass_marks\":3,\"test_type\":null,\"test_date\":null,\"max_marks\":null,\"weightage\":null,\"question_paper_filename\":null,\"has_question_paper_pdf\":false}','{\"test_id\":9,\"student_id\":\"CSB23032\",\"CO1\":0,\"CO2\":0,\"CO3\":1,\"CO4\":1,\"CO5\":0,\"CO6\":0,\"validate_marks\":true}','::1','2026-05-15 18:35:43'),(36,3101,'UPDATE','MarksByCO','','{\"id\":9,\"offering_id\":10,\"course_id\":10,\"name\":\"Test-1\",\"full_marks\":10,\"pass_marks\":3,\"test_type\":null,\"test_date\":null,\"max_marks\":null,\"weightage\":null,\"question_paper_filename\":null,\"has_question_paper_pdf\":false}','{\"test_id\":9,\"student_id\":\"CSB23033\",\"CO1\":0,\"CO2\":1,\"CO3\":1,\"CO4\":1,\"CO5\":0,\"CO6\":0,\"validate_marks\":true}','::1','2026-05-15 18:35:43'),(37,3101,'UPDATE','MarksByCO','','{\"id\":9,\"offering_id\":10,\"course_id\":10,\"name\":\"Test-1\",\"full_marks\":10,\"pass_marks\":3,\"test_type\":null,\"test_date\":null,\"max_marks\":null,\"weightage\":null,\"question_paper_filename\":null,\"has_question_paper_pdf\":false}','{\"test_id\":9,\"student_id\":\"CSB23034\",\"CO1\":0,\"CO2\":1,\"CO3\":2,\"CO4\":1,\"CO5\":0,\"CO6\":0,\"validate_marks\":true}','::1','2026-05-15 18:35:43'),(38,3101,'UPDATE','MarksByCO','','{\"id\":9,\"offering_id\":10,\"course_id\":10,\"name\":\"Test-1\",\"full_marks\":10,\"pass_marks\":3,\"test_type\":null,\"test_date\":null,\"max_marks\":null,\"weightage\":null,\"question_paper_filename\":null,\"has_question_paper_pdf\":false}','{\"test_id\":9,\"student_id\":\"CSB23035\",\"CO1\":0,\"CO2\":2,\"CO3\":3,\"CO4\":0,\"CO5\":0,\"CO6\":0,\"validate_marks\":true}','::1','2026-05-15 18:35:43'),(39,3101,'UPDATE','MarksByCO','','{\"id\":9,\"offering_id\":10,\"course_id\":10,\"name\":\"Test-1\",\"full_marks\":10,\"pass_marks\":3,\"test_type\":null,\"test_date\":null,\"max_marks\":null,\"weightage\":null,\"question_paper_filename\":null,\"has_question_paper_pdf\":false}','{\"test_id\":9,\"student_id\":\"CSB23037\",\"CO1\":0,\"CO2\":1,\"CO3\":1,\"CO4\":0,\"CO5\":0,\"CO6\":0,\"validate_marks\":true}','::1','2026-05-15 18:35:43'),(40,3101,'UPDATE','MarksByCO','','{\"id\":9,\"offering_id\":10,\"course_id\":10,\"name\":\"Test-1\",\"full_marks\":10,\"pass_marks\":3,\"test_type\":null,\"test_date\":null,\"max_marks\":null,\"weightage\":null,\"question_paper_filename\":null,\"has_question_paper_pdf\":false}','{\"test_id\":9,\"student_id\":\"CSB23038\",\"CO1\":0,\"CO2\":2,\"CO3\":2,\"CO4\":0,\"CO5\":0,\"CO6\":0,\"validate_marks\":true}','::1','2026-05-15 18:35:43'),(41,3101,'UPDATE','MarksByCO','','{\"id\":9,\"offering_id\":10,\"course_id\":10,\"name\":\"Test-1\",\"full_marks\":10,\"pass_marks\":3,\"test_type\":null,\"test_date\":null,\"max_marks\":null,\"weightage\":null,\"question_paper_filename\":null,\"has_question_paper_pdf\":false}','{\"test_id\":9,\"student_id\":\"CSB23039\",\"CO1\":0,\"CO2\":1,\"CO3\":0,\"CO4\":2,\"CO5\":0,\"CO6\":0,\"validate_marks\":true}','::1','2026-05-15 18:35:43'),(42,3101,'UPDATE','MarksByCO','','{\"id\":9,\"offering_id\":10,\"course_id\":10,\"name\":\"Test-1\",\"full_marks\":10,\"pass_marks\":3,\"test_type\":null,\"test_date\":null,\"max_marks\":null,\"weightage\":null,\"question_paper_filename\":null,\"has_question_paper_pdf\":false}','{\"test_id\":9,\"student_id\":\"CSB23040\",\"CO1\":0,\"CO2\":1,\"CO3\":1,\"CO4\":0,\"CO5\":0,\"CO6\":0,\"validate_marks\":true}','::1','2026-05-15 18:35:43'),(43,3101,'UPDATE','MarksByCO','','{\"id\":9,\"offering_id\":10,\"course_id\":10,\"name\":\"Test-1\",\"full_marks\":10,\"pass_marks\":3,\"test_type\":null,\"test_date\":null,\"max_marks\":null,\"weightage\":null,\"question_paper_filename\":null,\"has_question_paper_pdf\":false}','{\"test_id\":9,\"student_id\":\"CSB23041\",\"CO1\":0,\"CO2\":2,\"CO3\":1,\"CO4\":2,\"CO5\":0,\"CO6\":0,\"validate_marks\":true}','::1','2026-05-15 18:35:43'),(44,3101,'UPDATE','MarksByCO','','{\"id\":9,\"offering_id\":10,\"course_id\":10,\"name\":\"Test-1\",\"full_marks\":10,\"pass_marks\":3,\"test_type\":null,\"test_date\":null,\"max_marks\":null,\"weightage\":null,\"question_paper_filename\":null,\"has_question_paper_pdf\":false}','{\"test_id\":9,\"student_id\":\"CSB23042\",\"CO1\":0,\"CO2\":0,\"CO3\":2,\"CO4\":0,\"CO5\":0,\"CO6\":0,\"validate_marks\":true}','::1','2026-05-15 18:35:43'),(45,3101,'UPDATE','MarksByCO','','{\"id\":9,\"offering_id\":10,\"course_id\":10,\"name\":\"Test-1\",\"full_marks\":10,\"pass_marks\":3,\"test_type\":null,\"test_date\":null,\"max_marks\":null,\"weightage\":null,\"question_paper_filename\":null,\"has_question_paper_pdf\":false}','{\"test_id\":9,\"student_id\":\"CSB23044\",\"CO1\":0,\"CO2\":1,\"CO3\":0,\"CO4\":1,\"CO5\":0,\"CO6\":0,\"validate_marks\":true}','::1','2026-05-15 18:35:43'),(46,3101,'UPDATE','MarksByCO','','{\"id\":9,\"offering_id\":10,\"course_id\":10,\"name\":\"Test-1\",\"full_marks\":10,\"pass_marks\":3,\"test_type\":null,\"test_date\":null,\"max_marks\":null,\"weightage\":null,\"question_paper_filename\":null,\"has_question_paper_pdf\":false}','{\"test_id\":9,\"student_id\":\"CSB23045\",\"CO1\":0,\"CO2\":1,\"CO3\":3,\"CO4\":0,\"CO5\":0,\"CO6\":0,\"validate_marks\":true}','::1','2026-05-15 18:35:43'),(47,3101,'UPDATE','MarksByCO','','{\"id\":9,\"offering_id\":10,\"course_id\":10,\"name\":\"Test-1\",\"full_marks\":10,\"pass_marks\":3,\"test_type\":null,\"test_date\":null,\"max_marks\":null,\"weightage\":null,\"question_paper_filename\":null,\"has_question_paper_pdf\":false}','{\"test_id\":9,\"student_id\":\"CSB23046\",\"CO1\":0,\"CO2\":0,\"CO3\":1,\"CO4\":0,\"CO5\":0,\"CO6\":0,\"validate_marks\":true}','::1','2026-05-15 18:35:43'),(48,3101,'UPDATE','MarksByCO','','{\"id\":9,\"offering_id\":10,\"course_id\":10,\"name\":\"Test-1\",\"full_marks\":10,\"pass_marks\":3,\"test_type\":null,\"test_date\":null,\"max_marks\":null,\"weightage\":null,\"question_paper_filename\":null,\"has_question_paper_pdf\":false}','{\"test_id\":9,\"student_id\":\"CSB23047\",\"CO1\":0,\"CO2\":1,\"CO3\":2,\"CO4\":1,\"CO5\":0,\"CO6\":0,\"validate_marks\":true}','::1','2026-05-15 18:35:43'),(49,3101,'UPDATE','MarksByCO','','{\"id\":9,\"offering_id\":10,\"course_id\":10,\"name\":\"Test-1\",\"full_marks\":10,\"pass_marks\":3,\"test_type\":null,\"test_date\":null,\"max_marks\":null,\"weightage\":null,\"question_paper_filename\":null,\"has_question_paper_pdf\":false}','{\"test_id\":9,\"student_id\":\"CSB23048\",\"CO1\":0,\"CO2\":1,\"CO3\":1,\"CO4\":1,\"CO5\":0,\"CO6\":0,\"validate_marks\":true}','::1','2026-05-15 18:35:43'),(50,3101,'UPDATE','MarksByCO','','{\"id\":9,\"offering_id\":10,\"course_id\":10,\"name\":\"Test-1\",\"full_marks\":10,\"pass_marks\":3,\"test_type\":null,\"test_date\":null,\"max_marks\":null,\"weightage\":null,\"question_paper_filename\":null,\"has_question_paper_pdf\":false}','{\"test_id\":9,\"student_id\":\"CSB23050\",\"CO1\":0,\"CO2\":0,\"CO3\":1,\"CO4\":1,\"CO5\":0,\"CO6\":0,\"validate_marks\":true}','::1','2026-05-15 18:35:43'),(51,3101,'UPDATE','MarksByCO','','{\"id\":9,\"offering_id\":10,\"course_id\":10,\"name\":\"Test-1\",\"full_marks\":10,\"pass_marks\":3,\"test_type\":null,\"test_date\":null,\"max_marks\":null,\"weightage\":null,\"question_paper_filename\":null,\"has_question_paper_pdf\":false}','{\"test_id\":9,\"student_id\":\"CSB23051\",\"CO1\":0,\"CO2\":2,\"CO3\":2,\"CO4\":1,\"CO5\":0,\"CO6\":0,\"validate_marks\":true}','::1','2026-05-15 18:35:44'),(52,3101,'UPDATE','MarksByCO','','{\"id\":9,\"offering_id\":10,\"course_id\":10,\"name\":\"Test-1\",\"full_marks\":10,\"pass_marks\":3,\"test_type\":null,\"test_date\":null,\"max_marks\":null,\"weightage\":null,\"question_paper_filename\":null,\"has_question_paper_pdf\":false}','{\"test_id\":9,\"student_id\":\"CSB23052\",\"CO1\":0,\"CO2\":2,\"CO3\":2,\"CO4\":0,\"CO5\":0,\"CO6\":0,\"validate_marks\":true}','::1','2026-05-15 18:35:44'),(53,3101,'UPDATE','MarksByCO','','{\"id\":9,\"offering_id\":10,\"course_id\":10,\"name\":\"Test-1\",\"full_marks\":10,\"pass_marks\":3,\"test_type\":null,\"test_date\":null,\"max_marks\":null,\"weightage\":null,\"question_paper_filename\":null,\"has_question_paper_pdf\":false}','{\"test_id\":9,\"student_id\":\"CSB23053\",\"CO1\":0,\"CO2\":0,\"CO3\":1,\"CO4\":0,\"CO5\":0,\"CO6\":0,\"validate_marks\":true}','::1','2026-05-15 18:35:44'),(54,3101,'UPDATE','MarksByCO','','{\"id\":9,\"offering_id\":10,\"course_id\":10,\"name\":\"Test-1\",\"full_marks\":10,\"pass_marks\":3,\"test_type\":null,\"test_date\":null,\"max_marks\":null,\"weightage\":null,\"question_paper_filename\":null,\"has_question_paper_pdf\":false}','{\"test_id\":9,\"student_id\":\"CSB23054\",\"CO1\":0,\"CO2\":1,\"CO3\":0,\"CO4\":0,\"CO5\":0,\"CO6\":0,\"validate_marks\":true}','::1','2026-05-15 18:35:44'),(55,3101,'UPDATE','MarksByCO','','{\"id\":9,\"offering_id\":10,\"course_id\":10,\"name\":\"Test-1\",\"full_marks\":10,\"pass_marks\":3,\"test_type\":null,\"test_date\":null,\"max_marks\":null,\"weightage\":null,\"question_paper_filename\":null,\"has_question_paper_pdf\":false}','{\"test_id\":9,\"student_id\":\"CSB23055\",\"CO1\":0,\"CO2\":1,\"CO3\":1,\"CO4\":1,\"CO5\":0,\"CO6\":0,\"validate_marks\":true}','::1','2026-05-15 18:35:44'),(56,3101,'UPDATE','MarksByCO','','{\"id\":9,\"offering_id\":10,\"course_id\":10,\"name\":\"Test-1\",\"full_marks\":10,\"pass_marks\":3,\"test_type\":null,\"test_date\":null,\"max_marks\":null,\"weightage\":null,\"question_paper_filename\":null,\"has_question_paper_pdf\":false}','{\"test_id\":9,\"student_id\":\"CSB23056\",\"CO1\":0,\"CO2\":1,\"CO3\":2,\"CO4\":0,\"CO5\":0,\"CO6\":0,\"validate_marks\":true}','::1','2026-05-15 18:35:44'),(57,3101,'UPDATE','MarksByCO','','{\"id\":9,\"offering_id\":10,\"course_id\":10,\"name\":\"Test-1\",\"full_marks\":10,\"pass_marks\":3,\"test_type\":null,\"test_date\":null,\"max_marks\":null,\"weightage\":null,\"question_paper_filename\":null,\"has_question_paper_pdf\":false}','{\"test_id\":9,\"student_id\":\"CSB23057\",\"CO1\":0,\"CO2\":0,\"CO3\":2,\"CO4\":1,\"CO5\":0,\"CO6\":0,\"validate_marks\":true}','::1','2026-05-15 18:35:44'),(58,3101,'UPDATE','MarksByCO','','{\"id\":9,\"offering_id\":10,\"course_id\":10,\"name\":\"Test-1\",\"full_marks\":10,\"pass_marks\":3,\"test_type\":null,\"test_date\":null,\"max_marks\":null,\"weightage\":null,\"question_paper_filename\":null,\"has_question_paper_pdf\":false}','{\"test_id\":9,\"student_id\":\"CSB23059\",\"CO1\":0,\"CO2\":1,\"CO3\":1,\"CO4\":0,\"CO5\":0,\"CO6\":0,\"validate_marks\":true}','::1','2026-05-15 18:35:44'),(59,3101,'UPDATE','MarksByCO','','{\"id\":9,\"offering_id\":10,\"course_id\":10,\"name\":\"Test-1\",\"full_marks\":10,\"pass_marks\":3,\"test_type\":null,\"test_date\":null,\"max_marks\":null,\"weightage\":null,\"question_paper_filename\":null,\"has_question_paper_pdf\":false}','{\"test_id\":9,\"student_id\":\"CSB23060\",\"CO1\":0,\"CO2\":2,\"CO3\":2,\"CO4\":0,\"CO5\":0,\"CO6\":0,\"validate_marks\":true}','::1','2026-05-15 18:35:44'),(60,3101,'UPDATE','MarksByCO','','{\"id\":9,\"offering_id\":10,\"course_id\":10,\"name\":\"Test-1\",\"full_marks\":10,\"pass_marks\":3,\"test_type\":null,\"test_date\":null,\"max_marks\":null,\"weightage\":null,\"question_paper_filename\":null,\"has_question_paper_pdf\":false}','{\"test_id\":9,\"student_id\":\"CSB23061\",\"CO1\":0,\"CO2\":0,\"CO3\":2,\"CO4\":0,\"CO5\":0,\"CO6\":0,\"validate_marks\":true}','::1','2026-05-15 18:35:44'),(61,3101,'UPDATE','MarksByCO','','{\"id\":9,\"offering_id\":10,\"course_id\":10,\"name\":\"Test-1\",\"full_marks\":10,\"pass_marks\":3,\"test_type\":null,\"test_date\":null,\"max_marks\":null,\"weightage\":null,\"question_paper_filename\":null,\"has_question_paper_pdf\":false}','{\"test_id\":9,\"student_id\":\"CSB23062\",\"CO1\":0,\"CO2\":1,\"CO3\":0,\"CO4\":1,\"CO5\":0,\"CO6\":0,\"validate_marks\":true}','::1','2026-05-15 18:35:44'),(62,3101,'UPDATE','MarksByCO','','{\"id\":9,\"offering_id\":10,\"course_id\":10,\"name\":\"Test-1\",\"full_marks\":10,\"pass_marks\":3,\"test_type\":null,\"test_date\":null,\"max_marks\":null,\"weightage\":null,\"question_paper_filename\":null,\"has_question_paper_pdf\":false}','{\"test_id\":9,\"student_id\":\"CSB23063\",\"CO1\":0,\"CO2\":1,\"CO3\":1,\"CO4\":1,\"CO5\":0,\"CO6\":0,\"validate_marks\":true}','::1','2026-05-15 18:35:44'),(63,3101,'UPDATE','MarksByCO','','{\"id\":9,\"offering_id\":10,\"course_id\":10,\"name\":\"Test-1\",\"full_marks\":10,\"pass_marks\":3,\"test_type\":null,\"test_date\":null,\"max_marks\":null,\"weightage\":null,\"question_paper_filename\":null,\"has_question_paper_pdf\":false}','{\"test_id\":9,\"student_id\":\"CSB23064\",\"CO1\":0,\"CO2\":2,\"CO3\":1,\"CO4\":0,\"CO5\":0,\"CO6\":0,\"validate_marks\":true}','::1','2026-05-15 18:35:44'),(64,3101,'UPDATE','MarksByCO','','{\"id\":9,\"offering_id\":10,\"course_id\":10,\"name\":\"Test-1\",\"full_marks\":10,\"pass_marks\":3,\"test_type\":null,\"test_date\":null,\"max_marks\":null,\"weightage\":null,\"question_paper_filename\":null,\"has_question_paper_pdf\":false}','{\"test_id\":9,\"student_id\":\"CSB23065\",\"CO1\":0,\"CO2\":0,\"CO3\":1,\"CO4\":1,\"CO5\":0,\"CO6\":0,\"validate_marks\":true}','::1','2026-05-15 18:35:44'),(65,3101,'UPDATE','MarksByCO','','{\"id\":9,\"offering_id\":10,\"course_id\":10,\"name\":\"Test-1\",\"full_marks\":10,\"pass_marks\":3,\"test_type\":null,\"test_date\":null,\"max_marks\":null,\"weightage\":null,\"question_paper_filename\":null,\"has_question_paper_pdf\":false}','{\"test_id\":9,\"student_id\":\"CSB23066\",\"CO1\":0,\"CO2\":1,\"CO3\":3,\"CO4\":0,\"CO5\":0,\"CO6\":0,\"validate_marks\":true}','::1','2026-05-15 18:35:44'),(66,3101,'UPDATE','MarksByCO','','{\"id\":9,\"offering_id\":10,\"course_id\":10,\"name\":\"Test-1\",\"full_marks\":10,\"pass_marks\":3,\"test_type\":null,\"test_date\":null,\"max_marks\":null,\"weightage\":null,\"question_paper_filename\":null,\"has_question_paper_pdf\":false}','{\"test_id\":9,\"student_id\":\"CSB23067\",\"CO1\":0,\"CO2\":0,\"CO3\":0,\"CO4\":1,\"CO5\":0,\"CO6\":0,\"validate_marks\":true}','::1','2026-05-15 18:35:44'),(67,3101,'UPDATE','MarksByCO','','{\"id\":9,\"offering_id\":10,\"course_id\":10,\"name\":\"Test-1\",\"full_marks\":10,\"pass_marks\":3,\"test_type\":null,\"test_date\":null,\"max_marks\":null,\"weightage\":null,\"question_paper_filename\":null,\"has_question_paper_pdf\":false}','{\"test_id\":9,\"student_id\":\"CSB23068\",\"CO1\":0,\"CO2\":0,\"CO3\":1,\"CO4\":0,\"CO5\":0,\"CO6\":0,\"validate_marks\":true}','::1','2026-05-15 18:35:44'),(68,3101,'UPDATE','MarksByCO','','{\"id\":9,\"offering_id\":10,\"course_id\":10,\"name\":\"Test-1\",\"full_marks\":10,\"pass_marks\":3,\"test_type\":null,\"test_date\":null,\"max_marks\":null,\"weightage\":null,\"question_paper_filename\":null,\"has_question_paper_pdf\":false}','{\"test_id\":9,\"student_id\":\"CSB23069\",\"CO1\":0,\"CO2\":1,\"CO3\":1,\"CO4\":1,\"CO5\":0,\"CO6\":0,\"validate_marks\":true}','::1','2026-05-15 18:35:44'),(69,3101,'UPDATE','MarksByCO','','{\"id\":9,\"offering_id\":10,\"course_id\":10,\"name\":\"Test-1\",\"full_marks\":10,\"pass_marks\":3,\"test_type\":null,\"test_date\":null,\"max_marks\":null,\"weightage\":null,\"question_paper_filename\":null,\"has_question_paper_pdf\":false}','{\"test_id\":9,\"student_id\":\"CSB23070\",\"CO1\":0,\"CO2\":1,\"CO3\":0,\"CO4\":0,\"CO5\":0,\"CO6\":0,\"validate_marks\":true}','::1','2026-05-15 18:35:44'),(70,3101,'UPDATE','MarksByCO','','{\"id\":9,\"offering_id\":10,\"course_id\":10,\"name\":\"Test-1\",\"full_marks\":10,\"pass_marks\":3,\"test_type\":null,\"test_date\":null,\"max_marks\":null,\"weightage\":null,\"question_paper_filename\":null,\"has_question_paper_pdf\":false}','{\"test_id\":9,\"student_id\":\"CSB23071\",\"CO1\":0,\"CO2\":1,\"CO3\":1,\"CO4\":0,\"CO5\":0,\"CO6\":0,\"validate_marks\":true}','::1','2026-05-15 18:35:44'),(71,3101,'UPDATE','MarksByCO','','{\"id\":9,\"offering_id\":10,\"course_id\":10,\"name\":\"Test-1\",\"full_marks\":10,\"pass_marks\":3,\"test_type\":null,\"test_date\":null,\"max_marks\":null,\"weightage\":null,\"question_paper_filename\":null,\"has_question_paper_pdf\":false}','{\"test_id\":9,\"student_id\":\"CSB23072\",\"CO1\":0,\"CO2\":0,\"CO3\":2,\"CO4\":0,\"CO5\":0,\"CO6\":0,\"validate_marks\":true}','::1','2026-05-15 18:35:44'),(72,3101,'UPDATE','MarksByCO','','{\"id\":9,\"offering_id\":10,\"course_id\":10,\"name\":\"Test-1\",\"full_marks\":10,\"pass_marks\":3,\"test_type\":null,\"test_date\":null,\"max_marks\":null,\"weightage\":null,\"question_paper_filename\":null,\"has_question_paper_pdf\":false}','{\"test_id\":9,\"student_id\":\"CSB23073\",\"CO1\":0,\"CO2\":0,\"CO3\":1,\"CO4\":0,\"CO5\":0,\"CO6\":0,\"validate_marks\":true}','::1','2026-05-15 18:35:45'),(73,3101,'UPDATE','MarksByCO','','{\"id\":9,\"offering_id\":10,\"course_id\":10,\"name\":\"Test-1\",\"full_marks\":10,\"pass_marks\":3,\"test_type\":null,\"test_date\":null,\"max_marks\":null,\"weightage\":null,\"question_paper_filename\":null,\"has_question_paper_pdf\":false}','{\"test_id\":9,\"student_id\":\"CSB23074\",\"CO1\":0,\"CO2\":1,\"CO3\":1,\"CO4\":0,\"CO5\":0,\"CO6\":0,\"validate_marks\":true}','::1','2026-05-15 18:35:45'),(74,3101,'UPDATE','MarksByCO','','{\"id\":9,\"offering_id\":10,\"course_id\":10,\"name\":\"Test-1\",\"full_marks\":10,\"pass_marks\":3,\"test_type\":null,\"test_date\":null,\"max_marks\":null,\"weightage\":null,\"question_paper_filename\":null,\"has_question_paper_pdf\":false}','{\"test_id\":9,\"student_id\":\"CSB23075\",\"CO1\":0,\"CO2\":1,\"CO3\":1,\"CO4\":1,\"CO5\":0,\"CO6\":0,\"validate_marks\":true}','::1','2026-05-15 18:35:45'),(75,3101,'UPDATE','MarksByCO','','{\"id\":9,\"offering_id\":10,\"course_id\":10,\"name\":\"Test-1\",\"full_marks\":10,\"pass_marks\":3,\"test_type\":null,\"test_date\":null,\"max_marks\":null,\"weightage\":null,\"question_paper_filename\":null,\"has_question_paper_pdf\":false}','{\"test_id\":9,\"student_id\":\"CSB23076\",\"CO1\":0,\"CO2\":0,\"CO3\":2,\"CO4\":1,\"CO5\":0,\"CO6\":0,\"validate_marks\":true}','::1','2026-05-15 18:35:45'),(76,3101,'UPDATE','MarksByCO','','{\"id\":9,\"offering_id\":10,\"course_id\":10,\"name\":\"Test-1\",\"full_marks\":10,\"pass_marks\":3,\"test_type\":null,\"test_date\":null,\"max_marks\":null,\"weightage\":null,\"question_paper_filename\":null,\"has_question_paper_pdf\":false}','{\"test_id\":9,\"student_id\":\"CSB23078\",\"CO1\":0,\"CO2\":1,\"CO3\":0,\"CO4\":1,\"CO5\":0,\"CO6\":0,\"validate_marks\":true}','::1','2026-05-15 18:35:45'),(77,3101,'UPDATE','MarksByCO','','{\"id\":9,\"offering_id\":10,\"course_id\":10,\"name\":\"Test-1\",\"full_marks\":10,\"pass_marks\":3,\"test_type\":null,\"test_date\":null,\"max_marks\":null,\"weightage\":null,\"question_paper_filename\":null,\"has_question_paper_pdf\":false}','{\"test_id\":9,\"student_id\":\"CSB23079\",\"CO1\":0,\"CO2\":2,\"CO3\":4,\"CO4\":2,\"CO5\":0,\"CO6\":0,\"validate_marks\":true}','::1','2026-05-15 18:35:45'),(78,3101,'UPDATE','MarksByCO','','{\"id\":9,\"offering_id\":10,\"course_id\":10,\"name\":\"Test-1\",\"full_marks\":10,\"pass_marks\":3,\"test_type\":null,\"test_date\":null,\"max_marks\":null,\"weightage\":null,\"question_paper_filename\":null,\"has_question_paper_pdf\":false}','{\"test_id\":9,\"student_id\":\"CSB23080\",\"CO1\":0,\"CO2\":2,\"CO3\":2,\"CO4\":2,\"CO5\":0,\"CO6\":0,\"validate_marks\":true}','::1','2026-05-15 18:35:45'),(79,3101,'UPDATE','MarksByCO','','{\"id\":9,\"offering_id\":10,\"course_id\":10,\"name\":\"Test-1\",\"full_marks\":10,\"pass_marks\":3,\"test_type\":null,\"test_date\":null,\"max_marks\":null,\"weightage\":null,\"question_paper_filename\":null,\"has_question_paper_pdf\":false}','{\"test_id\":9,\"student_id\":\"CSB23081\",\"CO1\":0,\"CO2\":1,\"CO3\":2,\"CO4\":1,\"CO5\":0,\"CO6\":0,\"validate_marks\":true}','::1','2026-05-15 18:35:45'),(80,3101,'UPDATE','MarksByCO','','{\"id\":9,\"offering_id\":10,\"course_id\":10,\"name\":\"Test-1\",\"full_marks\":10,\"pass_marks\":3,\"test_type\":null,\"test_date\":null,\"max_marks\":null,\"weightage\":null,\"question_paper_filename\":null,\"has_question_paper_pdf\":false}','{\"test_id\":9,\"student_id\":\"CSB24201\",\"CO1\":0,\"CO2\":2,\"CO3\":2,\"CO4\":1,\"CO5\":0,\"CO6\":0,\"validate_marks\":true}','::1','2026-05-15 18:35:45'),(81,3101,'UPDATE','MarksByCO','','{\"id\":9,\"offering_id\":10,\"course_id\":10,\"name\":\"Test-1\",\"full_marks\":10,\"pass_marks\":3,\"test_type\":null,\"test_date\":null,\"max_marks\":null,\"weightage\":null,\"question_paper_filename\":null,\"has_question_paper_pdf\":false}','{\"test_id\":9,\"student_id\":\"CSB24202\",\"CO1\":0,\"CO2\":1,\"CO3\":0,\"CO4\":0,\"CO5\":0,\"CO6\":0,\"validate_marks\":true}','::1','2026-05-15 18:35:45'),(82,3101,'UPDATE','MarksByCO','','{\"id\":9,\"offering_id\":10,\"course_id\":10,\"name\":\"Test-1\",\"full_marks\":10,\"pass_marks\":3,\"test_type\":null,\"test_date\":null,\"max_marks\":null,\"weightage\":null,\"question_paper_filename\":null,\"has_question_paper_pdf\":false}','{\"test_id\":9,\"student_id\":\"CSB24203\",\"CO1\":0,\"CO2\":1,\"CO3\":1,\"CO4\":1,\"CO5\":0,\"CO6\":0,\"validate_marks\":true}','::1','2026-05-15 18:35:45'),(83,3101,'UPDATE','MarksByCO','','{\"id\":9,\"offering_id\":10,\"course_id\":10,\"name\":\"Test-1\",\"full_marks\":10,\"pass_marks\":3,\"test_type\":null,\"test_date\":null,\"max_marks\":null,\"weightage\":null,\"question_paper_filename\":null,\"has_question_paper_pdf\":false}','{\"test_id\":9,\"student_id\":\"CSB24204\",\"CO1\":0,\"CO2\":1,\"CO3\":3,\"CO4\":0,\"CO5\":0,\"CO6\":0,\"validate_marks\":true}','::1','2026-05-15 18:35:45'),(84,3101,'UPDATE','MarksByCO','','{\"id\":9,\"offering_id\":10,\"course_id\":10,\"name\":\"Test-1\",\"full_marks\":10,\"pass_marks\":3,\"test_type\":null,\"test_date\":null,\"max_marks\":null,\"weightage\":null,\"question_paper_filename\":null,\"has_question_paper_pdf\":false}','{\"test_id\":9,\"student_id\":\"CSB24205\",\"CO1\":0,\"CO2\":0,\"CO3\":0,\"CO4\":1,\"CO5\":0,\"CO6\":0,\"validate_marks\":true}','::1','2026-05-15 18:35:45'),(85,3101,'CREATE','Assessment','',NULL,'{\"offering_id\":10,\"name\":\"Mid-Term\",\"full_marks\":20,\"pass_marks\":7,\"questions\":[{\"question_number\":1,\"sub_question\":\"\",\"is_optional\":false,\"co\":1,\"max_marks\":4},{\"question_number\":2,\"sub_question\":\"\",\"is_optional\":false,\"co\":2,\"max_marks\":3},{\"question_number\":3,\"sub_question\":\"\",\"is_optional\":false,\"co\":3,\"max_marks\":6},{\"question_number\":4,\"sub_question\":\"\",\"is_optional\":false,\"co\":4,\"max_marks\":4},{\"question_number\":5,\"sub_question\":\"\",\"is_optional\":false,\"co\":5,\"max_marks\":3}]}','::1','2026-05-15 18:39:07'),(86,3101,'UPDATE','MarksByCO','','{\"id\":10,\"offering_id\":10,\"course_id\":10,\"name\":\"Mid-Term\",\"full_marks\":20,\"pass_marks\":7,\"test_type\":null,\"test_date\":null,\"max_marks\":null,\"weightage\":null,\"question_paper_filename\":null,\"has_question_paper_pdf\":false}','{\"test_id\":10,\"student_id\":\"CSB21013\",\"CO1\":0,\"CO2\":0,\"CO3\":0,\"CO4\":4,\"CO5\":0,\"CO6\":0,\"validate_marks\":true}','::1','2026-05-15 18:39:21'),(87,3101,'UPDATE','MarksByCO','','{\"id\":10,\"offering_id\":10,\"course_id\":10,\"name\":\"Mid-Term\",\"full_marks\":20,\"pass_marks\":7,\"test_type\":null,\"test_date\":null,\"max_marks\":null,\"weightage\":null,\"question_paper_filename\":null,\"has_question_paper_pdf\":false}','{\"test_id\":10,\"student_id\":\"CSB21034\",\"CO1\":2,\"CO2\":0,\"CO3\":0,\"CO4\":0,\"CO5\":0,\"CO6\":0,\"validate_marks\":true}','::1','2026-05-15 18:39:22'),(88,3101,'UPDATE','MarksByCO','','{\"id\":10,\"offering_id\":10,\"course_id\":10,\"name\":\"Mid-Term\",\"full_marks\":20,\"pass_marks\":7,\"test_type\":null,\"test_date\":null,\"max_marks\":null,\"weightage\":null,\"question_paper_filename\":null,\"has_question_paper_pdf\":false}','{\"test_id\":10,\"student_id\":\"CSB22031\",\"CO1\":4,\"CO2\":0,\"CO3\":0,\"CO4\":0,\"CO5\":0,\"CO6\":0,\"validate_marks\":true}','::1','2026-05-15 18:39:22'),(89,3101,'UPDATE','MarksByCO','','{\"id\":10,\"offering_id\":10,\"course_id\":10,\"name\":\"Mid-Term\",\"full_marks\":20,\"pass_marks\":7,\"test_type\":null,\"test_date\":null,\"max_marks\":null,\"weightage\":null,\"question_paper_filename\":null,\"has_question_paper_pdf\":false}','{\"test_id\":10,\"student_id\":\"CSB22039\",\"CO1\":0,\"CO2\":3,\"CO3\":0,\"CO4\":2,\"CO5\":0,\"CO6\":0,\"validate_marks\":true}','::1','2026-05-15 18:39:22'),(90,3101,'UPDATE','MarksByCO','','{\"id\":10,\"offering_id\":10,\"course_id\":10,\"name\":\"Mid-Term\",\"full_marks\":20,\"pass_marks\":7,\"test_type\":null,\"test_date\":null,\"max_marks\":null,\"weightage\":null,\"question_paper_filename\":null,\"has_question_paper_pdf\":false}','{\"test_id\":10,\"student_id\":\"CSB22040\",\"CO1\":0,\"CO2\":0,\"CO3\":5,\"CO4\":0,\"CO5\":0,\"CO6\":0,\"validate_marks\":true}','::1','2026-05-15 18:39:22'),(91,3101,'UPDATE','MarksByCO','','{\"id\":10,\"offering_id\":10,\"course_id\":10,\"name\":\"Mid-Term\",\"full_marks\":20,\"pass_marks\":7,\"test_type\":null,\"test_date\":null,\"max_marks\":null,\"weightage\":null,\"question_paper_filename\":null,\"has_question_paper_pdf\":false}','{\"test_id\":10,\"student_id\":\"CSB22042\",\"CO1\":0,\"CO2\":0,\"CO3\":6,\"CO4\":2,\"CO5\":0,\"CO6\":0,\"validate_marks\":true}','::1','2026-05-15 18:39:22'),(92,3101,'UPDATE','MarksByCO','','{\"id\":10,\"offering_id\":10,\"course_id\":10,\"name\":\"Mid-Term\",\"full_marks\":20,\"pass_marks\":7,\"test_type\":null,\"test_date\":null,\"max_marks\":null,\"weightage\":null,\"question_paper_filename\":null,\"has_question_paper_pdf\":false}','{\"test_id\":10,\"student_id\":\"CSB22045\",\"CO1\":2,\"CO2\":3,\"CO3\":0,\"CO4\":0,\"CO5\":3,\"CO6\":0,\"validate_marks\":true}','::1','2026-05-15 18:39:22'),(93,3101,'UPDATE','MarksByCO','','{\"id\":10,\"offering_id\":10,\"course_id\":10,\"name\":\"Mid-Term\",\"full_marks\":20,\"pass_marks\":7,\"test_type\":null,\"test_date\":null,\"max_marks\":null,\"weightage\":null,\"question_paper_filename\":null,\"has_question_paper_pdf\":false}','{\"test_id\":10,\"student_id\":\"CSB22049\",\"CO1\":0,\"CO2\":0,\"CO3\":6,\"CO4\":2,\"CO5\":2,\"CO6\":0,\"validate_marks\":true}','::1','2026-05-15 18:39:22'),(94,3101,'UPDATE','MarksByCO','','{\"id\":10,\"offering_id\":10,\"course_id\":10,\"name\":\"Mid-Term\",\"full_marks\":20,\"pass_marks\":7,\"test_type\":null,\"test_date\":null,\"max_marks\":null,\"weightage\":null,\"question_paper_filename\":null,\"has_question_paper_pdf\":false}','{\"test_id\":10,\"student_id\":\"CSB22051\",\"CO1\":2,\"CO2\":0,\"CO3\":0,\"CO4\":0,\"CO5\":3,\"CO6\":0,\"validate_marks\":true}','::1','2026-05-15 18:39:22'),(95,3101,'UPDATE','MarksByCO','','{\"id\":10,\"offering_id\":10,\"course_id\":10,\"name\":\"Mid-Term\",\"full_marks\":20,\"pass_marks\":7,\"test_type\":null,\"test_date\":null,\"max_marks\":null,\"weightage\":null,\"question_paper_filename\":null,\"has_question_paper_pdf\":false}','{\"test_id\":10,\"student_id\":\"CSB22066\",\"CO1\":3,\"CO2\":3,\"CO3\":0,\"CO4\":4,\"CO5\":0,\"CO6\":0,\"validate_marks\":true}','::1','2026-05-15 18:39:22'),(96,3101,'UPDATE','MarksByCO','','{\"id\":10,\"offering_id\":10,\"course_id\":10,\"name\":\"Mid-Term\",\"full_marks\":20,\"pass_marks\":7,\"test_type\":null,\"test_date\":null,\"max_marks\":null,\"weightage\":null,\"question_paper_filename\":null,\"has_question_paper_pdf\":false}','{\"test_id\":10,\"student_id\":\"CSB22080\",\"CO1\":4,\"CO2\":3,\"CO3\":0,\"CO4\":4,\"CO5\":0,\"CO6\":0,\"validate_marks\":true}','::1','2026-05-15 18:39:22'),(97,3101,'UPDATE','MarksByCO','','{\"id\":10,\"offering_id\":10,\"course_id\":10,\"name\":\"Mid-Term\",\"full_marks\":20,\"pass_marks\":7,\"test_type\":null,\"test_date\":null,\"max_marks\":null,\"weightage\":null,\"question_paper_filename\":null,\"has_question_paper_pdf\":false}','{\"test_id\":10,\"student_id\":\"CSB23001\",\"CO1\":4,\"CO2\":0,\"CO3\":0,\"CO4\":0,\"CO5\":3,\"CO6\":0,\"validate_marks\":true}','::1','2026-05-15 18:39:22'),(98,3101,'UPDATE','MarksByCO','','{\"id\":10,\"offering_id\":10,\"course_id\":10,\"name\":\"Mid-Term\",\"full_marks\":20,\"pass_marks\":7,\"test_type\":null,\"test_date\":null,\"max_marks\":null,\"weightage\":null,\"question_paper_filename\":null,\"has_question_paper_pdf\":false}','{\"test_id\":10,\"student_id\":\"CSB23003\",\"CO1\":4,\"CO2\":0,\"CO3\":0,\"CO4\":0,\"CO5\":3,\"CO6\":0,\"validate_marks\":true}','::1','2026-05-15 18:39:22'),(99,3101,'UPDATE','MarksByCO','','{\"id\":10,\"offering_id\":10,\"course_id\":10,\"name\":\"Mid-Term\",\"full_marks\":20,\"pass_marks\":7,\"test_type\":null,\"test_date\":null,\"max_marks\":null,\"weightage\":null,\"question_paper_filename\":null,\"has_question_paper_pdf\":false}','{\"test_id\":10,\"student_id\":\"CSB23004\",\"CO1\":4,\"CO2\":3,\"CO3\":6,\"CO4\":1,\"CO5\":2,\"CO6\":0,\"validate_marks\":true}','::1','2026-05-15 18:39:22'),(100,3101,'UPDATE','MarksByCO','','{\"id\":10,\"offering_id\":10,\"course_id\":10,\"name\":\"Mid-Term\",\"full_marks\":20,\"pass_marks\":7,\"test_type\":null,\"test_date\":null,\"max_marks\":null,\"weightage\":null,\"question_paper_filename\":null,\"has_question_paper_pdf\":false}','{\"test_id\":10,\"student_id\":\"CSB23005\",\"CO1\":1,\"CO2\":3,\"CO3\":0,\"CO4\":4,\"CO5\":0,\"CO6\":0,\"validate_marks\":true}','::1','2026-05-15 18:39:22'),(101,3101,'UPDATE','MarksByCO','','{\"id\":10,\"offering_id\":10,\"course_id\":10,\"name\":\"Mid-Term\",\"full_marks\":20,\"pass_marks\":7,\"test_type\":null,\"test_date\":null,\"max_marks\":null,\"weightage\":null,\"question_paper_filename\":null,\"has_question_paper_pdf\":false}','{\"test_id\":10,\"student_id\":\"CSB23010\",\"CO1\":4,\"CO2\":3,\"CO3\":2,\"CO4\":4,\"CO5\":3,\"CO6\":0,\"validate_marks\":true}','::1','2026-05-15 18:39:22'),(102,3101,'UPDATE','MarksByCO','','{\"id\":10,\"offering_id\":10,\"course_id\":10,\"name\":\"Mid-Term\",\"full_marks\":20,\"pass_marks\":7,\"test_type\":null,\"test_date\":null,\"max_marks\":null,\"weightage\":null,\"question_paper_filename\":null,\"has_question_paper_pdf\":false}','{\"test_id\":10,\"student_id\":\"CSB23012\",\"CO1\":4,\"CO2\":3,\"CO3\":6,\"CO4\":4,\"CO5\":2,\"CO6\":0,\"validate_marks\":true}','::1','2026-05-15 18:39:22'),(103,3101,'UPDATE','MarksByCO','','{\"id\":10,\"offering_id\":10,\"course_id\":10,\"name\":\"Mid-Term\",\"full_marks\":20,\"pass_marks\":7,\"test_type\":null,\"test_date\":null,\"max_marks\":null,\"weightage\":null,\"question_paper_filename\":null,\"has_question_paper_pdf\":false}','{\"test_id\":10,\"student_id\":\"CSB23016\",\"CO1\":4,\"CO2\":0,\"CO3\":2,\"CO4\":4,\"CO5\":2,\"CO6\":0,\"validate_marks\":true}','::1','2026-05-15 18:39:22'),(104,3101,'UPDATE','MarksByCO','','{\"id\":10,\"offering_id\":10,\"course_id\":10,\"name\":\"Mid-Term\",\"full_marks\":20,\"pass_marks\":7,\"test_type\":null,\"test_date\":null,\"max_marks\":null,\"weightage\":null,\"question_paper_filename\":null,\"has_question_paper_pdf\":false}','{\"test_id\":10,\"student_id\":\"CSB23017\",\"CO1\":4,\"CO2\":3,\"CO3\":2,\"CO4\":2,\"CO5\":1,\"CO6\":0,\"validate_marks\":true}','::1','2026-05-15 18:39:22'),(105,3101,'UPDATE','MarksByCO','','{\"id\":10,\"offering_id\":10,\"course_id\":10,\"name\":\"Mid-Term\",\"full_marks\":20,\"pass_marks\":7,\"test_type\":null,\"test_date\":null,\"max_marks\":null,\"weightage\":null,\"question_paper_filename\":null,\"has_question_paper_pdf\":false}','{\"test_id\":10,\"student_id\":\"CSB23018\",\"CO1\":1,\"CO2\":3,\"CO3\":0,\"CO4\":0,\"CO5\":3,\"CO6\":0,\"validate_marks\":true}','::1','2026-05-15 18:39:22'),(106,3101,'UPDATE','MarksByCO','','{\"id\":10,\"offering_id\":10,\"course_id\":10,\"name\":\"Mid-Term\",\"full_marks\":20,\"pass_marks\":7,\"test_type\":null,\"test_date\":null,\"max_marks\":null,\"weightage\":null,\"question_paper_filename\":null,\"has_question_paper_pdf\":false}','{\"test_id\":10,\"student_id\":\"CSB23019\",\"CO1\":4,\"CO2\":3,\"CO3\":2,\"CO4\":4,\"CO5\":3,\"CO6\":0,\"validate_marks\":true}','::1','2026-05-15 18:39:22'),(107,3101,'UPDATE','MarksByCO','','{\"id\":10,\"offering_id\":10,\"course_id\":10,\"name\":\"Mid-Term\",\"full_marks\":20,\"pass_marks\":7,\"test_type\":null,\"test_date\":null,\"max_marks\":null,\"weightage\":null,\"question_paper_filename\":null,\"has_question_paper_pdf\":false}','{\"test_id\":10,\"student_id\":\"CSB23023\",\"CO1\":4,\"CO2\":2,\"CO3\":6,\"CO4\":2,\"CO5\":0,\"CO6\":0,\"validate_marks\":true}','::1','2026-05-15 18:39:22'),(108,3101,'UPDATE','MarksByCO','','{\"id\":10,\"offering_id\":10,\"course_id\":10,\"name\":\"Mid-Term\",\"full_marks\":20,\"pass_marks\":7,\"test_type\":null,\"test_date\":null,\"max_marks\":null,\"weightage\":null,\"question_paper_filename\":null,\"has_question_paper_pdf\":false}','{\"test_id\":10,\"student_id\":\"CSB23024\",\"CO1\":2,\"CO2\":0,\"CO3\":0,\"CO4\":0,\"CO5\":0,\"CO6\":0,\"validate_marks\":true}','::1','2026-05-15 18:39:23'),(109,3101,'UPDATE','MarksByCO','','{\"id\":10,\"offering_id\":10,\"course_id\":10,\"name\":\"Mid-Term\",\"full_marks\":20,\"pass_marks\":7,\"test_type\":null,\"test_date\":null,\"max_marks\":null,\"weightage\":null,\"question_paper_filename\":null,\"has_question_paper_pdf\":false}','{\"test_id\":10,\"student_id\":\"CSB23025\",\"CO1\":2,\"CO2\":0,\"CO3\":0,\"CO4\":0,\"CO5\":2,\"CO6\":0,\"validate_marks\":true}','::1','2026-05-15 18:39:23'),(110,3101,'UPDATE','MarksByCO','','{\"id\":10,\"offering_id\":10,\"course_id\":10,\"name\":\"Mid-Term\",\"full_marks\":20,\"pass_marks\":7,\"test_type\":null,\"test_date\":null,\"max_marks\":null,\"weightage\":null,\"question_paper_filename\":null,\"has_question_paper_pdf\":false}','{\"test_id\":10,\"student_id\":\"CSB23026\",\"CO1\":0,\"CO2\":3,\"CO3\":1,\"CO4\":0,\"CO5\":3,\"CO6\":0,\"validate_marks\":true}','::1','2026-05-15 18:39:23'),(111,3101,'UPDATE','MarksByCO','','{\"id\":10,\"offering_id\":10,\"course_id\":10,\"name\":\"Mid-Term\",\"full_marks\":20,\"pass_marks\":7,\"test_type\":null,\"test_date\":null,\"max_marks\":null,\"weightage\":null,\"question_paper_filename\":null,\"has_question_paper_pdf\":false}','{\"test_id\":10,\"student_id\":\"CSB23027\",\"CO1\":0,\"CO2\":0,\"CO3\":3,\"CO4\":0,\"CO5\":3,\"CO6\":0,\"validate_marks\":true}','::1','2026-05-15 18:39:23'),(112,3101,'UPDATE','MarksByCO','','{\"id\":10,\"offering_id\":10,\"course_id\":10,\"name\":\"Mid-Term\",\"full_marks\":20,\"pass_marks\":7,\"test_type\":null,\"test_date\":null,\"max_marks\":null,\"weightage\":null,\"question_paper_filename\":null,\"has_question_paper_pdf\":false}','{\"test_id\":10,\"student_id\":\"CSB23028\",\"CO1\":4,\"CO2\":2,\"CO3\":0,\"CO4\":0,\"CO5\":0,\"CO6\":0,\"validate_marks\":true}','::1','2026-05-15 18:39:23'),(113,3101,'UPDATE','MarksByCO','','{\"id\":10,\"offering_id\":10,\"course_id\":10,\"name\":\"Mid-Term\",\"full_marks\":20,\"pass_marks\":7,\"test_type\":null,\"test_date\":null,\"max_marks\":null,\"weightage\":null,\"question_paper_filename\":null,\"has_question_paper_pdf\":false}','{\"test_id\":10,\"student_id\":\"CSB23029\",\"CO1\":0,\"CO2\":0,\"CO3\":4,\"CO4\":0,\"CO5\":3,\"CO6\":0,\"validate_marks\":true}','::1','2026-05-15 18:39:23'),(114,3101,'UPDATE','MarksByCO','','{\"id\":10,\"offering_id\":10,\"course_id\":10,\"name\":\"Mid-Term\",\"full_marks\":20,\"pass_marks\":7,\"test_type\":null,\"test_date\":null,\"max_marks\":null,\"weightage\":null,\"question_paper_filename\":null,\"has_question_paper_pdf\":false}','{\"test_id\":10,\"student_id\":\"CSB23031\",\"CO1\":3,\"CO2\":0,\"CO3\":0,\"CO4\":0,\"CO5\":0,\"CO6\":0,\"validate_marks\":true}','::1','2026-05-15 18:39:23'),(115,3101,'UPDATE','MarksByCO','','{\"id\":10,\"offering_id\":10,\"course_id\":10,\"name\":\"Mid-Term\",\"full_marks\":20,\"pass_marks\":7,\"test_type\":null,\"test_date\":null,\"max_marks\":null,\"weightage\":null,\"question_paper_filename\":null,\"has_question_paper_pdf\":false}','{\"test_id\":10,\"student_id\":\"CSB23032\",\"CO1\":4,\"CO2\":1,\"CO3\":5,\"CO4\":0,\"CO5\":3,\"CO6\":0,\"validate_marks\":true}','::1','2026-05-15 18:39:23'),(116,3101,'UPDATE','MarksByCO','','{\"id\":10,\"offering_id\":10,\"course_id\":10,\"name\":\"Mid-Term\",\"full_marks\":20,\"pass_marks\":7,\"test_type\":null,\"test_date\":null,\"max_marks\":null,\"weightage\":null,\"question_paper_filename\":null,\"has_question_paper_pdf\":false}','{\"test_id\":10,\"student_id\":\"CSB23033\",\"CO1\":3,\"CO2\":0,\"CO3\":1,\"CO4\":0,\"CO5\":3,\"CO6\":0,\"validate_marks\":true}','::1','2026-05-15 18:39:23'),(117,3101,'UPDATE','MarksByCO','','{\"id\":10,\"offering_id\":10,\"course_id\":10,\"name\":\"Mid-Term\",\"full_marks\":20,\"pass_marks\":7,\"test_type\":null,\"test_date\":null,\"max_marks\":null,\"weightage\":null,\"question_paper_filename\":null,\"has_question_paper_pdf\":false}','{\"test_id\":10,\"student_id\":\"CSB23034\",\"CO1\":2,\"CO2\":3,\"CO3\":3,\"CO4\":2,\"CO5\":2,\"CO6\":0,\"validate_marks\":true}','::1','2026-05-15 18:39:23'),(118,3101,'UPDATE','MarksByCO','','{\"id\":10,\"offering_id\":10,\"course_id\":10,\"name\":\"Mid-Term\",\"full_marks\":20,\"pass_marks\":7,\"test_type\":null,\"test_date\":null,\"max_marks\":null,\"weightage\":null,\"question_paper_filename\":null,\"has_question_paper_pdf\":false}','{\"test_id\":10,\"student_id\":\"CSB23035\",\"CO1\":4,\"CO2\":0,\"CO3\":1,\"CO4\":3,\"CO5\":0,\"CO6\":0,\"validate_marks\":true}','::1','2026-05-15 18:39:23'),(119,3101,'UPDATE','MarksByCO','','{\"id\":10,\"offering_id\":10,\"course_id\":10,\"name\":\"Mid-Term\",\"full_marks\":20,\"pass_marks\":7,\"test_type\":null,\"test_date\":null,\"max_marks\":null,\"weightage\":null,\"question_paper_filename\":null,\"has_question_paper_pdf\":false}','{\"test_id\":10,\"student_id\":\"CSB23037\",\"CO1\":4,\"CO2\":0,\"CO3\":3,\"CO4\":0,\"CO5\":3,\"CO6\":0,\"validate_marks\":true}','::1','2026-05-15 18:39:23'),(120,3101,'UPDATE','MarksByCO','','{\"id\":10,\"offering_id\":10,\"course_id\":10,\"name\":\"Mid-Term\",\"full_marks\":20,\"pass_marks\":7,\"test_type\":null,\"test_date\":null,\"max_marks\":null,\"weightage\":null,\"question_paper_filename\":null,\"has_question_paper_pdf\":false}','{\"test_id\":10,\"student_id\":\"CSB23038\",\"CO1\":0,\"CO2\":3,\"CO3\":4,\"CO4\":2,\"CO5\":3,\"CO6\":0,\"validate_marks\":true}','::1','2026-05-15 18:39:23'),(121,3101,'UPDATE','MarksByCO','','{\"id\":10,\"offering_id\":10,\"course_id\":10,\"name\":\"Mid-Term\",\"full_marks\":20,\"pass_marks\":7,\"test_type\":null,\"test_date\":null,\"max_marks\":null,\"weightage\":null,\"question_paper_filename\":null,\"has_question_paper_pdf\":false}','{\"test_id\":10,\"student_id\":\"CSB23039\",\"CO1\":4,\"CO2\":3,\"CO3\":3,\"CO4\":4,\"CO5\":0,\"CO6\":0,\"validate_marks\":true}','::1','2026-05-15 18:39:23'),(122,3101,'UPDATE','MarksByCO','','{\"id\":10,\"offering_id\":10,\"course_id\":10,\"name\":\"Mid-Term\",\"full_marks\":20,\"pass_marks\":7,\"test_type\":null,\"test_date\":null,\"max_marks\":null,\"weightage\":null,\"question_paper_filename\":null,\"has_question_paper_pdf\":false}','{\"test_id\":10,\"student_id\":\"CSB23040\",\"CO1\":1,\"CO2\":0,\"CO3\":5,\"CO4\":0,\"CO5\":0,\"CO6\":0,\"validate_marks\":true}','::1','2026-05-15 18:39:23'),(123,3101,'UPDATE','MarksByCO','','{\"id\":10,\"offering_id\":10,\"course_id\":10,\"name\":\"Mid-Term\",\"full_marks\":20,\"pass_marks\":7,\"test_type\":null,\"test_date\":null,\"max_marks\":null,\"weightage\":null,\"question_paper_filename\":null,\"has_question_paper_pdf\":false}','{\"test_id\":10,\"student_id\":\"CSB23041\",\"CO1\":4,\"CO2\":1,\"CO3\":2,\"CO4\":2,\"CO5\":1,\"CO6\":0,\"validate_marks\":true}','::1','2026-05-15 18:39:23'),(124,3101,'UPDATE','MarksByCO','','{\"id\":10,\"offering_id\":10,\"course_id\":10,\"name\":\"Mid-Term\",\"full_marks\":20,\"pass_marks\":7,\"test_type\":null,\"test_date\":null,\"max_marks\":null,\"weightage\":null,\"question_paper_filename\":null,\"has_question_paper_pdf\":false}','{\"test_id\":10,\"student_id\":\"CSB23042\",\"CO1\":1,\"CO2\":1,\"CO3\":6,\"CO4\":4,\"CO5\":2,\"CO6\":0,\"validate_marks\":true}','::1','2026-05-15 18:39:23'),(125,3101,'UPDATE','MarksByCO','','{\"id\":10,\"offering_id\":10,\"course_id\":10,\"name\":\"Mid-Term\",\"full_marks\":20,\"pass_marks\":7,\"test_type\":null,\"test_date\":null,\"max_marks\":null,\"weightage\":null,\"question_paper_filename\":null,\"has_question_paper_pdf\":false}','{\"test_id\":10,\"student_id\":\"CSB23044\",\"CO1\":4,\"CO2\":3,\"CO3\":4,\"CO4\":0,\"CO5\":0,\"CO6\":0,\"validate_marks\":true}','::1','2026-05-15 18:39:23'),(126,3101,'UPDATE','MarksByCO','','{\"id\":10,\"offering_id\":10,\"course_id\":10,\"name\":\"Mid-Term\",\"full_marks\":20,\"pass_marks\":7,\"test_type\":null,\"test_date\":null,\"max_marks\":null,\"weightage\":null,\"question_paper_filename\":null,\"has_question_paper_pdf\":false}','{\"test_id\":10,\"student_id\":\"CSB23045\",\"CO1\":4,\"CO2\":0,\"CO3\":2,\"CO4\":4,\"CO5\":3,\"CO6\":0,\"validate_marks\":true}','::1','2026-05-15 18:39:23'),(127,3101,'UPDATE','MarksByCO','','{\"id\":10,\"offering_id\":10,\"course_id\":10,\"name\":\"Mid-Term\",\"full_marks\":20,\"pass_marks\":7,\"test_type\":null,\"test_date\":null,\"max_marks\":null,\"weightage\":null,\"question_paper_filename\":null,\"has_question_paper_pdf\":false}','{\"test_id\":10,\"student_id\":\"CSB23046\",\"CO1\":3,\"CO2\":1,\"CO3\":0,\"CO4\":0,\"CO5\":0,\"CO6\":0,\"validate_marks\":true}','::1','2026-05-15 18:39:23'),(128,3101,'UPDATE','MarksByCO','','{\"id\":10,\"offering_id\":10,\"course_id\":10,\"name\":\"Mid-Term\",\"full_marks\":20,\"pass_marks\":7,\"test_type\":null,\"test_date\":null,\"max_marks\":null,\"weightage\":null,\"question_paper_filename\":null,\"has_question_paper_pdf\":false}','{\"test_id\":10,\"student_id\":\"CSB23047\",\"CO1\":2,\"CO2\":2,\"CO3\":1,\"CO4\":2,\"CO5\":3,\"CO6\":0,\"validate_marks\":true}','::1','2026-05-15 18:39:23'),(129,3101,'UPDATE','MarksByCO','','{\"id\":10,\"offering_id\":10,\"course_id\":10,\"name\":\"Mid-Term\",\"full_marks\":20,\"pass_marks\":7,\"test_type\":null,\"test_date\":null,\"max_marks\":null,\"weightage\":null,\"question_paper_filename\":null,\"has_question_paper_pdf\":false}','{\"test_id\":10,\"student_id\":\"CSB23048\",\"CO1\":4,\"CO2\":3,\"CO3\":0,\"CO4\":2,\"CO5\":2,\"CO6\":0,\"validate_marks\":true}','::1','2026-05-15 18:39:24'),(130,3101,'UPDATE','MarksByCO','','{\"id\":10,\"offering_id\":10,\"course_id\":10,\"name\":\"Mid-Term\",\"full_marks\":20,\"pass_marks\":7,\"test_type\":null,\"test_date\":null,\"max_marks\":null,\"weightage\":null,\"question_paper_filename\":null,\"has_question_paper_pdf\":false}','{\"test_id\":10,\"student_id\":\"CSB23050\",\"CO1\":3,\"CO2\":3,\"CO3\":5,\"CO4\":4,\"CO5\":3,\"CO6\":0,\"validate_marks\":true}','::1','2026-05-15 18:39:24'),(131,3101,'UPDATE','MarksByCO','','{\"id\":10,\"offering_id\":10,\"course_id\":10,\"name\":\"Mid-Term\",\"full_marks\":20,\"pass_marks\":7,\"test_type\":null,\"test_date\":null,\"max_marks\":null,\"weightage\":null,\"question_paper_filename\":null,\"has_question_paper_pdf\":false}','{\"test_id\":10,\"student_id\":\"CSB23051\",\"CO1\":4,\"CO2\":2,\"CO3\":1,\"CO4\":2,\"CO5\":1,\"CO6\":0,\"validate_marks\":true}','::1','2026-05-15 18:39:24'),(132,3101,'UPDATE','MarksByCO','','{\"id\":10,\"offering_id\":10,\"course_id\":10,\"name\":\"Mid-Term\",\"full_marks\":20,\"pass_marks\":7,\"test_type\":null,\"test_date\":null,\"max_marks\":null,\"weightage\":null,\"question_paper_filename\":null,\"has_question_paper_pdf\":false}','{\"test_id\":10,\"student_id\":\"CSB23052\",\"CO1\":4,\"CO2\":1,\"CO3\":6,\"CO4\":2,\"CO5\":3,\"CO6\":0,\"validate_marks\":true}','::1','2026-05-15 18:39:24'),(133,3101,'UPDATE','MarksByCO','','{\"id\":10,\"offering_id\":10,\"course_id\":10,\"name\":\"Mid-Term\",\"full_marks\":20,\"pass_marks\":7,\"test_type\":null,\"test_date\":null,\"max_marks\":null,\"weightage\":null,\"question_paper_filename\":null,\"has_question_paper_pdf\":false}','{\"test_id\":10,\"student_id\":\"CSB23053\",\"CO1\":0,\"CO2\":2,\"CO3\":0,\"CO4\":0,\"CO5\":3,\"CO6\":0,\"validate_marks\":true}','::1','2026-05-15 18:39:24'),(134,3101,'UPDATE','MarksByCO','','{\"id\":10,\"offering_id\":10,\"course_id\":10,\"name\":\"Mid-Term\",\"full_marks\":20,\"pass_marks\":7,\"test_type\":null,\"test_date\":null,\"max_marks\":null,\"weightage\":null,\"question_paper_filename\":null,\"has_question_paper_pdf\":false}','{\"test_id\":10,\"student_id\":\"CSB23054\",\"CO1\":4,\"CO2\":3,\"CO3\":3,\"CO4\":4,\"CO5\":1,\"CO6\":0,\"validate_marks\":true}','::1','2026-05-15 18:39:24'),(135,3101,'UPDATE','MarksByCO','','{\"id\":10,\"offering_id\":10,\"course_id\":10,\"name\":\"Mid-Term\",\"full_marks\":20,\"pass_marks\":7,\"test_type\":null,\"test_date\":null,\"max_marks\":null,\"weightage\":null,\"question_paper_filename\":null,\"has_question_paper_pdf\":false}','{\"test_id\":10,\"student_id\":\"CSB23055\",\"CO1\":2,\"CO2\":1,\"CO3\":5,\"CO4\":4,\"CO5\":2,\"CO6\":0,\"validate_marks\":true}','::1','2026-05-15 18:39:24'),(136,3101,'UPDATE','MarksByCO','','{\"id\":10,\"offering_id\":10,\"course_id\":10,\"name\":\"Mid-Term\",\"full_marks\":20,\"pass_marks\":7,\"test_type\":null,\"test_date\":null,\"max_marks\":null,\"weightage\":null,\"question_paper_filename\":null,\"has_question_paper_pdf\":false}','{\"test_id\":10,\"student_id\":\"CSB23056\",\"CO1\":3,\"CO2\":2,\"CO3\":2,\"CO4\":2,\"CO5\":3,\"CO6\":0,\"validate_marks\":true}','::1','2026-05-15 18:39:24'),(137,3101,'UPDATE','MarksByCO','','{\"id\":10,\"offering_id\":10,\"course_id\":10,\"name\":\"Mid-Term\",\"full_marks\":20,\"pass_marks\":7,\"test_type\":null,\"test_date\":null,\"max_marks\":null,\"weightage\":null,\"question_paper_filename\":null,\"has_question_paper_pdf\":false}','{\"test_id\":10,\"student_id\":\"CSB23057\",\"CO1\":2,\"CO2\":2,\"CO3\":1,\"CO4\":2,\"CO5\":3,\"CO6\":0,\"validate_marks\":true}','::1','2026-05-15 18:39:24'),(138,3101,'UPDATE','MarksByCO','','{\"id\":10,\"offering_id\":10,\"course_id\":10,\"name\":\"Mid-Term\",\"full_marks\":20,\"pass_marks\":7,\"test_type\":null,\"test_date\":null,\"max_marks\":null,\"weightage\":null,\"question_paper_filename\":null,\"has_question_paper_pdf\":false}','{\"test_id\":10,\"student_id\":\"CSB23059\",\"CO1\":4,\"CO2\":0,\"CO3\":0,\"CO4\":4,\"CO5\":0,\"CO6\":0,\"validate_marks\":true}','::1','2026-05-15 18:39:24'),(139,3101,'UPDATE','MarksByCO','','{\"id\":10,\"offering_id\":10,\"course_id\":10,\"name\":\"Mid-Term\",\"full_marks\":20,\"pass_marks\":7,\"test_type\":null,\"test_date\":null,\"max_marks\":null,\"weightage\":null,\"question_paper_filename\":null,\"has_question_paper_pdf\":false}','{\"test_id\":10,\"student_id\":\"CSB23060\",\"CO1\":1,\"CO2\":0,\"CO3\":5,\"CO4\":3,\"CO5\":3,\"CO6\":0,\"validate_marks\":true}','::1','2026-05-15 18:39:24'),(140,3101,'UPDATE','MarksByCO','','{\"id\":10,\"offering_id\":10,\"course_id\":10,\"name\":\"Mid-Term\",\"full_marks\":20,\"pass_marks\":7,\"test_type\":null,\"test_date\":null,\"max_marks\":null,\"weightage\":null,\"question_paper_filename\":null,\"has_question_paper_pdf\":false}','{\"test_id\":10,\"student_id\":\"CSB23061\",\"CO1\":4,\"CO2\":2,\"CO3\":1,\"CO4\":4,\"CO5\":3,\"CO6\":0,\"validate_marks\":true}','::1','2026-05-15 18:39:24'),(141,3101,'UPDATE','MarksByCO','','{\"id\":10,\"offering_id\":10,\"course_id\":10,\"name\":\"Mid-Term\",\"full_marks\":20,\"pass_marks\":7,\"test_type\":null,\"test_date\":null,\"max_marks\":null,\"weightage\":null,\"question_paper_filename\":null,\"has_question_paper_pdf\":false}','{\"test_id\":10,\"student_id\":\"CSB23062\",\"CO1\":4,\"CO2\":0,\"CO3\":2,\"CO4\":0,\"CO5\":2,\"CO6\":0,\"validate_marks\":true}','::1','2026-05-15 18:39:24'),(142,3101,'UPDATE','MarksByCO','','{\"id\":10,\"offering_id\":10,\"course_id\":10,\"name\":\"Mid-Term\",\"full_marks\":20,\"pass_marks\":7,\"test_type\":null,\"test_date\":null,\"max_marks\":null,\"weightage\":null,\"question_paper_filename\":null,\"has_question_paper_pdf\":false}','{\"test_id\":10,\"student_id\":\"CSB23063\",\"CO1\":0,\"CO2\":0,\"CO3\":6,\"CO4\":4,\"CO5\":0,\"CO6\":0,\"validate_marks\":true}','::1','2026-05-15 18:39:24'),(143,3101,'UPDATE','MarksByCO','','{\"id\":10,\"offering_id\":10,\"course_id\":10,\"name\":\"Mid-Term\",\"full_marks\":20,\"pass_marks\":7,\"test_type\":null,\"test_date\":null,\"max_marks\":null,\"weightage\":null,\"question_paper_filename\":null,\"has_question_paper_pdf\":false}','{\"test_id\":10,\"student_id\":\"CSB23064\",\"CO1\":4,\"CO2\":0,\"CO3\":4,\"CO4\":0,\"CO5\":2,\"CO6\":0,\"validate_marks\":true}','::1','2026-05-15 18:39:24'),(144,3101,'UPDATE','MarksByCO','','{\"id\":10,\"offering_id\":10,\"course_id\":10,\"name\":\"Mid-Term\",\"full_marks\":20,\"pass_marks\":7,\"test_type\":null,\"test_date\":null,\"max_marks\":null,\"weightage\":null,\"question_paper_filename\":null,\"has_question_paper_pdf\":false}','{\"test_id\":10,\"student_id\":\"CSB23065\",\"CO1\":0,\"CO2\":2,\"CO3\":3,\"CO4\":4,\"CO5\":2,\"CO6\":0,\"validate_marks\":true}','::1','2026-05-15 18:39:24'),(145,3101,'UPDATE','MarksByCO','','{\"id\":10,\"offering_id\":10,\"course_id\":10,\"name\":\"Mid-Term\",\"full_marks\":20,\"pass_marks\":7,\"test_type\":null,\"test_date\":null,\"max_marks\":null,\"weightage\":null,\"question_paper_filename\":null,\"has_question_paper_pdf\":false}','{\"test_id\":10,\"student_id\":\"CSB23066\",\"CO1\":4,\"CO2\":3,\"CO3\":2,\"CO4\":0,\"CO5\":3,\"CO6\":0,\"validate_marks\":true}','::1','2026-05-15 18:39:24'),(146,3101,'UPDATE','MarksByCO','','{\"id\":10,\"offering_id\":10,\"course_id\":10,\"name\":\"Mid-Term\",\"full_marks\":20,\"pass_marks\":7,\"test_type\":null,\"test_date\":null,\"max_marks\":null,\"weightage\":null,\"question_paper_filename\":null,\"has_question_paper_pdf\":false}','{\"test_id\":10,\"student_id\":\"CSB23067\",\"CO1\":3,\"CO2\":3,\"CO3\":4,\"CO4\":0,\"CO5\":0,\"CO6\":0,\"validate_marks\":true}','::1','2026-05-15 18:39:24'),(147,3101,'UPDATE','MarksByCO','','{\"id\":10,\"offering_id\":10,\"course_id\":10,\"name\":\"Mid-Term\",\"full_marks\":20,\"pass_marks\":7,\"test_type\":null,\"test_date\":null,\"max_marks\":null,\"weightage\":null,\"question_paper_filename\":null,\"has_question_paper_pdf\":false}','{\"test_id\":10,\"student_id\":\"CSB23068\",\"CO1\":4,\"CO2\":3,\"CO3\":0,\"CO4\":4,\"CO5\":2,\"CO6\":0,\"validate_marks\":true}','::1','2026-05-15 18:39:24'),(148,3101,'UPDATE','MarksByCO','','{\"id\":10,\"offering_id\":10,\"course_id\":10,\"name\":\"Mid-Term\",\"full_marks\":20,\"pass_marks\":7,\"test_type\":null,\"test_date\":null,\"max_marks\":null,\"weightage\":null,\"question_paper_filename\":null,\"has_question_paper_pdf\":false}','{\"test_id\":10,\"student_id\":\"CSB23069\",\"CO1\":4,\"CO2\":2,\"CO3\":4,\"CO4\":4,\"CO5\":0,\"CO6\":0,\"validate_marks\":true}','::1','2026-05-15 18:39:24'),(149,3101,'UPDATE','MarksByCO','','{\"id\":10,\"offering_id\":10,\"course_id\":10,\"name\":\"Mid-Term\",\"full_marks\":20,\"pass_marks\":7,\"test_type\":null,\"test_date\":null,\"max_marks\":null,\"weightage\":null,\"question_paper_filename\":null,\"has_question_paper_pdf\":false}','{\"test_id\":10,\"student_id\":\"CSB23070\",\"CO1\":3,\"CO2\":2,\"CO3\":0,\"CO4\":4,\"CO5\":3,\"CO6\":0,\"validate_marks\":true}','::1','2026-05-15 18:39:25'),(150,3101,'UPDATE','MarksByCO','','{\"id\":10,\"offering_id\":10,\"course_id\":10,\"name\":\"Mid-Term\",\"full_marks\":20,\"pass_marks\":7,\"test_type\":null,\"test_date\":null,\"max_marks\":null,\"weightage\":null,\"question_paper_filename\":null,\"has_question_paper_pdf\":false}','{\"test_id\":10,\"student_id\":\"CSB23071\",\"CO1\":4,\"CO2\":0,\"CO3\":0,\"CO4\":0,\"CO5\":1,\"CO6\":0,\"validate_marks\":true}','::1','2026-05-15 18:39:25'),(151,3101,'UPDATE','MarksByCO','','{\"id\":10,\"offering_id\":10,\"course_id\":10,\"name\":\"Mid-Term\",\"full_marks\":20,\"pass_marks\":7,\"test_type\":null,\"test_date\":null,\"max_marks\":null,\"weightage\":null,\"question_paper_filename\":null,\"has_question_paper_pdf\":false}','{\"test_id\":10,\"student_id\":\"CSB23072\",\"CO1\":4,\"CO2\":1,\"CO3\":3,\"CO4\":4,\"CO5\":3,\"CO6\":0,\"validate_marks\":true}','::1','2026-05-15 18:39:25'),(152,3101,'UPDATE','MarksByCO','','{\"id\":10,\"offering_id\":10,\"course_id\":10,\"name\":\"Mid-Term\",\"full_marks\":20,\"pass_marks\":7,\"test_type\":null,\"test_date\":null,\"max_marks\":null,\"weightage\":null,\"question_paper_filename\":null,\"has_question_paper_pdf\":false}','{\"test_id\":10,\"student_id\":\"CSB23073\",\"CO1\":0,\"CO2\":0,\"CO3\":0,\"CO4\":0,\"CO5\":0,\"CO6\":0,\"validate_marks\":true}','::1','2026-05-15 18:39:25'),(153,3101,'UPDATE','MarksByCO','','{\"id\":10,\"offering_id\":10,\"course_id\":10,\"name\":\"Mid-Term\",\"full_marks\":20,\"pass_marks\":7,\"test_type\":null,\"test_date\":null,\"max_marks\":null,\"weightage\":null,\"question_paper_filename\":null,\"has_question_paper_pdf\":false}','{\"test_id\":10,\"student_id\":\"CSB23074\",\"CO1\":3,\"CO2\":3,\"CO3\":5,\"CO4\":4,\"CO5\":3,\"CO6\":0,\"validate_marks\":true}','::1','2026-05-15 18:39:25'),(154,3101,'UPDATE','MarksByCO','','{\"id\":10,\"offering_id\":10,\"course_id\":10,\"name\":\"Mid-Term\",\"full_marks\":20,\"pass_marks\":7,\"test_type\":null,\"test_date\":null,\"max_marks\":null,\"weightage\":null,\"question_paper_filename\":null,\"has_question_paper_pdf\":false}','{\"test_id\":10,\"student_id\":\"CSB23075\",\"CO1\":4,\"CO2\":3,\"CO3\":5,\"CO4\":1,\"CO5\":3,\"CO6\":0,\"validate_marks\":true}','::1','2026-05-15 18:39:25'),(155,3101,'UPDATE','MarksByCO','','{\"id\":10,\"offering_id\":10,\"course_id\":10,\"name\":\"Mid-Term\",\"full_marks\":20,\"pass_marks\":7,\"test_type\":null,\"test_date\":null,\"max_marks\":null,\"weightage\":null,\"question_paper_filename\":null,\"has_question_paper_pdf\":false}','{\"test_id\":10,\"student_id\":\"CSB23076\",\"CO1\":3,\"CO2\":3,\"CO3\":1,\"CO4\":4,\"CO5\":1,\"CO6\":0,\"validate_marks\":true}','::1','2026-05-15 18:39:25'),(156,3101,'UPDATE','MarksByCO','','{\"id\":10,\"offering_id\":10,\"course_id\":10,\"name\":\"Mid-Term\",\"full_marks\":20,\"pass_marks\":7,\"test_type\":null,\"test_date\":null,\"max_marks\":null,\"weightage\":null,\"question_paper_filename\":null,\"has_question_paper_pdf\":false}','{\"test_id\":10,\"student_id\":\"CSB23078\",\"CO1\":0,\"CO2\":3,\"CO3\":0,\"CO4\":0,\"CO5\":2,\"CO6\":0,\"validate_marks\":true}','::1','2026-05-15 18:39:25'),(157,3101,'UPDATE','MarksByCO','','{\"id\":10,\"offering_id\":10,\"course_id\":10,\"name\":\"Mid-Term\",\"full_marks\":20,\"pass_marks\":7,\"test_type\":null,\"test_date\":null,\"max_marks\":null,\"weightage\":null,\"question_paper_filename\":null,\"has_question_paper_pdf\":false}','{\"test_id\":10,\"student_id\":\"CSB23079\",\"CO1\":4,\"CO2\":0,\"CO3\":0,\"CO4\":3,\"CO5\":2,\"CO6\":0,\"validate_marks\":true}','::1','2026-05-15 18:39:25'),(158,3101,'UPDATE','MarksByCO','','{\"id\":10,\"offering_id\":10,\"course_id\":10,\"name\":\"Mid-Term\",\"full_marks\":20,\"pass_marks\":7,\"test_type\":null,\"test_date\":null,\"max_marks\":null,\"weightage\":null,\"question_paper_filename\":null,\"has_question_paper_pdf\":false}','{\"test_id\":10,\"student_id\":\"CSB23080\",\"CO1\":0,\"CO2\":0,\"CO3\":0,\"CO4\":3,\"CO5\":0,\"CO6\":0,\"validate_marks\":true}','::1','2026-05-15 18:39:25'),(159,3101,'UPDATE','MarksByCO','','{\"id\":10,\"offering_id\":10,\"course_id\":10,\"name\":\"Mid-Term\",\"full_marks\":20,\"pass_marks\":7,\"test_type\":null,\"test_date\":null,\"max_marks\":null,\"weightage\":null,\"question_paper_filename\":null,\"has_question_paper_pdf\":false}','{\"test_id\":10,\"student_id\":\"CSB23081\",\"CO1\":3,\"CO2\":1,\"CO3\":3,\"CO4\":4,\"CO5\":1,\"CO6\":0,\"validate_marks\":true}','::1','2026-05-15 18:39:25'),(160,3101,'UPDATE','MarksByCO','','{\"id\":10,\"offering_id\":10,\"course_id\":10,\"name\":\"Mid-Term\",\"full_marks\":20,\"pass_marks\":7,\"test_type\":null,\"test_date\":null,\"max_marks\":null,\"weightage\":null,\"question_paper_filename\":null,\"has_question_paper_pdf\":false}','{\"test_id\":10,\"student_id\":\"CSB24201\",\"CO1\":2,\"CO2\":2,\"CO3\":1,\"CO4\":1,\"CO5\":3,\"CO6\":0,\"validate_marks\":true}','::1','2026-05-15 18:39:25'),(161,3101,'UPDATE','MarksByCO','','{\"id\":10,\"offering_id\":10,\"course_id\":10,\"name\":\"Mid-Term\",\"full_marks\":20,\"pass_marks\":7,\"test_type\":null,\"test_date\":null,\"max_marks\":null,\"weightage\":null,\"question_paper_filename\":null,\"has_question_paper_pdf\":false}','{\"test_id\":10,\"student_id\":\"CSB24202\",\"CO1\":1,\"CO2\":0,\"CO3\":3,\"CO4\":0,\"CO5\":0,\"CO6\":0,\"validate_marks\":true}','::1','2026-05-15 18:39:25'),(162,3101,'UPDATE','MarksByCO','','{\"id\":10,\"offering_id\":10,\"course_id\":10,\"name\":\"Mid-Term\",\"full_marks\":20,\"pass_marks\":7,\"test_type\":null,\"test_date\":null,\"max_marks\":null,\"weightage\":null,\"question_paper_filename\":null,\"has_question_paper_pdf\":false}','{\"test_id\":10,\"student_id\":\"CSB24203\",\"CO1\":0,\"CO2\":3,\"CO3\":0,\"CO4\":0,\"CO5\":1,\"CO6\":0,\"validate_marks\":true}','::1','2026-05-15 18:39:25'),(163,3101,'UPDATE','MarksByCO','','{\"id\":10,\"offering_id\":10,\"course_id\":10,\"name\":\"Mid-Term\",\"full_marks\":20,\"pass_marks\":7,\"test_type\":null,\"test_date\":null,\"max_marks\":null,\"weightage\":null,\"question_paper_filename\":null,\"has_question_paper_pdf\":false}','{\"test_id\":10,\"student_id\":\"CSB24204\",\"CO1\":4,\"CO2\":2,\"CO3\":5,\"CO4\":4,\"CO5\":1,\"CO6\":0,\"validate_marks\":true}','::1','2026-05-15 18:39:25'),(164,3101,'UPDATE','MarksByCO','','{\"id\":10,\"offering_id\":10,\"course_id\":10,\"name\":\"Mid-Term\",\"full_marks\":20,\"pass_marks\":7,\"test_type\":null,\"test_date\":null,\"max_marks\":null,\"weightage\":null,\"question_paper_filename\":null,\"has_question_paper_pdf\":false}','{\"test_id\":10,\"student_id\":\"CSB24205\",\"CO1\":4,\"CO2\":0,\"CO3\":0,\"CO4\":4,\"CO5\":0,\"CO6\":0,\"validate_marks\":true}','::1','2026-05-15 18:39:25'),(165,3101,'CREATE','Assessment','',NULL,'{\"offering_id\":10,\"name\":\"Test-2\",\"full_marks\":40,\"pass_marks\":13.5,\"questions\":[{\"question_number\":1,\"sub_question\":\"\",\"is_optional\":false,\"co\":1,\"max_marks\":3},{\"question_number\":2,\"sub_question\":\"\",\"is_optional\":false,\"co\":2,\"max_marks\":7},{\"question_number\":3,\"sub_question\":\"\",\"is_optional\":false,\"co\":3,\"max_marks\":12},{\"question_number\":4,\"sub_question\":\"\",\"is_optional\":false,\"co\":4,\"max_marks\":7},{\"question_number\":5,\"sub_question\":\"\",\"is_optional\":false,\"co\":5,\"max_marks\":11}]}','::1','2026-05-15 18:40:45'),(166,3101,'UPDATE','MarksByCO','','{\"id\":11,\"offering_id\":10,\"course_id\":10,\"name\":\"Test-2\",\"full_marks\":40,\"pass_marks\":13,\"test_type\":null,\"test_date\":null,\"max_marks\":null,\"weightage\":null,\"question_paper_filename\":null,\"has_question_paper_pdf\":false}','{\"test_id\":11,\"student_id\":\"CSB21013\",\"CO1\":2,\"CO2\":5,\"CO3\":7,\"CO4\":3,\"CO5\":4,\"CO6\":0,\"validate_marks\":true}','::1','2026-05-15 18:40:59'),(167,3101,'UPDATE','MarksByCO','','{\"id\":11,\"offering_id\":10,\"course_id\":10,\"name\":\"Test-2\",\"full_marks\":40,\"pass_marks\":13,\"test_type\":null,\"test_date\":null,\"max_marks\":null,\"weightage\":null,\"question_paper_filename\":null,\"has_question_paper_pdf\":false}','{\"test_id\":11,\"student_id\":\"CSB21034\",\"CO1\":0,\"CO2\":0,\"CO3\":0,\"CO4\":0,\"CO5\":0,\"CO6\":0,\"validate_marks\":true}','::1','2026-05-15 18:40:59'),(168,3101,'UPDATE','MarksByCO','','{\"id\":11,\"offering_id\":10,\"course_id\":10,\"name\":\"Test-2\",\"full_marks\":40,\"pass_marks\":13,\"test_type\":null,\"test_date\":null,\"max_marks\":null,\"weightage\":null,\"question_paper_filename\":null,\"has_question_paper_pdf\":false}','{\"test_id\":11,\"student_id\":\"CSB22031\",\"CO1\":3,\"CO2\":5,\"CO3\":8,\"CO4\":4,\"CO5\":4,\"CO6\":0,\"validate_marks\":true}','::1','2026-05-15 18:40:59'),(169,3101,'UPDATE','MarksByCO','','{\"id\":11,\"offering_id\":10,\"course_id\":10,\"name\":\"Test-2\",\"full_marks\":40,\"pass_marks\":13,\"test_type\":null,\"test_date\":null,\"max_marks\":null,\"weightage\":null,\"question_paper_filename\":null,\"has_question_paper_pdf\":false}','{\"test_id\":11,\"student_id\":\"CSB22039\",\"CO1\":3,\"CO2\":6,\"CO3\":8,\"CO4\":5,\"CO5\":4,\"CO6\":0,\"validate_marks\":true}','::1','2026-05-15 18:40:59'),(170,3101,'UPDATE','MarksByCO','','{\"id\":11,\"offering_id\":10,\"course_id\":10,\"name\":\"Test-2\",\"full_marks\":40,\"pass_marks\":13,\"test_type\":null,\"test_date\":null,\"max_marks\":null,\"weightage\":null,\"question_paper_filename\":null,\"has_question_paper_pdf\":false}','{\"test_id\":11,\"student_id\":\"CSB22040\",\"CO1\":2,\"CO2\":6,\"CO3\":7,\"CO4\":4,\"CO5\":5,\"CO6\":0,\"validate_marks\":true}','::1','2026-05-15 18:40:59'),(171,3101,'UPDATE','MarksByCO','','{\"id\":11,\"offering_id\":10,\"course_id\":10,\"name\":\"Test-2\",\"full_marks\":40,\"pass_marks\":13,\"test_type\":null,\"test_date\":null,\"max_marks\":null,\"weightage\":null,\"question_paper_filename\":null,\"has_question_paper_pdf\":false}','{\"test_id\":11,\"student_id\":\"CSB22042\",\"CO1\":1,\"CO2\":4,\"CO3\":6,\"CO4\":3,\"CO5\":4,\"CO6\":0,\"validate_marks\":true}','::1','2026-05-15 18:40:59'),(172,3101,'UPDATE','MarksByCO','','{\"id\":11,\"offering_id\":10,\"course_id\":10,\"name\":\"Test-2\",\"full_marks\":40,\"pass_marks\":13,\"test_type\":null,\"test_date\":null,\"max_marks\":null,\"weightage\":null,\"question_paper_filename\":null,\"has_question_paper_pdf\":false}','{\"test_id\":11,\"student_id\":\"CSB22045\",\"CO1\":2,\"CO2\":4,\"CO3\":7,\"CO4\":3,\"CO5\":4,\"CO6\":0,\"validate_marks\":true}','::1','2026-05-15 18:40:59'),(173,3101,'UPDATE','MarksByCO','','{\"id\":11,\"offering_id\":10,\"course_id\":10,\"name\":\"Test-2\",\"full_marks\":40,\"pass_marks\":13,\"test_type\":null,\"test_date\":null,\"max_marks\":null,\"weightage\":null,\"question_paper_filename\":null,\"has_question_paper_pdf\":false}','{\"test_id\":11,\"student_id\":\"CSB22049\",\"CO1\":1,\"CO2\":3,\"CO3\":5,\"CO4\":3,\"CO5\":4,\"CO6\":0,\"validate_marks\":true}','::1','2026-05-15 18:40:59'),(174,3101,'UPDATE','MarksByCO','','{\"id\":11,\"offering_id\":10,\"course_id\":10,\"name\":\"Test-2\",\"full_marks\":40,\"pass_marks\":13,\"test_type\":null,\"test_date\":null,\"max_marks\":null,\"weightage\":null,\"question_paper_filename\":null,\"has_question_paper_pdf\":false}','{\"test_id\":11,\"student_id\":\"CSB22051\",\"CO1\":3,\"CO2\":5,\"CO3\":8,\"CO4\":4,\"CO5\":5,\"CO6\":0,\"validate_marks\":true}','::1','2026-05-15 18:40:59'),(175,3101,'UPDATE','MarksByCO','','{\"id\":11,\"offering_id\":10,\"course_id\":10,\"name\":\"Test-2\",\"full_marks\":40,\"pass_marks\":13,\"test_type\":null,\"test_date\":null,\"max_marks\":null,\"weightage\":null,\"question_paper_filename\":null,\"has_question_paper_pdf\":false}','{\"test_id\":11,\"student_id\":\"CSB22066\",\"CO1\":3,\"CO2\":6,\"CO3\":9,\"CO4\":5,\"CO5\":6,\"CO6\":0,\"validate_marks\":true}','::1','2026-05-15 18:40:59'),(176,3101,'UPDATE','MarksByCO','','{\"id\":11,\"offering_id\":10,\"course_id\":10,\"name\":\"Test-2\",\"full_marks\":40,\"pass_marks\":13,\"test_type\":null,\"test_date\":null,\"max_marks\":null,\"weightage\":null,\"question_paper_filename\":null,\"has_question_paper_pdf\":false}','{\"test_id\":11,\"student_id\":\"CSB22080\",\"CO1\":3,\"CO2\":5,\"CO3\":7,\"CO4\":5,\"CO5\":4,\"CO6\":0,\"validate_marks\":true}','::1','2026-05-15 18:40:59'),(177,3101,'UPDATE','MarksByCO','','{\"id\":11,\"offering_id\":10,\"course_id\":10,\"name\":\"Test-2\",\"full_marks\":40,\"pass_marks\":13,\"test_type\":null,\"test_date\":null,\"max_marks\":null,\"weightage\":null,\"question_paper_filename\":null,\"has_question_paper_pdf\":false}','{\"test_id\":11,\"student_id\":\"CSB23001\",\"CO1\":2,\"CO2\":3,\"CO3\":6,\"CO4\":3,\"CO5\":3,\"CO6\":0,\"validate_marks\":true}','::1','2026-05-15 18:40:59'),(178,3101,'UPDATE','MarksByCO','','{\"id\":11,\"offering_id\":10,\"course_id\":10,\"name\":\"Test-2\",\"full_marks\":40,\"pass_marks\":13,\"test_type\":null,\"test_date\":null,\"max_marks\":null,\"weightage\":null,\"question_paper_filename\":null,\"has_question_paper_pdf\":false}','{\"test_id\":11,\"student_id\":\"CSB23003\",\"CO1\":2,\"CO2\":4,\"CO3\":6,\"CO4\":4,\"CO5\":4,\"CO6\":0,\"validate_marks\":true}','::1','2026-05-15 18:40:59'),(179,3101,'UPDATE','MarksByCO','','{\"id\":11,\"offering_id\":10,\"course_id\":10,\"name\":\"Test-2\",\"full_marks\":40,\"pass_marks\":13,\"test_type\":null,\"test_date\":null,\"max_marks\":null,\"weightage\":null,\"question_paper_filename\":null,\"has_question_paper_pdf\":false}','{\"test_id\":11,\"student_id\":\"CSB23004\",\"CO1\":3,\"CO2\":7,\"CO3\":10,\"CO4\":6,\"CO5\":8,\"CO6\":0,\"validate_marks\":true}','::1','2026-05-15 18:40:59'),(180,3101,'UPDATE','MarksByCO','','{\"id\":11,\"offering_id\":10,\"course_id\":10,\"name\":\"Test-2\",\"full_marks\":40,\"pass_marks\":13,\"test_type\":null,\"test_date\":null,\"max_marks\":null,\"weightage\":null,\"question_paper_filename\":null,\"has_question_paper_pdf\":false}','{\"test_id\":11,\"student_id\":\"CSB23005\",\"CO1\":3,\"CO2\":6,\"CO3\":10,\"CO4\":5,\"CO5\":7,\"CO6\":0,\"validate_marks\":true}','::1','2026-05-15 18:40:59'),(181,3101,'UPDATE','MarksByCO','','{\"id\":11,\"offering_id\":10,\"course_id\":10,\"name\":\"Test-2\",\"full_marks\":40,\"pass_marks\":13,\"test_type\":null,\"test_date\":null,\"max_marks\":null,\"weightage\":null,\"question_paper_filename\":null,\"has_question_paper_pdf\":false}','{\"test_id\":11,\"student_id\":\"CSB23010\",\"CO1\":3,\"CO2\":7,\"CO3\":12,\"CO4\":7,\"CO5\":10,\"CO6\":0,\"validate_marks\":true}','::1','2026-05-15 18:40:59'),(182,3101,'UPDATE','MarksByCO','','{\"id\":11,\"offering_id\":10,\"course_id\":10,\"name\":\"Test-2\",\"full_marks\":40,\"pass_marks\":13,\"test_type\":null,\"test_date\":null,\"max_marks\":null,\"weightage\":null,\"question_paper_filename\":null,\"has_question_paper_pdf\":false}','{\"test_id\":11,\"student_id\":\"CSB23012\",\"CO1\":3,\"CO2\":7,\"CO3\":11,\"CO4\":6,\"CO5\":8,\"CO6\":0,\"validate_marks\":true}','::1','2026-05-15 18:40:59'),(183,3101,'UPDATE','MarksByCO','','{\"id\":11,\"offering_id\":10,\"course_id\":10,\"name\":\"Test-2\",\"full_marks\":40,\"pass_marks\":13,\"test_type\":null,\"test_date\":null,\"max_marks\":null,\"weightage\":null,\"question_paper_filename\":null,\"has_question_paper_pdf\":false}','{\"test_id\":11,\"student_id\":\"CSB23016\",\"CO1\":3,\"CO2\":6,\"CO3\":10,\"CO4\":6,\"CO5\":7,\"CO6\":0,\"validate_marks\":true}','::1','2026-05-15 18:40:59'),(184,3101,'UPDATE','MarksByCO','','{\"id\":11,\"offering_id\":10,\"course_id\":10,\"name\":\"Test-2\",\"full_marks\":40,\"pass_marks\":13,\"test_type\":null,\"test_date\":null,\"max_marks\":null,\"weightage\":null,\"question_paper_filename\":null,\"has_question_paper_pdf\":false}','{\"test_id\":11,\"student_id\":\"CSB23017\",\"CO1\":3,\"CO2\":5,\"CO3\":8,\"CO4\":4,\"CO5\":5,\"CO6\":0,\"validate_marks\":true}','::1','2026-05-15 18:40:59'),(185,3101,'UPDATE','MarksByCO','','{\"id\":11,\"offering_id\":10,\"course_id\":10,\"name\":\"Test-2\",\"full_marks\":40,\"pass_marks\":13,\"test_type\":null,\"test_date\":null,\"max_marks\":null,\"weightage\":null,\"question_paper_filename\":null,\"has_question_paper_pdf\":false}','{\"test_id\":11,\"student_id\":\"CSB23018\",\"CO1\":2,\"CO2\":6,\"CO3\":9,\"CO4\":5,\"CO5\":4,\"CO6\":0,\"validate_marks\":true}','::1','2026-05-15 18:41:00'),(186,3101,'UPDATE','MarksByCO','','{\"id\":11,\"offering_id\":10,\"course_id\":10,\"name\":\"Test-2\",\"full_marks\":40,\"pass_marks\":13,\"test_type\":null,\"test_date\":null,\"max_marks\":null,\"weightage\":null,\"question_paper_filename\":null,\"has_question_paper_pdf\":false}','{\"test_id\":11,\"student_id\":\"CSB23019\",\"CO1\":3,\"CO2\":6,\"CO3\":9,\"CO4\":6,\"CO5\":6,\"CO6\":0,\"validate_marks\":true}','::1','2026-05-15 18:41:00'),(187,3101,'UPDATE','MarksByCO','','{\"id\":11,\"offering_id\":10,\"course_id\":10,\"name\":\"Test-2\",\"full_marks\":40,\"pass_marks\":13,\"test_type\":null,\"test_date\":null,\"max_marks\":null,\"weightage\":null,\"question_paper_filename\":null,\"has_question_paper_pdf\":false}','{\"test_id\":11,\"student_id\":\"CSB23023\",\"CO1\":3,\"CO2\":7,\"CO3\":10,\"CO4\":6,\"CO5\":6,\"CO6\":0,\"validate_marks\":true}','::1','2026-05-15 18:41:00'),(188,3101,'UPDATE','MarksByCO','','{\"id\":11,\"offering_id\":10,\"course_id\":10,\"name\":\"Test-2\",\"full_marks\":40,\"pass_marks\":13,\"test_type\":null,\"test_date\":null,\"max_marks\":null,\"weightage\":null,\"question_paper_filename\":null,\"has_question_paper_pdf\":false}','{\"test_id\":11,\"student_id\":\"CSB23024\",\"CO1\":3,\"CO2\":6,\"CO3\":9,\"CO4\":6,\"CO5\":7,\"CO6\":0,\"validate_marks\":true}','::1','2026-05-15 18:41:00'),(189,3101,'UPDATE','MarksByCO','','{\"id\":11,\"offering_id\":10,\"course_id\":10,\"name\":\"Test-2\",\"full_marks\":40,\"pass_marks\":13,\"test_type\":null,\"test_date\":null,\"max_marks\":null,\"weightage\":null,\"question_paper_filename\":null,\"has_question_paper_pdf\":false}','{\"test_id\":11,\"student_id\":\"CSB23025\",\"CO1\":2,\"CO2\":4,\"CO3\":7,\"CO4\":4,\"CO5\":3,\"CO6\":0,\"validate_marks\":true}','::1','2026-05-15 18:41:00'),(190,3101,'UPDATE','MarksByCO','','{\"id\":11,\"offering_id\":10,\"course_id\":10,\"name\":\"Test-2\",\"full_marks\":40,\"pass_marks\":13,\"test_type\":null,\"test_date\":null,\"max_marks\":null,\"weightage\":null,\"question_paper_filename\":null,\"has_question_paper_pdf\":false}','{\"test_id\":11,\"student_id\":\"CSB23026\",\"CO1\":3,\"CO2\":6,\"CO3\":8,\"CO4\":5,\"CO5\":6,\"CO6\":0,\"validate_marks\":true}','::1','2026-05-15 18:41:00'),(191,3101,'UPDATE','MarksByCO','','{\"id\":11,\"offering_id\":10,\"course_id\":10,\"name\":\"Test-2\",\"full_marks\":40,\"pass_marks\":13,\"test_type\":null,\"test_date\":null,\"max_marks\":null,\"weightage\":null,\"question_paper_filename\":null,\"has_question_paper_pdf\":false}','{\"test_id\":11,\"student_id\":\"CSB23027\",\"CO1\":2,\"CO2\":5,\"CO3\":8,\"CO4\":4,\"CO5\":5,\"CO6\":0,\"validate_marks\":true}','::1','2026-05-15 18:41:00'),(192,3101,'UPDATE','MarksByCO','','{\"id\":11,\"offering_id\":10,\"course_id\":10,\"name\":\"Test-2\",\"full_marks\":40,\"pass_marks\":13,\"test_type\":null,\"test_date\":null,\"max_marks\":null,\"weightage\":null,\"question_paper_filename\":null,\"has_question_paper_pdf\":false}','{\"test_id\":11,\"student_id\":\"CSB23028\",\"CO1\":3,\"CO2\":5,\"CO3\":7,\"CO4\":5,\"CO5\":5,\"CO6\":0,\"validate_marks\":true}','::1','2026-05-15 18:41:00'),(193,3101,'UPDATE','MarksByCO','','{\"id\":11,\"offering_id\":10,\"course_id\":10,\"name\":\"Test-2\",\"full_marks\":40,\"pass_marks\":13,\"test_type\":null,\"test_date\":null,\"max_marks\":null,\"weightage\":null,\"question_paper_filename\":null,\"has_question_paper_pdf\":false}','{\"test_id\":11,\"student_id\":\"CSB23029\",\"CO1\":3,\"CO2\":7,\"CO3\":10,\"CO4\":6,\"CO5\":6,\"CO6\":0,\"validate_marks\":true}','::1','2026-05-15 18:41:00'),(194,3101,'UPDATE','MarksByCO','','{\"id\":11,\"offering_id\":10,\"course_id\":10,\"name\":\"Test-2\",\"full_marks\":40,\"pass_marks\":13,\"test_type\":null,\"test_date\":null,\"max_marks\":null,\"weightage\":null,\"question_paper_filename\":null,\"has_question_paper_pdf\":false}','{\"test_id\":11,\"student_id\":\"CSB23031\",\"CO1\":3,\"CO2\":6,\"CO3\":10,\"CO4\":5,\"CO5\":7,\"CO6\":0,\"validate_marks\":true}','::1','2026-05-15 18:41:00'),(195,3101,'UPDATE','MarksByCO','','{\"id\":11,\"offering_id\":10,\"course_id\":10,\"name\":\"Test-2\",\"full_marks\":40,\"pass_marks\":13,\"test_type\":null,\"test_date\":null,\"max_marks\":null,\"weightage\":null,\"question_paper_filename\":null,\"has_question_paper_pdf\":false}','{\"test_id\":11,\"student_id\":\"CSB23032\",\"CO1\":3,\"CO2\":6,\"CO3\":10,\"CO4\":6,\"CO5\":7,\"CO6\":0,\"validate_marks\":true}','::1','2026-05-15 18:41:00'),(196,3101,'UPDATE','MarksByCO','','{\"id\":11,\"offering_id\":10,\"course_id\":10,\"name\":\"Test-2\",\"full_marks\":40,\"pass_marks\":13,\"test_type\":null,\"test_date\":null,\"max_marks\":null,\"weightage\":null,\"question_paper_filename\":null,\"has_question_paper_pdf\":false}','{\"test_id\":11,\"student_id\":\"CSB23033\",\"CO1\":2,\"CO2\":4,\"CO3\":6,\"CO4\":4,\"CO5\":4,\"CO6\":0,\"validate_marks\":true}','::1','2026-05-15 18:41:00'),(197,3101,'UPDATE','MarksByCO','','{\"id\":11,\"offering_id\":10,\"course_id\":10,\"name\":\"Test-2\",\"full_marks\":40,\"pass_marks\":13,\"test_type\":null,\"test_date\":null,\"max_marks\":null,\"weightage\":null,\"question_paper_filename\":null,\"has_question_paper_pdf\":false}','{\"test_id\":11,\"student_id\":\"CSB23034\",\"CO1\":3,\"CO2\":6,\"CO3\":9,\"CO4\":5,\"CO5\":5,\"CO6\":0,\"validate_marks\":true}','::1','2026-05-15 18:41:00'),(198,3101,'UPDATE','MarksByCO','','{\"id\":11,\"offering_id\":10,\"course_id\":10,\"name\":\"Test-2\",\"full_marks\":40,\"pass_marks\":13,\"test_type\":null,\"test_date\":null,\"max_marks\":null,\"weightage\":null,\"question_paper_filename\":null,\"has_question_paper_pdf\":false}','{\"test_id\":11,\"student_id\":\"CSB23035\",\"CO1\":3,\"CO2\":6,\"CO3\":9,\"CO4\":5,\"CO5\":5,\"CO6\":0,\"validate_marks\":true}','::1','2026-05-15 18:41:00'),(199,3101,'UPDATE','MarksByCO','','{\"id\":11,\"offering_id\":10,\"course_id\":10,\"name\":\"Test-2\",\"full_marks\":40,\"pass_marks\":13,\"test_type\":null,\"test_date\":null,\"max_marks\":null,\"weightage\":null,\"question_paper_filename\":null,\"has_question_paper_pdf\":false}','{\"test_id\":11,\"student_id\":\"CSB23037\",\"CO1\":2,\"CO2\":5,\"CO3\":8,\"CO4\":5,\"CO5\":6,\"CO6\":0,\"validate_marks\":true}','::1','2026-05-15 18:41:00'),(200,3101,'UPDATE','MarksByCO','','{\"id\":11,\"offering_id\":10,\"course_id\":10,\"name\":\"Test-2\",\"full_marks\":40,\"pass_marks\":13,\"test_type\":null,\"test_date\":null,\"max_marks\":null,\"weightage\":null,\"question_paper_filename\":null,\"has_question_paper_pdf\":false}','{\"test_id\":11,\"student_id\":\"CSB23038\",\"CO1\":3,\"CO2\":5,\"CO3\":8,\"CO4\":4,\"CO5\":5,\"CO6\":0,\"validate_marks\":true}','::1','2026-05-15 18:41:00'),(201,3101,'UPDATE','MarksByCO','','{\"id\":11,\"offering_id\":10,\"course_id\":10,\"name\":\"Test-2\",\"full_marks\":40,\"pass_marks\":13,\"test_type\":null,\"test_date\":null,\"max_marks\":null,\"weightage\":null,\"question_paper_filename\":null,\"has_question_paper_pdf\":false}','{\"test_id\":11,\"student_id\":\"CSB23039\",\"CO1\":3,\"CO2\":6,\"CO3\":9,\"CO4\":6,\"CO5\":6,\"CO6\":0,\"validate_marks\":true}','::1','2026-05-15 18:41:00'),(202,3101,'UPDATE','MarksByCO','','{\"id\":11,\"offering_id\":10,\"course_id\":10,\"name\":\"Test-2\",\"full_marks\":40,\"pass_marks\":13,\"test_type\":null,\"test_date\":null,\"max_marks\":null,\"weightage\":null,\"question_paper_filename\":null,\"has_question_paper_pdf\":false}','{\"test_id\":11,\"student_id\":\"CSB23040\",\"CO1\":3,\"CO2\":6,\"CO3\":10,\"CO4\":5,\"CO5\":7,\"CO6\":0,\"validate_marks\":true}','::1','2026-05-15 18:41:00'),(203,3101,'UPDATE','MarksByCO','','{\"id\":11,\"offering_id\":10,\"course_id\":10,\"name\":\"Test-2\",\"full_marks\":40,\"pass_marks\":13,\"test_type\":null,\"test_date\":null,\"max_marks\":null,\"weightage\":null,\"question_paper_filename\":null,\"has_question_paper_pdf\":false}','{\"test_id\":11,\"student_id\":\"CSB23041\",\"CO1\":3,\"CO2\":7,\"CO3\":10,\"CO4\":6,\"CO5\":7,\"CO6\":0,\"validate_marks\":true}','::1','2026-05-15 18:41:00'),(204,3101,'UPDATE','MarksByCO','','{\"id\":11,\"offering_id\":10,\"course_id\":10,\"name\":\"Test-2\",\"full_marks\":40,\"pass_marks\":13,\"test_type\":null,\"test_date\":null,\"max_marks\":null,\"weightage\":null,\"question_paper_filename\":null,\"has_question_paper_pdf\":false}','{\"test_id\":11,\"student_id\":\"CSB23042\",\"CO1\":3,\"CO2\":7,\"CO3\":12,\"CO4\":7,\"CO5\":9,\"CO6\":0,\"validate_marks\":true}','::1','2026-05-15 18:41:00'),(205,3101,'UPDATE','MarksByCO','','{\"id\":11,\"offering_id\":10,\"course_id\":10,\"name\":\"Test-2\",\"full_marks\":40,\"pass_marks\":13,\"test_type\":null,\"test_date\":null,\"max_marks\":null,\"weightage\":null,\"question_paper_filename\":null,\"has_question_paper_pdf\":false}','{\"test_id\":11,\"student_id\":\"CSB23044\",\"CO1\":2,\"CO2\":5,\"CO3\":8,\"CO4\":5,\"CO5\":6,\"CO6\":0,\"validate_marks\":true}','::1','2026-05-15 18:41:01'),(206,3101,'UPDATE','MarksByCO','','{\"id\":11,\"offering_id\":10,\"course_id\":10,\"name\":\"Test-2\",\"full_marks\":40,\"pass_marks\":13,\"test_type\":null,\"test_date\":null,\"max_marks\":null,\"weightage\":null,\"question_paper_filename\":null,\"has_question_paper_pdf\":false}','{\"test_id\":11,\"student_id\":\"CSB23045\",\"CO1\":3,\"CO2\":6,\"CO3\":9,\"CO4\":6,\"CO5\":6,\"CO6\":0,\"validate_marks\":true}','::1','2026-05-15 18:41:01'),(207,3101,'UPDATE','MarksByCO','','{\"id\":11,\"offering_id\":10,\"course_id\":10,\"name\":\"Test-2\",\"full_marks\":40,\"pass_marks\":13,\"test_type\":null,\"test_date\":null,\"max_marks\":null,\"weightage\":null,\"question_paper_filename\":null,\"has_question_paper_pdf\":false}','{\"test_id\":11,\"student_id\":\"CSB23046\",\"CO1\":2,\"CO2\":4,\"CO3\":6,\"CO4\":4,\"CO5\":4,\"CO6\":0,\"validate_marks\":true}','::1','2026-05-15 18:41:01'),(208,3101,'UPDATE','MarksByCO','','{\"id\":11,\"offering_id\":10,\"course_id\":10,\"name\":\"Test-2\",\"full_marks\":40,\"pass_marks\":13,\"test_type\":null,\"test_date\":null,\"max_marks\":null,\"weightage\":null,\"question_paper_filename\":null,\"has_question_paper_pdf\":false}','{\"test_id\":11,\"student_id\":\"CSB23047\",\"CO1\":3,\"CO2\":6,\"CO3\":10,\"CO4\":6,\"CO5\":7,\"CO6\":0,\"validate_marks\":true}','::1','2026-05-15 18:41:01'),(209,3101,'UPDATE','MarksByCO','','{\"id\":11,\"offering_id\":10,\"course_id\":10,\"name\":\"Test-2\",\"full_marks\":40,\"pass_marks\":13,\"test_type\":null,\"test_date\":null,\"max_marks\":null,\"weightage\":null,\"question_paper_filename\":null,\"has_question_paper_pdf\":false}','{\"test_id\":11,\"student_id\":\"CSB23048\",\"CO1\":2,\"CO2\":4,\"CO3\":7,\"CO4\":4,\"CO5\":5,\"CO6\":0,\"validate_marks\":true}','::1','2026-05-15 18:41:01'),(210,3101,'UPDATE','MarksByCO','','{\"id\":11,\"offering_id\":10,\"course_id\":10,\"name\":\"Test-2\",\"full_marks\":40,\"pass_marks\":13,\"test_type\":null,\"test_date\":null,\"max_marks\":null,\"weightage\":null,\"question_paper_filename\":null,\"has_question_paper_pdf\":false}','{\"test_id\":11,\"student_id\":\"CSB23050\",\"CO1\":3,\"CO2\":7,\"CO3\":11,\"CO4\":7,\"CO5\":9,\"CO6\":0,\"validate_marks\":true}','::1','2026-05-15 18:41:01'),(211,3101,'UPDATE','MarksByCO','','{\"id\":11,\"offering_id\":10,\"course_id\":10,\"name\":\"Test-2\",\"full_marks\":40,\"pass_marks\":13,\"test_type\":null,\"test_date\":null,\"max_marks\":null,\"weightage\":null,\"question_paper_filename\":null,\"has_question_paper_pdf\":false}','{\"test_id\":11,\"student_id\":\"CSB23051\",\"CO1\":3,\"CO2\":7,\"CO3\":8,\"CO4\":6,\"CO5\":7,\"CO6\":0,\"validate_marks\":true}','::1','2026-05-15 18:41:01'),(212,3101,'UPDATE','MarksByCO','','{\"id\":11,\"offering_id\":10,\"course_id\":10,\"name\":\"Test-2\",\"full_marks\":40,\"pass_marks\":13,\"test_type\":null,\"test_date\":null,\"max_marks\":null,\"weightage\":null,\"question_paper_filename\":null,\"has_question_paper_pdf\":false}','{\"test_id\":11,\"student_id\":\"CSB23052\",\"CO1\":3,\"CO2\":7,\"CO3\":6,\"CO4\":7,\"CO5\":6,\"CO6\":0,\"validate_marks\":true}','::1','2026-05-15 18:41:01'),(213,3101,'UPDATE','MarksByCO','','{\"id\":11,\"offering_id\":10,\"course_id\":10,\"name\":\"Test-2\",\"full_marks\":40,\"pass_marks\":13,\"test_type\":null,\"test_date\":null,\"max_marks\":null,\"weightage\":null,\"question_paper_filename\":null,\"has_question_paper_pdf\":false}','{\"test_id\":11,\"student_id\":\"CSB23053\",\"CO1\":3,\"CO2\":5,\"CO3\":7,\"CO4\":4,\"CO5\":4,\"CO6\":0,\"validate_marks\":true}','::1','2026-05-15 18:41:01'),(214,3101,'UPDATE','MarksByCO','','{\"id\":11,\"offering_id\":10,\"course_id\":10,\"name\":\"Test-2\",\"full_marks\":40,\"pass_marks\":13,\"test_type\":null,\"test_date\":null,\"max_marks\":null,\"weightage\":null,\"question_paper_filename\":null,\"has_question_paper_pdf\":false}','{\"test_id\":11,\"student_id\":\"CSB23054\",\"CO1\":3,\"CO2\":7,\"CO3\":6,\"CO4\":7,\"CO5\":9,\"CO6\":0,\"validate_marks\":true}','::1','2026-05-15 18:41:01'),(215,3101,'UPDATE','MarksByCO','','{\"id\":11,\"offering_id\":10,\"course_id\":10,\"name\":\"Test-2\",\"full_marks\":40,\"pass_marks\":13,\"test_type\":null,\"test_date\":null,\"max_marks\":null,\"weightage\":null,\"question_paper_filename\":null,\"has_question_paper_pdf\":false}','{\"test_id\":11,\"student_id\":\"CSB23055\",\"CO1\":3,\"CO2\":7,\"CO3\":9,\"CO4\":7,\"CO5\":9,\"CO6\":0,\"validate_marks\":true}','::1','2026-05-15 18:41:01'),(216,3101,'UPDATE','MarksByCO','','{\"id\":11,\"offering_id\":10,\"course_id\":10,\"name\":\"Test-2\",\"full_marks\":40,\"pass_marks\":13,\"test_type\":null,\"test_date\":null,\"max_marks\":null,\"weightage\":null,\"question_paper_filename\":null,\"has_question_paper_pdf\":false}','{\"test_id\":11,\"student_id\":\"CSB23056\",\"CO1\":3,\"CO2\":7,\"CO3\":6,\"CO4\":4,\"CO5\":10,\"CO6\":0,\"validate_marks\":true}','::1','2026-05-15 18:41:01'),(217,3101,'UPDATE','MarksByCO','','{\"id\":11,\"offering_id\":10,\"course_id\":10,\"name\":\"Test-2\",\"full_marks\":40,\"pass_marks\":13,\"test_type\":null,\"test_date\":null,\"max_marks\":null,\"weightage\":null,\"question_paper_filename\":null,\"has_question_paper_pdf\":false}','{\"test_id\":11,\"student_id\":\"CSB23057\",\"CO1\":3,\"CO2\":6,\"CO3\":5,\"CO4\":4,\"CO5\":10,\"CO6\":0,\"validate_marks\":true}','::1','2026-05-15 18:41:01'),(218,3101,'UPDATE','MarksByCO','','{\"id\":11,\"offering_id\":10,\"course_id\":10,\"name\":\"Test-2\",\"full_marks\":40,\"pass_marks\":13,\"test_type\":null,\"test_date\":null,\"max_marks\":null,\"weightage\":null,\"question_paper_filename\":null,\"has_question_paper_pdf\":false}','{\"test_id\":11,\"student_id\":\"CSB23059\",\"CO1\":3,\"CO2\":7,\"CO3\":3,\"CO4\":5,\"CO5\":5,\"CO6\":0,\"validate_marks\":true}','::1','2026-05-15 18:41:01'),(219,3101,'UPDATE','MarksByCO','','{\"id\":11,\"offering_id\":10,\"course_id\":10,\"name\":\"Test-2\",\"full_marks\":40,\"pass_marks\":13,\"test_type\":null,\"test_date\":null,\"max_marks\":null,\"weightage\":null,\"question_paper_filename\":null,\"has_question_paper_pdf\":false}','{\"test_id\":11,\"student_id\":\"CSB23060\",\"CO1\":3,\"CO2\":7,\"CO3\":5,\"CO4\":7,\"CO5\":11,\"CO6\":0,\"validate_marks\":true}','::1','2026-05-15 18:41:01'),(220,3101,'UPDATE','MarksByCO','','{\"id\":11,\"offering_id\":10,\"course_id\":10,\"name\":\"Test-2\",\"full_marks\":40,\"pass_marks\":13,\"test_type\":null,\"test_date\":null,\"max_marks\":null,\"weightage\":null,\"question_paper_filename\":null,\"has_question_paper_pdf\":false}','{\"test_id\":11,\"student_id\":\"CSB23061\",\"CO1\":3,\"CO2\":5,\"CO3\":10,\"CO4\":7,\"CO5\":9,\"CO6\":0,\"validate_marks\":true}','::1','2026-05-15 18:41:01'),(221,3101,'UPDATE','MarksByCO','','{\"id\":11,\"offering_id\":10,\"course_id\":10,\"name\":\"Test-2\",\"full_marks\":40,\"pass_marks\":13,\"test_type\":null,\"test_date\":null,\"max_marks\":null,\"weightage\":null,\"question_paper_filename\":null,\"has_question_paper_pdf\":false}','{\"test_id\":11,\"student_id\":\"CSB23062\",\"CO1\":3,\"CO2\":7,\"CO3\":7,\"CO4\":7,\"CO5\":10,\"CO6\":0,\"validate_marks\":true}','::1','2026-05-15 18:41:01'),(222,3101,'UPDATE','MarksByCO','','{\"id\":11,\"offering_id\":10,\"course_id\":10,\"name\":\"Test-2\",\"full_marks\":40,\"pass_marks\":13,\"test_type\":null,\"test_date\":null,\"max_marks\":null,\"weightage\":null,\"question_paper_filename\":null,\"has_question_paper_pdf\":false}','{\"test_id\":11,\"student_id\":\"CSB23063\",\"CO1\":3,\"CO2\":7,\"CO3\":12,\"CO4\":7,\"CO5\":8,\"CO6\":0,\"validate_marks\":true}','::1','2026-05-15 18:41:01'),(223,3101,'UPDATE','MarksByCO','','{\"id\":11,\"offering_id\":10,\"course_id\":10,\"name\":\"Test-2\",\"full_marks\":40,\"pass_marks\":13,\"test_type\":null,\"test_date\":null,\"max_marks\":null,\"weightage\":null,\"question_paper_filename\":null,\"has_question_paper_pdf\":false}','{\"test_id\":11,\"student_id\":\"CSB23064\",\"CO1\":3,\"CO2\":7,\"CO3\":5,\"CO4\":7,\"CO5\":10,\"CO6\":0,\"validate_marks\":true}','::1','2026-05-15 18:41:01'),(224,3101,'UPDATE','MarksByCO','','{\"id\":11,\"offering_id\":10,\"course_id\":10,\"name\":\"Test-2\",\"full_marks\":40,\"pass_marks\":13,\"test_type\":null,\"test_date\":null,\"max_marks\":null,\"weightage\":null,\"question_paper_filename\":null,\"has_question_paper_pdf\":false}','{\"test_id\":11,\"student_id\":\"CSB23065\",\"CO1\":3,\"CO2\":7,\"CO3\":7,\"CO4\":7,\"CO5\":5,\"CO6\":0,\"validate_marks\":true}','::1','2026-05-15 18:41:01'),(225,3101,'UPDATE','MarksByCO','','{\"id\":11,\"offering_id\":10,\"course_id\":10,\"name\":\"Test-2\",\"full_marks\":40,\"pass_marks\":13,\"test_type\":null,\"test_date\":null,\"max_marks\":null,\"weightage\":null,\"question_paper_filename\":null,\"has_question_paper_pdf\":false}','{\"test_id\":11,\"student_id\":\"CSB23066\",\"CO1\":3,\"CO2\":6,\"CO3\":5,\"CO4\":7,\"CO5\":8,\"CO6\":0,\"validate_marks\":true}','::1','2026-05-15 18:41:01'),(226,3101,'UPDATE','MarksByCO','','{\"id\":11,\"offering_id\":10,\"course_id\":10,\"name\":\"Test-2\",\"full_marks\":40,\"pass_marks\":13,\"test_type\":null,\"test_date\":null,\"max_marks\":null,\"weightage\":null,\"question_paper_filename\":null,\"has_question_paper_pdf\":false}','{\"test_id\":11,\"student_id\":\"CSB23067\",\"CO1\":3,\"CO2\":7,\"CO3\":9,\"CO4\":7,\"CO5\":9,\"CO6\":0,\"validate_marks\":true}','::1','2026-05-15 18:41:02'),(227,3101,'UPDATE','MarksByCO','','{\"id\":11,\"offering_id\":10,\"course_id\":10,\"name\":\"Test-2\",\"full_marks\":40,\"pass_marks\":13,\"test_type\":null,\"test_date\":null,\"max_marks\":null,\"weightage\":null,\"question_paper_filename\":null,\"has_question_paper_pdf\":false}','{\"test_id\":11,\"student_id\":\"CSB23068\",\"CO1\":3,\"CO2\":7,\"CO3\":7,\"CO4\":7,\"CO5\":9,\"CO6\":0,\"validate_marks\":true}','::1','2026-05-15 18:41:02'),(228,3101,'UPDATE','MarksByCO','','{\"id\":11,\"offering_id\":10,\"course_id\":10,\"name\":\"Test-2\",\"full_marks\":40,\"pass_marks\":13,\"test_type\":null,\"test_date\":null,\"max_marks\":null,\"weightage\":null,\"question_paper_filename\":null,\"has_question_paper_pdf\":false}','{\"test_id\":11,\"student_id\":\"CSB23069\",\"CO1\":3,\"CO2\":7,\"CO3\":10,\"CO4\":6,\"CO5\":7,\"CO6\":0,\"validate_marks\":true}','::1','2026-05-15 18:41:02'),(229,3101,'UPDATE','MarksByCO','','{\"id\":11,\"offering_id\":10,\"course_id\":10,\"name\":\"Test-2\",\"full_marks\":40,\"pass_marks\":13,\"test_type\":null,\"test_date\":null,\"max_marks\":null,\"weightage\":null,\"question_paper_filename\":null,\"has_question_paper_pdf\":false}','{\"test_id\":11,\"student_id\":\"CSB23070\",\"CO1\":3,\"CO2\":3,\"CO3\":6,\"CO4\":6,\"CO5\":4,\"CO6\":0,\"validate_marks\":true}','::1','2026-05-15 18:41:02'),(230,3101,'UPDATE','MarksByCO','','{\"id\":11,\"offering_id\":10,\"course_id\":10,\"name\":\"Test-2\",\"full_marks\":40,\"pass_marks\":13,\"test_type\":null,\"test_date\":null,\"max_marks\":null,\"weightage\":null,\"question_paper_filename\":null,\"has_question_paper_pdf\":false}','{\"test_id\":11,\"student_id\":\"CSB23071\",\"CO1\":3,\"CO2\":2,\"CO3\":3,\"CO4\":6,\"CO5\":4,\"CO6\":0,\"validate_marks\":true}','::1','2026-05-15 18:41:02'),(231,3101,'UPDATE','MarksByCO','','{\"id\":11,\"offering_id\":10,\"course_id\":10,\"name\":\"Test-2\",\"full_marks\":40,\"pass_marks\":13,\"test_type\":null,\"test_date\":null,\"max_marks\":null,\"weightage\":null,\"question_paper_filename\":null,\"has_question_paper_pdf\":false}','{\"test_id\":11,\"student_id\":\"CSB23072\",\"CO1\":3,\"CO2\":7,\"CO3\":11,\"CO4\":7,\"CO5\":9,\"CO6\":0,\"validate_marks\":true}','::1','2026-05-15 18:41:02'),(232,3101,'UPDATE','MarksByCO','','{\"id\":11,\"offering_id\":10,\"course_id\":10,\"name\":\"Test-2\",\"full_marks\":40,\"pass_marks\":13,\"test_type\":null,\"test_date\":null,\"max_marks\":null,\"weightage\":null,\"question_paper_filename\":null,\"has_question_paper_pdf\":false}','{\"test_id\":11,\"student_id\":\"CSB23073\",\"CO1\":0,\"CO2\":0,\"CO3\":0,\"CO4\":7,\"CO5\":5,\"CO6\":0,\"validate_marks\":true}','::1','2026-05-15 18:41:02'),(233,3101,'UPDATE','MarksByCO','','{\"id\":11,\"offering_id\":10,\"course_id\":10,\"name\":\"Test-2\",\"full_marks\":40,\"pass_marks\":13,\"test_type\":null,\"test_date\":null,\"max_marks\":null,\"weightage\":null,\"question_paper_filename\":null,\"has_question_paper_pdf\":false}','{\"test_id\":11,\"student_id\":\"CSB23074\",\"CO1\":3,\"CO2\":7,\"CO3\":8,\"CO4\":7,\"CO5\":9,\"CO6\":0,\"validate_marks\":true}','::1','2026-05-15 18:41:02'),(234,3101,'UPDATE','MarksByCO','','{\"id\":11,\"offering_id\":10,\"course_id\":10,\"name\":\"Test-2\",\"full_marks\":40,\"pass_marks\":13,\"test_type\":null,\"test_date\":null,\"max_marks\":null,\"weightage\":null,\"question_paper_filename\":null,\"has_question_paper_pdf\":false}','{\"test_id\":11,\"student_id\":\"CSB23075\",\"CO1\":3,\"CO2\":7,\"CO3\":12,\"CO4\":4,\"CO5\":11,\"CO6\":0,\"validate_marks\":true}','::1','2026-05-15 18:41:02'),(235,3101,'UPDATE','MarksByCO','','{\"id\":11,\"offering_id\":10,\"course_id\":10,\"name\":\"Test-2\",\"full_marks\":40,\"pass_marks\":13,\"test_type\":null,\"test_date\":null,\"max_marks\":null,\"weightage\":null,\"question_paper_filename\":null,\"has_question_paper_pdf\":false}','{\"test_id\":11,\"student_id\":\"CSB23076\",\"CO1\":3,\"CO2\":7,\"CO3\":7,\"CO4\":7,\"CO5\":9,\"CO6\":0,\"validate_marks\":true}','::1','2026-05-15 18:41:02'),(236,3101,'UPDATE','MarksByCO','','{\"id\":11,\"offering_id\":10,\"course_id\":10,\"name\":\"Test-2\",\"full_marks\":40,\"pass_marks\":13,\"test_type\":null,\"test_date\":null,\"max_marks\":null,\"weightage\":null,\"question_paper_filename\":null,\"has_question_paper_pdf\":false}','{\"test_id\":11,\"student_id\":\"CSB23078\",\"CO1\":3,\"CO2\":7,\"CO3\":4,\"CO4\":7,\"CO5\":8,\"CO6\":0,\"validate_marks\":true}','::1','2026-05-15 18:41:02'),(237,3101,'UPDATE','MarksByCO','','{\"id\":11,\"offering_id\":10,\"course_id\":10,\"name\":\"Test-2\",\"full_marks\":40,\"pass_marks\":13,\"test_type\":null,\"test_date\":null,\"max_marks\":null,\"weightage\":null,\"question_paper_filename\":null,\"has_question_paper_pdf\":false}','{\"test_id\":11,\"student_id\":\"CSB23079\",\"CO1\":3,\"CO2\":6,\"CO3\":5,\"CO4\":7,\"CO5\":11,\"CO6\":0,\"validate_marks\":true}','::1','2026-05-15 18:41:02'),(238,3101,'UPDATE','MarksByCO','','{\"id\":11,\"offering_id\":10,\"course_id\":10,\"name\":\"Test-2\",\"full_marks\":40,\"pass_marks\":13,\"test_type\":null,\"test_date\":null,\"max_marks\":null,\"weightage\":null,\"question_paper_filename\":null,\"has_question_paper_pdf\":false}','{\"test_id\":11,\"student_id\":\"CSB23080\",\"CO1\":3,\"CO2\":3,\"CO3\":8,\"CO4\":7,\"CO5\":8,\"CO6\":0,\"validate_marks\":true}','::1','2026-05-15 18:41:02'),(239,3101,'UPDATE','MarksByCO','','{\"id\":11,\"offering_id\":10,\"course_id\":10,\"name\":\"Test-2\",\"full_marks\":40,\"pass_marks\":13,\"test_type\":null,\"test_date\":null,\"max_marks\":null,\"weightage\":null,\"question_paper_filename\":null,\"has_question_paper_pdf\":false}','{\"test_id\":11,\"student_id\":\"CSB23081\",\"CO1\":3,\"CO2\":7,\"CO3\":12,\"CO4\":7,\"CO5\":10,\"CO6\":0,\"validate_marks\":true}','::1','2026-05-15 18:41:02'),(240,3101,'UPDATE','MarksByCO','','{\"id\":11,\"offering_id\":10,\"course_id\":10,\"name\":\"Test-2\",\"full_marks\":40,\"pass_marks\":13,\"test_type\":null,\"test_date\":null,\"max_marks\":null,\"weightage\":null,\"question_paper_filename\":null,\"has_question_paper_pdf\":false}','{\"test_id\":11,\"student_id\":\"CSB24201\",\"CO1\":3,\"CO2\":5,\"CO3\":10,\"CO4\":6,\"CO5\":10,\"CO6\":0,\"validate_marks\":true}','::1','2026-05-15 18:41:02'),(241,3101,'UPDATE','MarksByCO','','{\"id\":11,\"offering_id\":10,\"course_id\":10,\"name\":\"Test-2\",\"full_marks\":40,\"pass_marks\":13,\"test_type\":null,\"test_date\":null,\"max_marks\":null,\"weightage\":null,\"question_paper_filename\":null,\"has_question_paper_pdf\":false}','{\"test_id\":11,\"student_id\":\"CSB24202\",\"CO1\":2,\"CO2\":3,\"CO3\":3,\"CO4\":7,\"CO5\":3,\"CO6\":0,\"validate_marks\":true}','::1','2026-05-15 18:41:02'),(242,3101,'UPDATE','MarksByCO','','{\"id\":11,\"offering_id\":10,\"course_id\":10,\"name\":\"Test-2\",\"full_marks\":40,\"pass_marks\":13,\"test_type\":null,\"test_date\":null,\"max_marks\":null,\"weightage\":null,\"question_paper_filename\":null,\"has_question_paper_pdf\":false}','{\"test_id\":11,\"student_id\":\"CSB24203\",\"CO1\":3,\"CO2\":4,\"CO3\":6,\"CO4\":5,\"CO5\":1,\"CO6\":0,\"validate_marks\":true}','::1','2026-05-15 18:41:02'),(243,3101,'UPDATE','MarksByCO','','{\"id\":11,\"offering_id\":10,\"course_id\":10,\"name\":\"Test-2\",\"full_marks\":40,\"pass_marks\":13,\"test_type\":null,\"test_date\":null,\"max_marks\":null,\"weightage\":null,\"question_paper_filename\":null,\"has_question_paper_pdf\":false}','{\"test_id\":11,\"student_id\":\"CSB24204\",\"CO1\":3,\"CO2\":7,\"CO3\":12,\"CO4\":7,\"CO5\":8,\"CO6\":0,\"validate_marks\":true}','::1','2026-05-15 18:41:02'),(244,3101,'UPDATE','MarksByCO','','{\"id\":11,\"offering_id\":10,\"course_id\":10,\"name\":\"Test-2\",\"full_marks\":40,\"pass_marks\":13,\"test_type\":null,\"test_date\":null,\"max_marks\":null,\"weightage\":null,\"question_paper_filename\":null,\"has_question_paper_pdf\":false}','{\"test_id\":11,\"student_id\":\"CSB24205\",\"CO1\":3,\"CO2\":7,\"CO3\":5,\"CO4\":7,\"CO5\":7,\"CO6\":0,\"validate_marks\":true}','::1','2026-05-15 18:41:02'),(245,3101,'CREATE','Assessment','',NULL,'{\"offering_id\":10,\"name\":\"End-Term\",\"full_marks\":30,\"pass_marks\":10,\"questions\":[{\"question_number\":1,\"sub_question\":\"\",\"is_optional\":false,\"co\":1,\"max_marks\":6},{\"question_number\":2,\"sub_question\":\"\",\"is_optional\":false,\"co\":2,\"max_marks\":3},{\"question_number\":3,\"sub_question\":\"\",\"is_optional\":false,\"co\":3,\"max_marks\":8},{\"question_number\":4,\"sub_question\":\"\",\"is_optional\":false,\"co\":4,\"max_marks\":9},{\"question_number\":5,\"sub_question\":\"\",\"is_optional\":false,\"co\":5,\"max_marks\":4}]}','::1','2026-05-15 18:41:50'),(246,3101,'UPDATE','MarksByCO','','{\"id\":12,\"offering_id\":10,\"course_id\":10,\"name\":\"End-Term\",\"full_marks\":30,\"pass_marks\":10,\"test_type\":null,\"test_date\":null,\"max_marks\":null,\"weightage\":null,\"question_paper_filename\":null,\"has_question_paper_pdf\":false}','{\"test_id\":12,\"student_id\":\"CSB21013\",\"CO1\":2,\"CO2\":3,\"CO3\":0,\"CO4\":0,\"CO5\":0,\"CO6\":0,\"validate_marks\":true}','::1','2026-05-15 18:42:05'),(247,3101,'UPDATE','MarksByCO','','{\"id\":12,\"offering_id\":10,\"course_id\":10,\"name\":\"End-Term\",\"full_marks\":30,\"pass_marks\":10,\"test_type\":null,\"test_date\":null,\"max_marks\":null,\"weightage\":null,\"question_paper_filename\":null,\"has_question_paper_pdf\":false}','{\"test_id\":12,\"student_id\":\"CSB21034\",\"CO1\":2,\"CO2\":0,\"CO3\":0,\"CO4\":0,\"CO5\":0,\"CO6\":0,\"validate_marks\":true}','::1','2026-05-15 18:42:05'),(248,3101,'UPDATE','MarksByCO','','{\"id\":12,\"offering_id\":10,\"course_id\":10,\"name\":\"End-Term\",\"full_marks\":30,\"pass_marks\":10,\"test_type\":null,\"test_date\":null,\"max_marks\":null,\"weightage\":null,\"question_paper_filename\":null,\"has_question_paper_pdf\":false}','{\"test_id\":12,\"student_id\":\"CSB22031\",\"CO1\":0,\"CO2\":3,\"CO3\":0,\"CO4\":0,\"CO5\":2,\"CO6\":0,\"validate_marks\":true}','::1','2026-05-15 18:42:06'),(249,3101,'UPDATE','MarksByCO','','{\"id\":12,\"offering_id\":10,\"course_id\":10,\"name\":\"End-Term\",\"full_marks\":30,\"pass_marks\":10,\"test_type\":null,\"test_date\":null,\"max_marks\":null,\"weightage\":null,\"question_paper_filename\":null,\"has_question_paper_pdf\":false}','{\"test_id\":12,\"student_id\":\"CSB22039\",\"CO1\":0,\"CO2\":0,\"CO3\":3,\"CO4\":0,\"CO5\":0,\"CO6\":0,\"validate_marks\":true}','::1','2026-05-15 18:42:06'),(250,3101,'UPDATE','MarksByCO','','{\"id\":12,\"offering_id\":10,\"course_id\":10,\"name\":\"End-Term\",\"full_marks\":30,\"pass_marks\":10,\"test_type\":null,\"test_date\":null,\"max_marks\":null,\"weightage\":null,\"question_paper_filename\":null,\"has_question_paper_pdf\":false}','{\"test_id\":12,\"student_id\":\"CSB22040\",\"CO1\":0,\"CO2\":0,\"CO3\":2,\"CO4\":3,\"CO5\":0,\"CO6\":0,\"validate_marks\":true}','::1','2026-05-15 18:42:06'),(251,3101,'UPDATE','MarksByCO','','{\"id\":12,\"offering_id\":10,\"course_id\":10,\"name\":\"End-Term\",\"full_marks\":30,\"pass_marks\":10,\"test_type\":null,\"test_date\":null,\"max_marks\":null,\"weightage\":null,\"question_paper_filename\":null,\"has_question_paper_pdf\":false}','{\"test_id\":12,\"student_id\":\"CSB22042\",\"CO1\":6,\"CO2\":3,\"CO3\":0,\"CO4\":0,\"CO5\":0,\"CO6\":0,\"validate_marks\":true}','::1','2026-05-15 18:42:06'),(252,3101,'UPDATE','MarksByCO','','{\"id\":12,\"offering_id\":10,\"course_id\":10,\"name\":\"End-Term\",\"full_marks\":30,\"pass_marks\":10,\"test_type\":null,\"test_date\":null,\"max_marks\":null,\"weightage\":null,\"question_paper_filename\":null,\"has_question_paper_pdf\":false}','{\"test_id\":12,\"student_id\":\"CSB22045\",\"CO1\":0,\"CO2\":0,\"CO3\":5,\"CO4\":0,\"CO5\":0,\"CO6\":0,\"validate_marks\":true}','::1','2026-05-15 18:42:06'),(253,3101,'UPDATE','MarksByCO','','{\"id\":12,\"offering_id\":10,\"course_id\":10,\"name\":\"End-Term\",\"full_marks\":30,\"pass_marks\":10,\"test_type\":null,\"test_date\":null,\"max_marks\":null,\"weightage\":null,\"question_paper_filename\":null,\"has_question_paper_pdf\":false}','{\"test_id\":12,\"student_id\":\"CSB22049\",\"CO1\":2,\"CO2\":0,\"CO3\":0,\"CO4\":0,\"CO5\":4,\"CO6\":0,\"validate_marks\":true}','::1','2026-05-15 18:42:06'),(254,3101,'UPDATE','MarksByCO','','{\"id\":12,\"offering_id\":10,\"course_id\":10,\"name\":\"End-Term\",\"full_marks\":30,\"pass_marks\":10,\"test_type\":null,\"test_date\":null,\"max_marks\":null,\"weightage\":null,\"question_paper_filename\":null,\"has_question_paper_pdf\":false}','{\"test_id\":12,\"student_id\":\"CSB22051\",\"CO1\":4,\"CO2\":2,\"CO3\":0,\"CO4\":0,\"CO5\":0,\"CO6\":0,\"validate_marks\":true}','::1','2026-05-15 18:42:06'),(255,3101,'UPDATE','MarksByCO','','{\"id\":12,\"offering_id\":10,\"course_id\":10,\"name\":\"End-Term\",\"full_marks\":30,\"pass_marks\":10,\"test_type\":null,\"test_date\":null,\"max_marks\":null,\"weightage\":null,\"question_paper_filename\":null,\"has_question_paper_pdf\":false}','{\"test_id\":12,\"student_id\":\"CSB22066\",\"CO1\":4,\"CO2\":3,\"CO3\":3,\"CO4\":7,\"CO5\":4,\"CO6\":0,\"validate_marks\":true}','::1','2026-05-15 18:42:06'),(256,3101,'UPDATE','MarksByCO','','{\"id\":12,\"offering_id\":10,\"course_id\":10,\"name\":\"End-Term\",\"full_marks\":30,\"pass_marks\":10,\"test_type\":null,\"test_date\":null,\"max_marks\":null,\"weightage\":null,\"question_paper_filename\":null,\"has_question_paper_pdf\":false}','{\"test_id\":12,\"student_id\":\"CSB22080\",\"CO1\":4,\"CO2\":2,\"CO3\":1,\"CO4\":3,\"CO5\":2,\"CO6\":0,\"validate_marks\":true}','::1','2026-05-15 18:42:06'),(257,3101,'UPDATE','MarksByCO','','{\"id\":12,\"offering_id\":10,\"course_id\":10,\"name\":\"End-Term\",\"full_marks\":30,\"pass_marks\":10,\"test_type\":null,\"test_date\":null,\"max_marks\":null,\"weightage\":null,\"question_paper_filename\":null,\"has_question_paper_pdf\":false}','{\"test_id\":12,\"student_id\":\"CSB23001\",\"CO1\":4,\"CO2\":2,\"CO3\":2,\"CO4\":3,\"CO5\":1,\"CO6\":0,\"validate_marks\":true}','::1','2026-05-15 18:42:06'),(258,3101,'UPDATE','MarksByCO','','{\"id\":12,\"offering_id\":10,\"course_id\":10,\"name\":\"End-Term\",\"full_marks\":30,\"pass_marks\":10,\"test_type\":null,\"test_date\":null,\"max_marks\":null,\"weightage\":null,\"question_paper_filename\":null,\"has_question_paper_pdf\":false}','{\"test_id\":12,\"student_id\":\"CSB23003\",\"CO1\":4,\"CO2\":1,\"CO3\":1,\"CO4\":0,\"CO5\":3,\"CO6\":0,\"validate_marks\":true}','::1','2026-05-15 18:42:06'),(259,3101,'UPDATE','MarksByCO','','{\"id\":12,\"offering_id\":10,\"course_id\":10,\"name\":\"End-Term\",\"full_marks\":30,\"pass_marks\":10,\"test_type\":null,\"test_date\":null,\"max_marks\":null,\"weightage\":null,\"question_paper_filename\":null,\"has_question_paper_pdf\":false}','{\"test_id\":12,\"student_id\":\"CSB23004\",\"CO1\":4,\"CO2\":3,\"CO3\":4,\"CO4\":8,\"CO5\":4,\"CO6\":0,\"validate_marks\":true}','::1','2026-05-15 18:42:06'),(260,3101,'UPDATE','MarksByCO','','{\"id\":12,\"offering_id\":10,\"course_id\":10,\"name\":\"End-Term\",\"full_marks\":30,\"pass_marks\":10,\"test_type\":null,\"test_date\":null,\"max_marks\":null,\"weightage\":null,\"question_paper_filename\":null,\"has_question_paper_pdf\":false}','{\"test_id\":12,\"student_id\":\"CSB23005\",\"CO1\":2,\"CO2\":3,\"CO3\":3,\"CO4\":3,\"CO5\":4,\"CO6\":0,\"validate_marks\":true}','::1','2026-05-15 18:42:06'),(261,3101,'UPDATE','MarksByCO','','{\"id\":12,\"offering_id\":10,\"course_id\":10,\"name\":\"End-Term\",\"full_marks\":30,\"pass_marks\":10,\"test_type\":null,\"test_date\":null,\"max_marks\":null,\"weightage\":null,\"question_paper_filename\":null,\"has_question_paper_pdf\":false}','{\"test_id\":12,\"student_id\":\"CSB23010\",\"CO1\":6,\"CO2\":3,\"CO3\":8,\"CO4\":9,\"CO5\":4,\"CO6\":0,\"validate_marks\":true}','::1','2026-05-15 18:42:06'),(262,3101,'UPDATE','MarksByCO','','{\"id\":12,\"offering_id\":10,\"course_id\":10,\"name\":\"End-Term\",\"full_marks\":30,\"pass_marks\":10,\"test_type\":null,\"test_date\":null,\"max_marks\":null,\"weightage\":null,\"question_paper_filename\":null,\"has_question_paper_pdf\":false}','{\"test_id\":12,\"student_id\":\"CSB23012\",\"CO1\":6,\"CO2\":3,\"CO3\":8,\"CO4\":8,\"CO5\":4,\"CO6\":0,\"validate_marks\":true}','::1','2026-05-15 18:42:06'),(263,3101,'UPDATE','MarksByCO','','{\"id\":12,\"offering_id\":10,\"course_id\":10,\"name\":\"End-Term\",\"full_marks\":30,\"pass_marks\":10,\"test_type\":null,\"test_date\":null,\"max_marks\":null,\"weightage\":null,\"question_paper_filename\":null,\"has_question_paper_pdf\":false}','{\"test_id\":12,\"student_id\":\"CSB23016\",\"CO1\":6,\"CO2\":3,\"CO3\":3,\"CO4\":2,\"CO5\":4,\"CO6\":0,\"validate_marks\":true}','::1','2026-05-15 18:42:06'),(264,3101,'UPDATE','MarksByCO','','{\"id\":12,\"offering_id\":10,\"course_id\":10,\"name\":\"End-Term\",\"full_marks\":30,\"pass_marks\":10,\"test_type\":null,\"test_date\":null,\"max_marks\":null,\"weightage\":null,\"question_paper_filename\":null,\"has_question_paper_pdf\":false}','{\"test_id\":12,\"student_id\":\"CSB23017\",\"CO1\":6,\"CO2\":3,\"CO3\":5,\"CO4\":5,\"CO5\":4,\"CO6\":0,\"validate_marks\":true}','::1','2026-05-15 18:42:06'),(265,3101,'UPDATE','MarksByCO','','{\"id\":12,\"offering_id\":10,\"course_id\":10,\"name\":\"End-Term\",\"full_marks\":30,\"pass_marks\":10,\"test_type\":null,\"test_date\":null,\"max_marks\":null,\"weightage\":null,\"question_paper_filename\":null,\"has_question_paper_pdf\":false}','{\"test_id\":12,\"student_id\":\"CSB23018\",\"CO1\":3,\"CO2\":3,\"CO3\":5,\"CO4\":6,\"CO5\":3,\"CO6\":0,\"validate_marks\":true}','::1','2026-05-15 18:42:06'),(266,3101,'UPDATE','MarksByCO','','{\"id\":12,\"offering_id\":10,\"course_id\":10,\"name\":\"End-Term\",\"full_marks\":30,\"pass_marks\":10,\"test_type\":null,\"test_date\":null,\"max_marks\":null,\"weightage\":null,\"question_paper_filename\":null,\"has_question_paper_pdf\":false}','{\"test_id\":12,\"student_id\":\"CSB23019\",\"CO1\":2,\"CO2\":3,\"CO3\":6,\"CO4\":9,\"CO5\":4,\"CO6\":0,\"validate_marks\":true}','::1','2026-05-15 18:42:06'),(267,3101,'UPDATE','MarksByCO','','{\"id\":12,\"offering_id\":10,\"course_id\":10,\"name\":\"End-Term\",\"full_marks\":30,\"pass_marks\":10,\"test_type\":null,\"test_date\":null,\"max_marks\":null,\"weightage\":null,\"question_paper_filename\":null,\"has_question_paper_pdf\":false}','{\"test_id\":12,\"student_id\":\"CSB23023\",\"CO1\":6,\"CO2\":3,\"CO3\":8,\"CO4\":7,\"CO5\":4,\"CO6\":0,\"validate_marks\":true}','::1','2026-05-15 18:42:06'),(268,3101,'UPDATE','MarksByCO','','{\"id\":12,\"offering_id\":10,\"course_id\":10,\"name\":\"End-Term\",\"full_marks\":30,\"pass_marks\":10,\"test_type\":null,\"test_date\":null,\"max_marks\":null,\"weightage\":null,\"question_paper_filename\":null,\"has_question_paper_pdf\":false}','{\"test_id\":12,\"student_id\":\"CSB23024\",\"CO1\":4,\"CO2\":3,\"CO3\":4,\"CO4\":3,\"CO5\":3,\"CO6\":0,\"validate_marks\":true}','::1','2026-05-15 18:42:06'),(269,3101,'UPDATE','MarksByCO','','{\"id\":12,\"offering_id\":10,\"course_id\":10,\"name\":\"End-Term\",\"full_marks\":30,\"pass_marks\":10,\"test_type\":null,\"test_date\":null,\"max_marks\":null,\"weightage\":null,\"question_paper_filename\":null,\"has_question_paper_pdf\":false}','{\"test_id\":12,\"student_id\":\"CSB23025\",\"CO1\":0,\"CO2\":0,\"CO3\":0,\"CO4\":1,\"CO5\":4,\"CO6\":0,\"validate_marks\":true}','::1','2026-05-15 18:42:06'),(270,3101,'UPDATE','MarksByCO','','{\"id\":12,\"offering_id\":10,\"course_id\":10,\"name\":\"End-Term\",\"full_marks\":30,\"pass_marks\":10,\"test_type\":null,\"test_date\":null,\"max_marks\":null,\"weightage\":null,\"question_paper_filename\":null,\"has_question_paper_pdf\":false}','{\"test_id\":12,\"student_id\":\"CSB23026\",\"CO1\":5,\"CO2\":3,\"CO3\":5,\"CO4\":7,\"CO5\":4,\"CO6\":0,\"validate_marks\":true}','::1','2026-05-15 18:42:07'),(271,3101,'UPDATE','MarksByCO','','{\"id\":12,\"offering_id\":10,\"course_id\":10,\"name\":\"End-Term\",\"full_marks\":30,\"pass_marks\":10,\"test_type\":null,\"test_date\":null,\"max_marks\":null,\"weightage\":null,\"question_paper_filename\":null,\"has_question_paper_pdf\":false}','{\"test_id\":12,\"student_id\":\"CSB23027\",\"CO1\":6,\"CO2\":3,\"CO3\":4,\"CO4\":2,\"CO5\":2,\"CO6\":0,\"validate_marks\":true}','::1','2026-05-15 18:42:07'),(272,3101,'UPDATE','MarksByCO','','{\"id\":12,\"offering_id\":10,\"course_id\":10,\"name\":\"End-Term\",\"full_marks\":30,\"pass_marks\":10,\"test_type\":null,\"test_date\":null,\"max_marks\":null,\"weightage\":null,\"question_paper_filename\":null,\"has_question_paper_pdf\":false}','{\"test_id\":12,\"student_id\":\"CSB23028\",\"CO1\":6,\"CO2\":1,\"CO3\":0,\"CO4\":0,\"CO5\":0,\"CO6\":0,\"validate_marks\":true}','::1','2026-05-15 18:42:07'),(273,3101,'UPDATE','MarksByCO','','{\"id\":12,\"offering_id\":10,\"course_id\":10,\"name\":\"End-Term\",\"full_marks\":30,\"pass_marks\":10,\"test_type\":null,\"test_date\":null,\"max_marks\":null,\"weightage\":null,\"question_paper_filename\":null,\"has_question_paper_pdf\":false}','{\"test_id\":12,\"student_id\":\"CSB23029\",\"CO1\":3,\"CO2\":3,\"CO3\":5,\"CO4\":4,\"CO5\":4,\"CO6\":0,\"validate_marks\":true}','::1','2026-05-15 18:42:07'),(274,3101,'UPDATE','MarksByCO','','{\"id\":12,\"offering_id\":10,\"course_id\":10,\"name\":\"End-Term\",\"full_marks\":30,\"pass_marks\":10,\"test_type\":null,\"test_date\":null,\"max_marks\":null,\"weightage\":null,\"question_paper_filename\":null,\"has_question_paper_pdf\":false}','{\"test_id\":12,\"student_id\":\"CSB23031\",\"CO1\":6,\"CO2\":3,\"CO3\":7,\"CO4\":8,\"CO5\":4,\"CO6\":0,\"validate_marks\":true}','::1','2026-05-15 18:42:07'),(275,3101,'UPDATE','MarksByCO','','{\"id\":12,\"offering_id\":10,\"course_id\":10,\"name\":\"End-Term\",\"full_marks\":30,\"pass_marks\":10,\"test_type\":null,\"test_date\":null,\"max_marks\":null,\"weightage\":null,\"question_paper_filename\":null,\"has_question_paper_pdf\":false}','{\"test_id\":12,\"student_id\":\"CSB23032\",\"CO1\":4,\"CO2\":3,\"CO3\":6,\"CO4\":4,\"CO5\":4,\"CO6\":0,\"validate_marks\":true}','::1','2026-05-15 18:42:07'),(276,3101,'UPDATE','MarksByCO','','{\"id\":12,\"offering_id\":10,\"course_id\":10,\"name\":\"End-Term\",\"full_marks\":30,\"pass_marks\":10,\"test_type\":null,\"test_date\":null,\"max_marks\":null,\"weightage\":null,\"question_paper_filename\":null,\"has_question_paper_pdf\":false}','{\"test_id\":12,\"student_id\":\"CSB23033\",\"CO1\":1,\"CO2\":2,\"CO3\":4,\"CO4\":4,\"CO5\":4,\"CO6\":0,\"validate_marks\":true}','::1','2026-05-15 18:42:07'),(277,3101,'UPDATE','MarksByCO','','{\"id\":12,\"offering_id\":10,\"course_id\":10,\"name\":\"End-Term\",\"full_marks\":30,\"pass_marks\":10,\"test_type\":null,\"test_date\":null,\"max_marks\":null,\"weightage\":null,\"question_paper_filename\":null,\"has_question_paper_pdf\":false}','{\"test_id\":12,\"student_id\":\"CSB23034\",\"CO1\":4,\"CO2\":3,\"CO3\":5,\"CO4\":5,\"CO5\":4,\"CO6\":0,\"validate_marks\":true}','::1','2026-05-15 18:42:07'),(278,3101,'UPDATE','MarksByCO','','{\"id\":12,\"offering_id\":10,\"course_id\":10,\"name\":\"End-Term\",\"full_marks\":30,\"pass_marks\":10,\"test_type\":null,\"test_date\":null,\"max_marks\":null,\"weightage\":null,\"question_paper_filename\":null,\"has_question_paper_pdf\":false}','{\"test_id\":12,\"student_id\":\"CSB23035\",\"CO1\":4,\"CO2\":3,\"CO3\":5,\"CO4\":9,\"CO5\":3,\"CO6\":0,\"validate_marks\":true}','::1','2026-05-15 18:42:07'),(279,3101,'UPDATE','MarksByCO','','{\"id\":12,\"offering_id\":10,\"course_id\":10,\"name\":\"End-Term\",\"full_marks\":30,\"pass_marks\":10,\"test_type\":null,\"test_date\":null,\"max_marks\":null,\"weightage\":null,\"question_paper_filename\":null,\"has_question_paper_pdf\":false}','{\"test_id\":12,\"student_id\":\"CSB23037\",\"CO1\":6,\"CO2\":3,\"CO3\":8,\"CO4\":8,\"CO5\":4,\"CO6\":0,\"validate_marks\":true}','::1','2026-05-15 18:42:07'),(280,3101,'UPDATE','MarksByCO','','{\"id\":12,\"offering_id\":10,\"course_id\":10,\"name\":\"End-Term\",\"full_marks\":30,\"pass_marks\":10,\"test_type\":null,\"test_date\":null,\"max_marks\":null,\"weightage\":null,\"question_paper_filename\":null,\"has_question_paper_pdf\":false}','{\"test_id\":12,\"student_id\":\"CSB23038\",\"CO1\":1,\"CO2\":1,\"CO3\":4,\"CO4\":2,\"CO5\":4,\"CO6\":0,\"validate_marks\":true}','::1','2026-05-15 18:42:07'),(281,3101,'UPDATE','MarksByCO','','{\"id\":12,\"offering_id\":10,\"course_id\":10,\"name\":\"End-Term\",\"full_marks\":30,\"pass_marks\":10,\"test_type\":null,\"test_date\":null,\"max_marks\":null,\"weightage\":null,\"question_paper_filename\":null,\"has_question_paper_pdf\":false}','{\"test_id\":12,\"student_id\":\"CSB23039\",\"CO1\":6,\"CO2\":3,\"CO3\":3,\"CO4\":2,\"CO5\":4,\"CO6\":0,\"validate_marks\":true}','::1','2026-05-15 18:42:07'),(282,3101,'UPDATE','MarksByCO','','{\"id\":12,\"offering_id\":10,\"course_id\":10,\"name\":\"End-Term\",\"full_marks\":30,\"pass_marks\":10,\"test_type\":null,\"test_date\":null,\"max_marks\":null,\"weightage\":null,\"question_paper_filename\":null,\"has_question_paper_pdf\":false}','{\"test_id\":12,\"student_id\":\"CSB23040\",\"CO1\":6,\"CO2\":3,\"CO3\":5,\"CO4\":3,\"CO5\":4,\"CO6\":0,\"validate_marks\":true}','::1','2026-05-15 18:42:07'),(283,3101,'UPDATE','MarksByCO','','{\"id\":12,\"offering_id\":10,\"course_id\":10,\"name\":\"End-Term\",\"full_marks\":30,\"pass_marks\":10,\"test_type\":null,\"test_date\":null,\"max_marks\":null,\"weightage\":null,\"question_paper_filename\":null,\"has_question_paper_pdf\":false}','{\"test_id\":12,\"student_id\":\"CSB23041\",\"CO1\":6,\"CO2\":3,\"CO3\":3,\"CO4\":4,\"CO5\":4,\"CO6\":0,\"validate_marks\":true}','::1','2026-05-15 18:42:07'),(284,3101,'UPDATE','MarksByCO','','{\"id\":12,\"offering_id\":10,\"course_id\":10,\"name\":\"End-Term\",\"full_marks\":30,\"pass_marks\":10,\"test_type\":null,\"test_date\":null,\"max_marks\":null,\"weightage\":null,\"question_paper_filename\":null,\"has_question_paper_pdf\":false}','{\"test_id\":12,\"student_id\":\"CSB23042\",\"CO1\":6,\"CO2\":3,\"CO3\":5,\"CO4\":9,\"CO5\":4,\"CO6\":0,\"validate_marks\":true}','::1','2026-05-15 18:42:07'),(285,3101,'UPDATE','MarksByCO','','{\"id\":12,\"offering_id\":10,\"course_id\":10,\"name\":\"End-Term\",\"full_marks\":30,\"pass_marks\":10,\"test_type\":null,\"test_date\":null,\"max_marks\":null,\"weightage\":null,\"question_paper_filename\":null,\"has_question_paper_pdf\":false}','{\"test_id\":12,\"student_id\":\"CSB23044\",\"CO1\":3,\"CO2\":3,\"CO3\":3,\"CO4\":4,\"CO5\":4,\"CO6\":0,\"validate_marks\":true}','::1','2026-05-15 18:42:07'),(286,3101,'UPDATE','MarksByCO','','{\"id\":12,\"offering_id\":10,\"course_id\":10,\"name\":\"End-Term\",\"full_marks\":30,\"pass_marks\":10,\"test_type\":null,\"test_date\":null,\"max_marks\":null,\"weightage\":null,\"question_paper_filename\":null,\"has_question_paper_pdf\":false}','{\"test_id\":12,\"student_id\":\"CSB23045\",\"CO1\":6,\"CO2\":3,\"CO3\":5,\"CO4\":8,\"CO5\":4,\"CO6\":0,\"validate_marks\":true}','::1','2026-05-15 18:42:07'),(287,3101,'UPDATE','MarksByCO','','{\"id\":12,\"offering_id\":10,\"course_id\":10,\"name\":\"End-Term\",\"full_marks\":30,\"pass_marks\":10,\"test_type\":null,\"test_date\":null,\"max_marks\":null,\"weightage\":null,\"question_paper_filename\":null,\"has_question_paper_pdf\":false}','{\"test_id\":12,\"student_id\":\"CSB23046\",\"CO1\":2,\"CO2\":0,\"CO3\":3,\"CO4\":2,\"CO5\":4,\"CO6\":0,\"validate_marks\":true}','::1','2026-05-15 18:42:07'),(288,3101,'UPDATE','MarksByCO','','{\"id\":12,\"offering_id\":10,\"course_id\":10,\"name\":\"End-Term\",\"full_marks\":30,\"pass_marks\":10,\"test_type\":null,\"test_date\":null,\"max_marks\":null,\"weightage\":null,\"question_paper_filename\":null,\"has_question_paper_pdf\":false}','{\"test_id\":12,\"student_id\":\"CSB23047\",\"CO1\":4,\"CO2\":3,\"CO3\":5,\"CO4\":2,\"CO5\":4,\"CO6\":0,\"validate_marks\":true}','::1','2026-05-15 18:42:07'),(289,3101,'UPDATE','MarksByCO','','{\"id\":12,\"offering_id\":10,\"course_id\":10,\"name\":\"End-Term\",\"full_marks\":30,\"pass_marks\":10,\"test_type\":null,\"test_date\":null,\"max_marks\":null,\"weightage\":null,\"question_paper_filename\":null,\"has_question_paper_pdf\":false}','{\"test_id\":12,\"student_id\":\"CSB23048\",\"CO1\":0,\"CO2\":0,\"CO3\":0,\"CO4\":5,\"CO5\":4,\"CO6\":0,\"validate_marks\":true}','::1','2026-05-15 18:42:07'),(290,3101,'UPDATE','MarksByCO','','{\"id\":12,\"offering_id\":10,\"course_id\":10,\"name\":\"End-Term\",\"full_marks\":30,\"pass_marks\":10,\"test_type\":null,\"test_date\":null,\"max_marks\":null,\"weightage\":null,\"question_paper_filename\":null,\"has_question_paper_pdf\":false}','{\"test_id\":12,\"student_id\":\"CSB23050\",\"CO1\":6,\"CO2\":3,\"CO3\":8,\"CO4\":4,\"CO5\":4,\"CO6\":0,\"validate_marks\":true}','::1','2026-05-15 18:42:07'),(291,3101,'UPDATE','MarksByCO','','{\"id\":12,\"offering_id\":10,\"course_id\":10,\"name\":\"End-Term\",\"full_marks\":30,\"pass_marks\":10,\"test_type\":null,\"test_date\":null,\"max_marks\":null,\"weightage\":null,\"question_paper_filename\":null,\"has_question_paper_pdf\":false}','{\"test_id\":12,\"student_id\":\"CSB23051\",\"CO1\":4,\"CO2\":3,\"CO3\":7,\"CO4\":5,\"CO5\":4,\"CO6\":0,\"validate_marks\":true}','::1','2026-05-15 18:42:08'),(292,3101,'UPDATE','MarksByCO','','{\"id\":12,\"offering_id\":10,\"course_id\":10,\"name\":\"End-Term\",\"full_marks\":30,\"pass_marks\":10,\"test_type\":null,\"test_date\":null,\"max_marks\":null,\"weightage\":null,\"question_paper_filename\":null,\"has_question_paper_pdf\":false}','{\"test_id\":12,\"student_id\":\"CSB23052\",\"CO1\":0,\"CO2\":0,\"CO3\":0,\"CO4\":0,\"CO5\":0,\"CO6\":0,\"validate_marks\":true}','::1','2026-05-15 18:42:08'),(293,3101,'UPDATE','MarksByCO','','{\"id\":12,\"offering_id\":10,\"course_id\":10,\"name\":\"End-Term\",\"full_marks\":30,\"pass_marks\":10,\"test_type\":null,\"test_date\":null,\"max_marks\":null,\"weightage\":null,\"question_paper_filename\":null,\"has_question_paper_pdf\":false}','{\"test_id\":12,\"student_id\":\"CSB23053\",\"CO1\":2,\"CO2\":3,\"CO3\":5,\"CO4\":4,\"CO5\":4,\"CO6\":0,\"validate_marks\":true}','::1','2026-05-15 18:42:08'),(294,3101,'UPDATE','MarksByCO','','{\"id\":12,\"offering_id\":10,\"course_id\":10,\"name\":\"End-Term\",\"full_marks\":30,\"pass_marks\":10,\"test_type\":null,\"test_date\":null,\"max_marks\":null,\"weightage\":null,\"question_paper_filename\":null,\"has_question_paper_pdf\":false}','{\"test_id\":12,\"student_id\":\"CSB23054\",\"CO1\":4,\"CO2\":3,\"CO3\":6,\"CO4\":9,\"CO5\":4,\"CO6\":0,\"validate_marks\":true}','::1','2026-05-15 18:42:08'),(295,3101,'UPDATE','MarksByCO','','{\"id\":12,\"offering_id\":10,\"course_id\":10,\"name\":\"End-Term\",\"full_marks\":30,\"pass_marks\":10,\"test_type\":null,\"test_date\":null,\"max_marks\":null,\"weightage\":null,\"question_paper_filename\":null,\"has_question_paper_pdf\":false}','{\"test_id\":12,\"student_id\":\"CSB23055\",\"CO1\":6,\"CO2\":3,\"CO3\":7,\"CO4\":6,\"CO5\":4,\"CO6\":0,\"validate_marks\":true}','::1','2026-05-15 18:42:08'),(296,3101,'UPDATE','MarksByCO','','{\"id\":12,\"offering_id\":10,\"course_id\":10,\"name\":\"End-Term\",\"full_marks\":30,\"pass_marks\":10,\"test_type\":null,\"test_date\":null,\"max_marks\":null,\"weightage\":null,\"question_paper_filename\":null,\"has_question_paper_pdf\":false}','{\"test_id\":12,\"student_id\":\"CSB23056\",\"CO1\":4,\"CO2\":3,\"CO3\":8,\"CO4\":5,\"CO5\":4,\"CO6\":0,\"validate_marks\":true}','::1','2026-05-15 18:42:08'),(297,3101,'UPDATE','MarksByCO','','{\"id\":12,\"offering_id\":10,\"course_id\":10,\"name\":\"End-Term\",\"full_marks\":30,\"pass_marks\":10,\"test_type\":null,\"test_date\":null,\"max_marks\":null,\"weightage\":null,\"question_paper_filename\":null,\"has_question_paper_pdf\":false}','{\"test_id\":12,\"student_id\":\"CSB23057\",\"CO1\":6,\"CO2\":3,\"CO3\":5,\"CO4\":6,\"CO5\":4,\"CO6\":0,\"validate_marks\":true}','::1','2026-05-15 18:42:08'),(298,3101,'UPDATE','MarksByCO','','{\"id\":12,\"offering_id\":10,\"course_id\":10,\"name\":\"End-Term\",\"full_marks\":30,\"pass_marks\":10,\"test_type\":null,\"test_date\":null,\"max_marks\":null,\"weightage\":null,\"question_paper_filename\":null,\"has_question_paper_pdf\":false}','{\"test_id\":12,\"student_id\":\"CSB23059\",\"CO1\":5,\"CO2\":2,\"CO3\":1,\"CO4\":3,\"CO5\":1,\"CO6\":0,\"validate_marks\":true}','::1','2026-05-15 18:42:08'),(299,3101,'UPDATE','MarksByCO','','{\"id\":12,\"offering_id\":10,\"course_id\":10,\"name\":\"End-Term\",\"full_marks\":30,\"pass_marks\":10,\"test_type\":null,\"test_date\":null,\"max_marks\":null,\"weightage\":null,\"question_paper_filename\":null,\"has_question_paper_pdf\":false}','{\"test_id\":12,\"student_id\":\"CSB23060\",\"CO1\":2,\"CO2\":1,\"CO3\":5,\"CO4\":4,\"CO5\":3,\"CO6\":0,\"validate_marks\":true}','::1','2026-05-15 18:42:08'),(300,3101,'UPDATE','MarksByCO','','{\"id\":12,\"offering_id\":10,\"course_id\":10,\"name\":\"End-Term\",\"full_marks\":30,\"pass_marks\":10,\"test_type\":null,\"test_date\":null,\"max_marks\":null,\"weightage\":null,\"question_paper_filename\":null,\"has_question_paper_pdf\":false}','{\"test_id\":12,\"student_id\":\"CSB23061\",\"CO1\":6,\"CO2\":3,\"CO3\":7,\"CO4\":7,\"CO5\":4,\"CO6\":0,\"validate_marks\":true}','::1','2026-05-15 18:42:08'),(301,3101,'UPDATE','MarksByCO','','{\"id\":12,\"offering_id\":10,\"course_id\":10,\"name\":\"End-Term\",\"full_marks\":30,\"pass_marks\":10,\"test_type\":null,\"test_date\":null,\"max_marks\":null,\"weightage\":null,\"question_paper_filename\":null,\"has_question_paper_pdf\":false}','{\"test_id\":12,\"student_id\":\"CSB23062\",\"CO1\":3,\"CO2\":3,\"CO3\":7,\"CO4\":5,\"CO5\":3,\"CO6\":0,\"validate_marks\":true}','::1','2026-05-15 18:42:08'),(302,3101,'UPDATE','MarksByCO','','{\"id\":12,\"offering_id\":10,\"course_id\":10,\"name\":\"End-Term\",\"full_marks\":30,\"pass_marks\":10,\"test_type\":null,\"test_date\":null,\"max_marks\":null,\"weightage\":null,\"question_paper_filename\":null,\"has_question_paper_pdf\":false}','{\"test_id\":12,\"student_id\":\"CSB23063\",\"CO1\":6,\"CO2\":3,\"CO3\":5,\"CO4\":2,\"CO5\":4,\"CO6\":0,\"validate_marks\":true}','::1','2026-05-15 18:42:08'),(303,3101,'UPDATE','MarksByCO','','{\"id\":12,\"offering_id\":10,\"course_id\":10,\"name\":\"End-Term\",\"full_marks\":30,\"pass_marks\":10,\"test_type\":null,\"test_date\":null,\"max_marks\":null,\"weightage\":null,\"question_paper_filename\":null,\"has_question_paper_pdf\":false}','{\"test_id\":12,\"student_id\":\"CSB23064\",\"CO1\":4,\"CO2\":3,\"CO3\":7,\"CO4\":2,\"CO5\":4,\"CO6\":0,\"validate_marks\":true}','::1','2026-05-15 18:42:08'),(304,3101,'UPDATE','MarksByCO','','{\"id\":12,\"offering_id\":10,\"course_id\":10,\"name\":\"End-Term\",\"full_marks\":30,\"pass_marks\":10,\"test_type\":null,\"test_date\":null,\"max_marks\":null,\"weightage\":null,\"question_paper_filename\":null,\"has_question_paper_pdf\":false}','{\"test_id\":12,\"student_id\":\"CSB23065\",\"CO1\":6,\"CO2\":3,\"CO3\":8,\"CO4\":9,\"CO5\":4,\"CO6\":0,\"validate_marks\":true}','::1','2026-05-15 18:42:08'),(305,3101,'UPDATE','MarksByCO','','{\"id\":12,\"offering_id\":10,\"course_id\":10,\"name\":\"End-Term\",\"full_marks\":30,\"pass_marks\":10,\"test_type\":null,\"test_date\":null,\"max_marks\":null,\"weightage\":null,\"question_paper_filename\":null,\"has_question_paper_pdf\":false}','{\"test_id\":12,\"student_id\":\"CSB23066\",\"CO1\":6,\"CO2\":3,\"CO3\":6,\"CO4\":7,\"CO5\":4,\"CO6\":0,\"validate_marks\":true}','::1','2026-05-15 18:42:08'),(306,3101,'UPDATE','MarksByCO','','{\"id\":12,\"offering_id\":10,\"course_id\":10,\"name\":\"End-Term\",\"full_marks\":30,\"pass_marks\":10,\"test_type\":null,\"test_date\":null,\"max_marks\":null,\"weightage\":null,\"question_paper_filename\":null,\"has_question_paper_pdf\":false}','{\"test_id\":12,\"student_id\":\"CSB23067\",\"CO1\":6,\"CO2\":3,\"CO3\":7,\"CO4\":8,\"CO5\":4,\"CO6\":0,\"validate_marks\":true}','::1','2026-05-15 18:42:08'),(307,3101,'UPDATE','MarksByCO','','{\"id\":12,\"offering_id\":10,\"course_id\":10,\"name\":\"End-Term\",\"full_marks\":30,\"pass_marks\":10,\"test_type\":null,\"test_date\":null,\"max_marks\":null,\"weightage\":null,\"question_paper_filename\":null,\"has_question_paper_pdf\":false}','{\"test_id\":12,\"student_id\":\"CSB23068\",\"CO1\":4,\"CO2\":2,\"CO3\":7,\"CO4\":4,\"CO5\":4,\"CO6\":0,\"validate_marks\":true}','::1','2026-05-15 18:42:08'),(308,3101,'UPDATE','MarksByCO','','{\"id\":12,\"offering_id\":10,\"course_id\":10,\"name\":\"End-Term\",\"full_marks\":30,\"pass_marks\":10,\"test_type\":null,\"test_date\":null,\"max_marks\":null,\"weightage\":null,\"question_paper_filename\":null,\"has_question_paper_pdf\":false}','{\"test_id\":12,\"student_id\":\"CSB23069\",\"CO1\":4,\"CO2\":2,\"CO3\":8,\"CO4\":6,\"CO5\":1,\"CO6\":0,\"validate_marks\":true}','::1','2026-05-15 18:42:08'),(309,3101,'UPDATE','MarksByCO','','{\"id\":12,\"offering_id\":10,\"course_id\":10,\"name\":\"End-Term\",\"full_marks\":30,\"pass_marks\":10,\"test_type\":null,\"test_date\":null,\"max_marks\":null,\"weightage\":null,\"question_paper_filename\":null,\"has_question_paper_pdf\":false}','{\"test_id\":12,\"student_id\":\"CSB23070\",\"CO1\":1,\"CO2\":3,\"CO3\":1,\"CO4\":2,\"CO5\":4,\"CO6\":0,\"validate_marks\":true}','::1','2026-05-15 18:42:08'),(310,3101,'UPDATE','MarksByCO','','{\"id\":12,\"offering_id\":10,\"course_id\":10,\"name\":\"End-Term\",\"full_marks\":30,\"pass_marks\":10,\"test_type\":null,\"test_date\":null,\"max_marks\":null,\"weightage\":null,\"question_paper_filename\":null,\"has_question_paper_pdf\":false}','{\"test_id\":12,\"student_id\":\"CSB23071\",\"CO1\":0,\"CO2\":0,\"CO3\":4,\"CO4\":0,\"CO5\":4,\"CO6\":0,\"validate_marks\":true}','::1','2026-05-15 18:42:08'),(311,3101,'UPDATE','MarksByCO','','{\"id\":12,\"offering_id\":10,\"course_id\":10,\"name\":\"End-Term\",\"full_marks\":30,\"pass_marks\":10,\"test_type\":null,\"test_date\":null,\"max_marks\":null,\"weightage\":null,\"question_paper_filename\":null,\"has_question_paper_pdf\":false}','{\"test_id\":12,\"student_id\":\"CSB23072\",\"CO1\":6,\"CO2\":3,\"CO3\":8,\"CO4\":9,\"CO5\":4,\"CO6\":0,\"validate_marks\":true}','::1','2026-05-15 18:42:08'),(312,3101,'UPDATE','MarksByCO','','{\"id\":12,\"offering_id\":10,\"course_id\":10,\"name\":\"End-Term\",\"full_marks\":30,\"pass_marks\":10,\"test_type\":null,\"test_date\":null,\"max_marks\":null,\"weightage\":null,\"question_paper_filename\":null,\"has_question_paper_pdf\":false}','{\"test_id\":12,\"student_id\":\"CSB23073\",\"CO1\":0,\"CO2\":0,\"CO3\":0,\"CO4\":0,\"CO5\":0,\"CO6\":0,\"validate_marks\":true}','::1','2026-05-15 18:42:08'),(313,3101,'UPDATE','MarksByCO','','{\"id\":12,\"offering_id\":10,\"course_id\":10,\"name\":\"End-Term\",\"full_marks\":30,\"pass_marks\":10,\"test_type\":null,\"test_date\":null,\"max_marks\":null,\"weightage\":null,\"question_paper_filename\":null,\"has_question_paper_pdf\":false}','{\"test_id\":12,\"student_id\":\"CSB23074\",\"CO1\":6,\"CO2\":3,\"CO3\":8,\"CO4\":9,\"CO5\":4,\"CO6\":0,\"validate_marks\":true}','::1','2026-05-15 18:42:09'),(314,3101,'UPDATE','MarksByCO','','{\"id\":12,\"offering_id\":10,\"course_id\":10,\"name\":\"End-Term\",\"full_marks\":30,\"pass_marks\":10,\"test_type\":null,\"test_date\":null,\"max_marks\":null,\"weightage\":null,\"question_paper_filename\":null,\"has_question_paper_pdf\":false}','{\"test_id\":12,\"student_id\":\"CSB23075\",\"CO1\":3,\"CO2\":3,\"CO3\":5,\"CO4\":9,\"CO5\":4,\"CO6\":0,\"validate_marks\":true}','::1','2026-05-15 18:42:09'),(315,3101,'UPDATE','MarksByCO','','{\"id\":12,\"offering_id\":10,\"course_id\":10,\"name\":\"End-Term\",\"full_marks\":30,\"pass_marks\":10,\"test_type\":null,\"test_date\":null,\"max_marks\":null,\"weightage\":null,\"question_paper_filename\":null,\"has_question_paper_pdf\":false}','{\"test_id\":12,\"student_id\":\"CSB23076\",\"CO1\":6,\"CO2\":3,\"CO3\":6,\"CO4\":7,\"CO5\":4,\"CO6\":0,\"validate_marks\":true}','::1','2026-05-15 18:42:09'),(316,3101,'UPDATE','MarksByCO','','{\"id\":12,\"offering_id\":10,\"course_id\":10,\"name\":\"End-Term\",\"full_marks\":30,\"pass_marks\":10,\"test_type\":null,\"test_date\":null,\"max_marks\":null,\"weightage\":null,\"question_paper_filename\":null,\"has_question_paper_pdf\":false}','{\"test_id\":12,\"student_id\":\"CSB23078\",\"CO1\":4,\"CO2\":3,\"CO3\":3,\"CO4\":2,\"CO5\":4,\"CO6\":0,\"validate_marks\":true}','::1','2026-05-15 18:42:09'),(317,3101,'UPDATE','MarksByCO','','{\"id\":12,\"offering_id\":10,\"course_id\":10,\"name\":\"End-Term\",\"full_marks\":30,\"pass_marks\":10,\"test_type\":null,\"test_date\":null,\"max_marks\":null,\"weightage\":null,\"question_paper_filename\":null,\"has_question_paper_pdf\":false}','{\"test_id\":12,\"student_id\":\"CSB23079\",\"CO1\":1,\"CO2\":3,\"CO3\":4,\"CO4\":4,\"CO5\":2,\"CO6\":0,\"validate_marks\":true}','::1','2026-05-15 18:42:09'),(318,3101,'UPDATE','MarksByCO','','{\"id\":12,\"offering_id\":10,\"course_id\":10,\"name\":\"End-Term\",\"full_marks\":30,\"pass_marks\":10,\"test_type\":null,\"test_date\":null,\"max_marks\":null,\"weightage\":null,\"question_paper_filename\":null,\"has_question_paper_pdf\":false}','{\"test_id\":12,\"student_id\":\"CSB23080\",\"CO1\":2,\"CO2\":0,\"CO3\":0,\"CO4\":4,\"CO5\":0,\"CO6\":0,\"validate_marks\":true}','::1','2026-05-15 18:42:09'),(319,3101,'UPDATE','MarksByCO','','{\"id\":12,\"offering_id\":10,\"course_id\":10,\"name\":\"End-Term\",\"full_marks\":30,\"pass_marks\":10,\"test_type\":null,\"test_date\":null,\"max_marks\":null,\"weightage\":null,\"question_paper_filename\":null,\"has_question_paper_pdf\":false}','{\"test_id\":12,\"student_id\":\"CSB23081\",\"CO1\":6,\"CO2\":3,\"CO3\":5,\"CO4\":6,\"CO5\":4,\"CO6\":0,\"validate_marks\":true}','::1','2026-05-15 18:42:09'),(320,3101,'UPDATE','MarksByCO','','{\"id\":12,\"offering_id\":10,\"course_id\":10,\"name\":\"End-Term\",\"full_marks\":30,\"pass_marks\":10,\"test_type\":null,\"test_date\":null,\"max_marks\":null,\"weightage\":null,\"question_paper_filename\":null,\"has_question_paper_pdf\":false}','{\"test_id\":12,\"student_id\":\"CSB24201\",\"CO1\":6,\"CO2\":3,\"CO3\":3,\"CO4\":4,\"CO5\":2,\"CO6\":0,\"validate_marks\":true}','::1','2026-05-15 18:42:09'),(321,3101,'UPDATE','MarksByCO','','{\"id\":12,\"offering_id\":10,\"course_id\":10,\"name\":\"End-Term\",\"full_marks\":30,\"pass_marks\":10,\"test_type\":null,\"test_date\":null,\"max_marks\":null,\"weightage\":null,\"question_paper_filename\":null,\"has_question_paper_pdf\":false}','{\"test_id\":12,\"student_id\":\"CSB24202\",\"CO1\":4,\"CO2\":3,\"CO3\":2,\"CO4\":2,\"CO5\":2,\"CO6\":0,\"validate_marks\":true}','::1','2026-05-15 18:42:09'),(322,3101,'UPDATE','MarksByCO','','{\"id\":12,\"offering_id\":10,\"course_id\":10,\"name\":\"End-Term\",\"full_marks\":30,\"pass_marks\":10,\"test_type\":null,\"test_date\":null,\"max_marks\":null,\"weightage\":null,\"question_paper_filename\":null,\"has_question_paper_pdf\":false}','{\"test_id\":12,\"student_id\":\"CSB24203\",\"CO1\":0,\"CO2\":3,\"CO3\":6,\"CO4\":5,\"CO5\":4,\"CO6\":0,\"validate_marks\":true}','::1','2026-05-15 18:42:09'),(323,3101,'UPDATE','MarksByCO','','{\"id\":12,\"offering_id\":10,\"course_id\":10,\"name\":\"End-Term\",\"full_marks\":30,\"pass_marks\":10,\"test_type\":null,\"test_date\":null,\"max_marks\":null,\"weightage\":null,\"question_paper_filename\":null,\"has_question_paper_pdf\":false}','{\"test_id\":12,\"student_id\":\"CSB24204\",\"CO1\":6,\"CO2\":3,\"CO3\":8,\"CO4\":9,\"CO5\":4,\"CO6\":0,\"validate_marks\":true}','::1','2026-05-15 18:42:09'),(324,3101,'UPDATE','MarksByCO','','{\"id\":12,\"offering_id\":10,\"course_id\":10,\"name\":\"End-Term\",\"full_marks\":30,\"pass_marks\":10,\"test_type\":null,\"test_date\":null,\"max_marks\":null,\"weightage\":null,\"question_paper_filename\":null,\"has_question_paper_pdf\":false}','{\"test_id\":12,\"student_id\":\"CSB24205\",\"CO1\":3,\"CO2\":3,\"CO3\":5,\"CO4\":1,\"CO5\":2,\"CO6\":0,\"validate_marks\":true}','::1','2026-05-15 18:42:09'),(325,3101,'UPDATE','CoPoMatrix','',NULL,'{\"mappings\":[{\"co\":\"CO1\",\"po\":\"PO1\",\"value\":3},{\"co\":\"CO1\",\"po\":\"PO2\",\"value\":2},{\"co\":\"CO1\",\"po\":\"PO5\",\"value\":2},{\"co\":\"CO1\",\"po\":\"PO12\",\"value\":1},{\"co\":\"CO1\",\"po\":\"PSO3\",\"value\":1},{\"co\":\"CO2\",\"po\":\"PO1\",\"value\":3},{\"co\":\"CO2\",\"po\":\"PO2\",\"value\":3},{\"co\":\"CO2\",\"po\":\"PO3\",\"value\":2},{\"co\":\"CO2\",\"po\":\"PO4\",\"value\":3},{\"co\":\"CO2\",\"po\":\"PO5\",\"value\":3},{\"co\":\"CO2\",\"po\":\"PO7\",\"value\":1},{\"co\":\"CO2\",\"po\":\"PO12\",\"value\":1},{\"co\":\"CO2\",\"po\":\"PSO3\",\"value\":1},{\"co\":\"CO3\",\"po\":\"PO1\",\"value\":2},{\"co\":\"CO3\",\"po\":\"PO2\",\"value\":3},{\"co\":\"CO3\",\"po\":\"PO3\",\"value\":1},{\"co\":\"CO3\",\"po\":\"PO4\",\"value\":3},{\"co\":\"CO3\",\"po\":\"PO5\",\"value\":3},{\"co\":\"CO3\",\"po\":\"PO7\",\"value\":1},{\"co\":\"CO3\",\"po\":\"PO11\",\"value\":1},{\"co\":\"CO3\",\"po\":\"PO12\",\"value\":1},{\"co\":\"CO3\",\"po\":\"PSO2\",\"value\":1},{\"co\":\"CO3\",\"po\":\"PSO3\",\"value\":1},{\"co\":\"CO4\",\"po\":\"PO1\",\"value\":3},{\"co\":\"CO4\",\"po\":\"PO2\",\"value\":3},{\"co\":\"CO4\",\"po\":\"PO3\",\"value\":2},{\"co\":\"CO4\",\"po\":\"PO4\",\"value\":3},{\"co\":\"CO4\",\"po\":\"PO5\",\"value\":3},{\"co\":\"CO4\",\"po\":\"PO11\",\"value\":1},{\"co\":\"CO4\",\"po\":\"PSO2\",\"value\":1},{\"co\":\"CO4\",\"po\":\"PSO3\",\"value\":1},{\"co\":\"CO5\",\"po\":\"PO1\",\"value\":3},{\"co\":\"CO5\",\"po\":\"PO2\",\"value\":3},{\"co\":\"CO5\",\"po\":\"PO3\",\"value\":2},{\"co\":\"CO5\",\"po\":\"PO4\",\"value\":3},{\"co\":\"CO5\",\"po\":\"PO5\",\"value\":3},{\"co\":\"CO5\",\"po\":\"PO11\",\"value\":1},{\"co\":\"CO5\",\"po\":\"PSO2\",\"value\":1},{\"co\":\"CO5\",\"po\":\"PSO3\",\"value\":1}]}','::1','2026-05-15 18:42:42'),(326,3101,'UPDATE','Config','',NULL,'{\"offering_id\":10,\"co_threshold\":55,\"passing_threshold\":30,\"attainment_thresholds\":[{\"id\":1,\"percentage\":70},{\"id\":2,\"percentage\":60},{\"id\":3,\"percentage\":50}]}','::1','2026-05-15 18:46:43'),(327,7000001,'','CourseOffering','10','{\"status\":\"concluded\"}','{\"status\":\"active\"}','::1','2026-05-16 12:49:48'),(328,7000001,'CREATE','User','',NULL,'{\"employee_id\":3102,\"username\":\"Nabajyoti Medhi\",\"email\":\"nmedhi@tezu.ac.in\",\"password\":\"password123\",\"role\":\"faculty\",\"designation\":\"Professor\",\"phones\":[\"7600849849\"]}','::1','2026-05-16 19:08:05'),(329,7000001,'','CourseOffering','5','{\"status\":\"concluded\"}','{\"status\":\"active\"}','::1','2026-05-16 19:08:38'),(330,7000001,'CREATE','BaseCourse','',NULL,'{\"course_code\":\"CS316\",\"credit\":1,\"course_name\":\"Computer Networks Lab\",\"course_type\":\"Theory\",\"course_level\":\"Undergraduate\",\"is_active\":1,\"programme_ids\":[1]}','::1','2026-05-16 19:10:11'),(331,7000001,'UPDATE','BaseCourse','','{\"course_id\":10,\"course_code\":\"CS316\",\"course_name\":\"Computer Networks Lab\",\"credit\":1,\"department_id\":1,\"course_type\":\"Theory\",\"course_level\":\"Undergraduate\",\"is_active\":1,\"created_at\":\"2026-05-17 00:40:11\",\"updated_at\":\"2026-05-17 00:40:11\"}','{\"course_code\":\"CO316\",\"credit\":1,\"course_name\":\"Computer Networks Lab\",\"course_type\":\"Theory\",\"course_level\":\"Undergraduate\",\"is_active\":1}','::1','2026-05-16 19:11:02'),(332,7000001,'UPDATE','BaseCourse','','{\"course_id\":10,\"course_code\":\"CO316\",\"course_name\":\"Computer Networks Lab\",\"credit\":1,\"department_id\":1,\"course_type\":\"Theory\",\"course_level\":\"Undergraduate\",\"is_active\":1,\"created_at\":\"2026-05-17 00:40:11\",\"updated_at\":\"2026-05-17 00:41:02\"}','{\"course_code\":\"CO316\",\"credit\":1,\"course_name\":\"Computer Networks Lab\",\"course_type\":\"Theory\",\"course_level\":\"Undergraduate\",\"is_active\":1,\"programme_ids\":[1]}','::1','2026-05-16 19:11:15'),(333,7000001,'UPDATE','BaseCourse','','{\"course_id\":4,\"course_code\":\"CS302\",\"course_name\":\"Computer Networks\",\"credit\":3,\"department_id\":1,\"course_type\":\"Theory\",\"course_level\":\"Undergraduate\",\"is_active\":1,\"created_at\":\"2026-05-15 22:39:05\",\"updated_at\":\"2026-05-15 22:39:05\"}','{\"course_code\":\"CO315\",\"credit\":3,\"course_name\":\"Computer Networks\",\"course_type\":\"Theory\",\"course_level\":\"Undergraduate\",\"is_active\":1,\"programme_ids\":[1]}','::1','2026-05-16 19:12:30'),(334,7000001,'DELETE','BaseCourse','','{\"course_id\":4,\"course_code\":\"CO315\",\"course_name\":\"Computer Networks\",\"credit\":3,\"department_id\":1,\"course_type\":\"Theory\",\"course_level\":\"Undergraduate\",\"is_active\":1,\"created_at\":\"2026-05-15 22:39:05\",\"updated_at\":\"2026-05-17 00:42:30\"}',NULL,'::1','2026-05-16 19:14:36'),(335,7000001,'CREATE','BaseCourse','',NULL,'{\"course_code\":\"CO315\",\"credit\":3,\"course_name\":\"Computer Networks\",\"course_type\":\"Theory\",\"course_level\":\"Undergraduate\",\"is_active\":1,\"programme_ids\":[1]}','::1','2026-05-16 19:15:01'),(336,7000001,'CREATE','Course','',NULL,'{\"course_code\":\"CO315\",\"credit\":3,\"name\":\"Computer Networks\",\"course_type\":\"Theory\",\"course_level\":\"Undergraduate\",\"year\":2026,\"semester\":\"Autumn\",\"faculty_id\":3102,\"co_threshold\":40,\"passing_threshold\":60}','::1','2026-05-16 19:15:21'),(337,7000001,'CREATE','Course','',NULL,'{\"course_code\":\"CO316\",\"credit\":1,\"name\":\"Computer Networks Lab\",\"course_type\":\"Theory\",\"course_level\":\"Undergraduate\",\"year\":2026,\"semester\":\"Autumn\",\"faculty_id\":3102,\"co_threshold\":40,\"passing_threshold\":60}','::1','2026-05-16 19:15:40'),(338,7000001,'DELETE','BaseCourse','','{\"course_id\":10,\"course_code\":\"CO316\",\"course_name\":\"Computer Networks Lab\",\"credit\":1,\"department_id\":1,\"course_type\":\"Theory\",\"course_level\":\"Undergraduate\",\"is_active\":1,\"created_at\":\"2026-05-17 00:40:11\",\"updated_at\":\"2026-05-17 00:41:02\"}',NULL,'::1','2026-05-16 19:16:12'),(339,7000001,'DELETE','BaseCourse','','{\"course_id\":11,\"course_code\":\"CO315\",\"course_name\":\"Computer Networks\",\"credit\":3,\"department_id\":1,\"course_type\":\"Theory\",\"course_level\":\"Undergraduate\",\"is_active\":1,\"created_at\":\"2026-05-17 00:45:01\",\"updated_at\":\"2026-05-17 00:45:01\"}',NULL,'::1','2026-05-16 19:16:16'),(340,7000001,'CREATE','BaseCourse','',NULL,'{\"course_code\":\"CO315\",\"credit\":3,\"course_name\":\"Computer Networks\",\"course_type\":\"Theory\",\"course_level\":\"Undergraduate\",\"is_active\":1,\"programme_ids\":[1]}','::1','2026-05-16 19:16:53'),(341,7000001,'CREATE','BaseCourse','',NULL,'{\"course_code\":\"CO316\",\"credit\":1,\"course_name\":\"Computer Networks Lab\",\"course_type\":\"Lab\",\"course_level\":\"Undergraduate\",\"is_active\":1,\"programme_ids\":[1]}','::1','2026-05-16 19:17:22'),(342,7000001,'CREATE','Course','',NULL,'{\"course_code\":\"CO315\",\"credit\":3,\"name\":\"Computer Networks\",\"course_type\":\"Theory\",\"course_level\":\"Undergraduate\",\"year\":2025,\"semester\":\"Autumn\",\"faculty_id\":3102,\"co_threshold\":40,\"passing_threshold\":30}','::1','2026-05-16 19:18:02'),(343,7000001,'CREATE','Course','',NULL,'{\"course_code\":\"CO316\",\"credit\":1,\"name\":\"Computer Networks Lab\",\"course_type\":\"Theory\",\"course_level\":\"Undergraduate\",\"year\":2025,\"semester\":\"Autumn\",\"faculty_id\":3102,\"co_threshold\":40,\"passing_threshold\":30}','::1','2026-05-16 19:18:16'),(344,3102,'CREATE','bulkEnroll','',NULL,'{\"students\":[{\"rollno\":\"CSB22002\",\"name\":\"SUBHRANANDAN DEKA\"},{\"rollno\":\"CSB22003\",\"name\":\"DEBASISH BORDOLOI\"},{\"rollno\":\"CSB22005\",\"name\":\"RISHI SARKAR\"},{\"rollno\":\"CSB22006\",\"name\":\"ABHILASH OJHA\"},{\"rollno\":\"CSB22008\",\"name\":\"HREEDAYANGAM KASHYAP\"},{\"rollno\":\"CSB22012\",\"name\":\"SAKIL AZIZ\"},{\"rollno\":\"CSB22015\",\"name\":\"DIMPAL GOGOI\"},{\"rollno\":\"CSB22018\",\"name\":\"SAKIL AHMED\"},{\"rollno\":\"CSB22020\",\"name\":\"AYAN BARMAN\"},{\"rollno\":\"CSB22021\",\"name\":\"LAYAN JYOTI DUTTA\"},{\"rollno\":\"CSB22022\",\"name\":\"RIPON KALITA\"},{\"rollno\":\"CSB22023\",\"name\":\"DEBASISH BHUYAN\"},{\"rollno\":\"CSB22024\",\"name\":\"DIPU DEKA\"},{\"rollno\":\"CSB22025\",\"name\":\"SWARNALEEM SHARMA\"},{\"rollno\":\"CSB22028\",\"name\":\"DEVASHWOR YUMNAM\"},{\"rollno\":\"CSB22031\",\"name\":\"BHASKAR JYOTI HAZARIKA\"},{\"rollno\":\"CSB22034\",\"name\":\"NABAJIT PAUL\"},{\"rollno\":\"CSB22035\",\"name\":\"ANIRBAN SAHA\"},{\"rollno\":\"CSB22036\",\"name\":\"SUDEEP DAS\"},{\"rollno\":\"CSB22039\",\"name\":\"ARNAB DEORI\"},{\"rollno\":\"CSB22041\",\"name\":\"Tuchar Ch Das\"},{\"rollno\":\"CSB22042\",\"name\":\"ANURAG BRAHMA\"},{\"rollno\":\"CSB22044\",\"name\":\"BHARGAB JYOTI BHUYAN\"},{\"rollno\":\"CSB22045\",\"name\":\"MANJIM GOGOI\"},{\"rollno\":\"CSB22046\",\"name\":\"DHITIMAN GOGOI\"},{\"rollno\":\"CSB22047\",\"name\":\"SHREYANSH DUBEY\"},{\"rollno\":\"CSB22048\",\"name\":\"ABHRADEEP DEY\"},{\"rollno\":\"CSB22049\",\"name\":\"Bastab Das\"},{\"rollno\":\"CSB22051\",\"name\":\"DIMA SONOWAL\"},{\"rollno\":\"CSB22052\",\"name\":\"ANKIT ANAND\"},{\"rollno\":\"CSB22053\",\"name\":\"ASHWANI KUMAR\"},{\"rollno\":\"CSB22054\",\"name\":\"SOUMYASISH SARKAR\"},{\"rollno\":\"CSB22055\",\"name\":\"RAJ RAUSHAN\"},{\"rollno\":\"CSB22056\",\"name\":\"DEEPJYOTI KAKOTI\"},{\"rollno\":\"CSB22057\",\"name\":\"HARSH KUMAR\"},{\"rollno\":\"CSB22058\",\"name\":\"KUSHAGRA SINGH\"},{\"rollno\":\"CSB22059\",\"name\":\"CHAITANYA SUDHIR KOLHE\"},{\"rollno\":\"CSB22060\",\"name\":\"AJAY KUMAR\"},{\"rollno\":\"CSB22061\",\"name\":\"AMAN BHOGAL\"},{\"rollno\":\"CSB22062\",\"name\":\"VIKRANT KUMAR\"},{\"rollno\":\"CSB22063\",\"name\":\"SANJU KUMARI GUPTA\"},{\"rollno\":\"CSB22064\",\"name\":\"YASHWANT KUMAR UPADHYAY\"},{\"rollno\":\"CSB22065\",\"name\":\"ASHUTOSH YADAV\"},{\"rollno\":\"CSB22067\",\"name\":\"HANSRAJ SINGH SHEKHAWAT\"},{\"rollno\":\"CSB22069\",\"name\":\"HARSH KUMAR\"},{\"rollno\":\"CSB22070\",\"name\":\"RISHIT TIWARI\"},{\"rollno\":\"CSB22071\",\"name\":\"RANVEER BHARTI\"},{\"rollno\":\"CSB22072\",\"name\":\"SURYAVARDHAN MAGATHALA\"},{\"rollno\":\"CSB22073\",\"name\":\"SANSKAR SHARMA\"},{\"rollno\":\"CSB22075\",\"name\":\"KALYAN ACHARJYA\"},{\"rollno\":\"CSB22076\",\"name\":\"SYED ADNAN SAYEED NIZAM\"},{\"rollno\":\"CSB22078\",\"name\":\"DEBOBRAT BORAH\"},{\"rollno\":\"CSB22079\",\"name\":\"Mriganku Krishan Yogi\"},{\"rollno\":\"CSB22080\",\"name\":\"ABHISHEK DAS\"},{\"rollno\":\"CSB22081\",\"name\":\"RAHUL PAUL\"},{\"rollno\":\"CSB22082\",\"name\":\"TINKESH KUMAR\"},{\"rollno\":\"CSB22083\",\"name\":\"DIVYANSHU DIVYA\"},{\"rollno\":\"CSB22084\",\"name\":\"Nayanjyoti Das\"},{\"rollno\":\"CSB23201\",\"name\":\"PAPU BORA\"},{\"rollno\":\"CSB23202\",\"name\":\"DEBASISH NEWAR\"},{\"rollno\":\"CSB23203\",\"name\":\"HIRAK JYOTI NATH\"},{\"rollno\":\"CSB23204\",\"name\":\"IRFAN ANSARI\"},{\"rollno\":\"CSB23205\",\"name\":\"RINTU HAZARIKA\"},{\"rollno\":\"CSB23206\",\"name\":\"SANSKRITA BHUYAN\"},{\"rollno\":\"CSB23207\",\"name\":\"JOSHEEL BHARAT\"}]}','::1','2026-05-16 19:19:25'),(345,3102,'CREATE','Assessment','',NULL,'{\"offering_id\":13,\"name\":\"Test-1\",\"full_marks\":10,\"pass_marks\":3.5,\"questions\":[{\"question_number\":1,\"sub_question\":\"\",\"is_optional\":false,\"co\":1,\"max_marks\":10}]}','::1','2026-05-16 19:20:35'),(346,3102,'UPDATE','MarksByCO','','{\"id\":13,\"offering_id\":13,\"course_id\":13,\"name\":\"Test-1\",\"full_marks\":10,\"pass_marks\":3,\"test_type\":null,\"test_date\":null,\"max_marks\":null,\"weightage\":null,\"question_paper_filename\":null,\"has_question_paper_pdf\":false}','{\"test_id\":13,\"student_id\":\"CSB22002\",\"CO1\":9,\"CO2\":0,\"CO3\":0,\"CO4\":0,\"CO5\":0,\"CO6\":0,\"validate_marks\":true}','::1','2026-05-16 19:20:53'),(347,3102,'UPDATE','MarksByCO','','{\"id\":13,\"offering_id\":13,\"course_id\":13,\"name\":\"Test-1\",\"full_marks\":10,\"pass_marks\":3,\"test_type\":null,\"test_date\":null,\"max_marks\":null,\"weightage\":null,\"question_paper_filename\":null,\"has_question_paper_pdf\":false}','{\"test_id\":13,\"student_id\":\"CSB22003\",\"CO1\":9,\"CO2\":0,\"CO3\":0,\"CO4\":0,\"CO5\":0,\"CO6\":0,\"validate_marks\":true}','::1','2026-05-16 19:20:53'),(348,3102,'UPDATE','MarksByCO','','{\"id\":13,\"offering_id\":13,\"course_id\":13,\"name\":\"Test-1\",\"full_marks\":10,\"pass_marks\":3,\"test_type\":null,\"test_date\":null,\"max_marks\":null,\"weightage\":null,\"question_paper_filename\":null,\"has_question_paper_pdf\":false}','{\"test_id\":13,\"student_id\":\"CSB22005\",\"CO1\":4,\"CO2\":0,\"CO3\":0,\"CO4\":0,\"CO5\":0,\"CO6\":0,\"validate_marks\":true}','::1','2026-05-16 19:20:53'),(349,3102,'UPDATE','MarksByCO','','{\"id\":13,\"offering_id\":13,\"course_id\":13,\"name\":\"Test-1\",\"full_marks\":10,\"pass_marks\":3,\"test_type\":null,\"test_date\":null,\"max_marks\":null,\"weightage\":null,\"question_paper_filename\":null,\"has_question_paper_pdf\":false}','{\"test_id\":13,\"student_id\":\"CSB22006\",\"CO1\":7,\"CO2\":0,\"CO3\":0,\"CO4\":0,\"CO5\":0,\"CO6\":0,\"validate_marks\":true}','::1','2026-05-16 19:20:53'),(350,3102,'UPDATE','MarksByCO','','{\"id\":13,\"offering_id\":13,\"course_id\":13,\"name\":\"Test-1\",\"full_marks\":10,\"pass_marks\":3,\"test_type\":null,\"test_date\":null,\"max_marks\":null,\"weightage\":null,\"question_paper_filename\":null,\"has_question_paper_pdf\":false}','{\"test_id\":13,\"student_id\":\"CSB22008\",\"CO1\":1,\"CO2\":0,\"CO3\":0,\"CO4\":0,\"CO5\":0,\"CO6\":0,\"validate_marks\":true}','::1','2026-05-16 19:20:53'),(351,3102,'UPDATE','MarksByCO','','{\"id\":13,\"offering_id\":13,\"course_id\":13,\"name\":\"Test-1\",\"full_marks\":10,\"pass_marks\":3,\"test_type\":null,\"test_date\":null,\"max_marks\":null,\"weightage\":null,\"question_paper_filename\":null,\"has_question_paper_pdf\":false}','{\"test_id\":13,\"student_id\":\"CSB22012\",\"CO1\":6,\"CO2\":0,\"CO3\":0,\"CO4\":0,\"CO5\":0,\"CO6\":0,\"validate_marks\":true}','::1','2026-05-16 19:20:53'),(352,3102,'UPDATE','MarksByCO','','{\"id\":13,\"offering_id\":13,\"course_id\":13,\"name\":\"Test-1\",\"full_marks\":10,\"pass_marks\":3,\"test_type\":null,\"test_date\":null,\"max_marks\":null,\"weightage\":null,\"question_paper_filename\":null,\"has_question_paper_pdf\":false}','{\"test_id\":13,\"student_id\":\"CSB22015\",\"CO1\":5,\"CO2\":0,\"CO3\":0,\"CO4\":0,\"CO5\":0,\"CO6\":0,\"validate_marks\":true}','::1','2026-05-16 19:20:53'),(353,3102,'UPDATE','MarksByCO','','{\"id\":13,\"offering_id\":13,\"course_id\":13,\"name\":\"Test-1\",\"full_marks\":10,\"pass_marks\":3,\"test_type\":null,\"test_date\":null,\"max_marks\":null,\"weightage\":null,\"question_paper_filename\":null,\"has_question_paper_pdf\":false}','{\"test_id\":13,\"student_id\":\"CSB22018\",\"CO1\":8,\"CO2\":0,\"CO3\":0,\"CO4\":0,\"CO5\":0,\"CO6\":0,\"validate_marks\":true}','::1','2026-05-16 19:20:53'),(354,3102,'UPDATE','MarksByCO','','{\"id\":13,\"offering_id\":13,\"course_id\":13,\"name\":\"Test-1\",\"full_marks\":10,\"pass_marks\":3,\"test_type\":null,\"test_date\":null,\"max_marks\":null,\"weightage\":null,\"question_paper_filename\":null,\"has_question_paper_pdf\":false}','{\"test_id\":13,\"student_id\":\"CSB22020\",\"CO1\":6,\"CO2\":0,\"CO3\":0,\"CO4\":0,\"CO5\":0,\"CO6\":0,\"validate_marks\":true}','::1','2026-05-16 19:20:53'),(355,3102,'UPDATE','MarksByCO','','{\"id\":13,\"offering_id\":13,\"course_id\":13,\"name\":\"Test-1\",\"full_marks\":10,\"pass_marks\":3,\"test_type\":null,\"test_date\":null,\"max_marks\":null,\"weightage\":null,\"question_paper_filename\":null,\"has_question_paper_pdf\":false}','{\"test_id\":13,\"student_id\":\"CSB22021\",\"CO1\":8,\"CO2\":0,\"CO3\":0,\"CO4\":0,\"CO5\":0,\"CO6\":0,\"validate_marks\":true}','::1','2026-05-16 19:20:53'),(356,3102,'UPDATE','MarksByCO','','{\"id\":13,\"offering_id\":13,\"course_id\":13,\"name\":\"Test-1\",\"full_marks\":10,\"pass_marks\":3,\"test_type\":null,\"test_date\":null,\"max_marks\":null,\"weightage\":null,\"question_paper_filename\":null,\"has_question_paper_pdf\":false}','{\"test_id\":13,\"student_id\":\"CSB22022\",\"CO1\":8,\"CO2\":0,\"CO3\":0,\"CO4\":0,\"CO5\":0,\"CO6\":0,\"validate_marks\":true}','::1','2026-05-16 19:20:53'),(357,3102,'UPDATE','MarksByCO','','{\"id\":13,\"offering_id\":13,\"course_id\":13,\"name\":\"Test-1\",\"full_marks\":10,\"pass_marks\":3,\"test_type\":null,\"test_date\":null,\"max_marks\":null,\"weightage\":null,\"question_paper_filename\":null,\"has_question_paper_pdf\":false}','{\"test_id\":13,\"student_id\":\"CSB22023\",\"CO1\":9,\"CO2\":0,\"CO3\":0,\"CO4\":0,\"CO5\":0,\"CO6\":0,\"validate_marks\":true}','::1','2026-05-16 19:20:53'),(358,3102,'UPDATE','MarksByCO','','{\"id\":13,\"offering_id\":13,\"course_id\":13,\"name\":\"Test-1\",\"full_marks\":10,\"pass_marks\":3,\"test_type\":null,\"test_date\":null,\"max_marks\":null,\"weightage\":null,\"question_paper_filename\":null,\"has_question_paper_pdf\":false}','{\"test_id\":13,\"student_id\":\"CSB22024\",\"CO1\":6,\"CO2\":0,\"CO3\":0,\"CO4\":0,\"CO5\":0,\"CO6\":0,\"validate_marks\":true}','::1','2026-05-16 19:20:53'),(359,3102,'UPDATE','MarksByCO','','{\"id\":13,\"offering_id\":13,\"course_id\":13,\"name\":\"Test-1\",\"full_marks\":10,\"pass_marks\":3,\"test_type\":null,\"test_date\":null,\"max_marks\":null,\"weightage\":null,\"question_paper_filename\":null,\"has_question_paper_pdf\":false}','{\"test_id\":13,\"student_id\":\"CSB22025\",\"CO1\":8,\"CO2\":0,\"CO3\":0,\"CO4\":0,\"CO5\":0,\"CO6\":0,\"validate_marks\":true}','::1','2026-05-16 19:20:53'),(360,3102,'UPDATE','MarksByCO','','{\"id\":13,\"offering_id\":13,\"course_id\":13,\"name\":\"Test-1\",\"full_marks\":10,\"pass_marks\":3,\"test_type\":null,\"test_date\":null,\"max_marks\":null,\"weightage\":null,\"question_paper_filename\":null,\"has_question_paper_pdf\":false}','{\"test_id\":13,\"student_id\":\"CSB22028\",\"CO1\":2,\"CO2\":0,\"CO3\":0,\"CO4\":0,\"CO5\":0,\"CO6\":0,\"validate_marks\":true}','::1','2026-05-16 19:20:53'),(361,3102,'UPDATE','MarksByCO','','{\"id\":13,\"offering_id\":13,\"course_id\":13,\"name\":\"Test-1\",\"full_marks\":10,\"pass_marks\":3,\"test_type\":null,\"test_date\":null,\"max_marks\":null,\"weightage\":null,\"question_paper_filename\":null,\"has_question_paper_pdf\":false}','{\"test_id\":13,\"student_id\":\"CSB22031\",\"CO1\":2,\"CO2\":0,\"CO3\":0,\"CO4\":0,\"CO5\":0,\"CO6\":0,\"validate_marks\":true}','::1','2026-05-16 19:20:53'),(362,3102,'UPDATE','MarksByCO','','{\"id\":13,\"offering_id\":13,\"course_id\":13,\"name\":\"Test-1\",\"full_marks\":10,\"pass_marks\":3,\"test_type\":null,\"test_date\":null,\"max_marks\":null,\"weightage\":null,\"question_paper_filename\":null,\"has_question_paper_pdf\":false}','{\"test_id\":13,\"student_id\":\"CSB22034\",\"CO1\":7,\"CO2\":0,\"CO3\":0,\"CO4\":0,\"CO5\":0,\"CO6\":0,\"validate_marks\":true}','::1','2026-05-16 19:20:53'),(363,3102,'UPDATE','MarksByCO','','{\"id\":13,\"offering_id\":13,\"course_id\":13,\"name\":\"Test-1\",\"full_marks\":10,\"pass_marks\":3,\"test_type\":null,\"test_date\":null,\"max_marks\":null,\"weightage\":null,\"question_paper_filename\":null,\"has_question_paper_pdf\":false}','{\"test_id\":13,\"student_id\":\"CSB22035\",\"CO1\":2,\"CO2\":0,\"CO3\":0,\"CO4\":0,\"CO5\":0,\"CO6\":0,\"validate_marks\":true}','::1','2026-05-16 19:20:53'),(364,3102,'UPDATE','MarksByCO','','{\"id\":13,\"offering_id\":13,\"course_id\":13,\"name\":\"Test-1\",\"full_marks\":10,\"pass_marks\":3,\"test_type\":null,\"test_date\":null,\"max_marks\":null,\"weightage\":null,\"question_paper_filename\":null,\"has_question_paper_pdf\":false}','{\"test_id\":13,\"student_id\":\"CSB22036\",\"CO1\":7,\"CO2\":0,\"CO3\":0,\"CO4\":0,\"CO5\":0,\"CO6\":0,\"validate_marks\":true}','::1','2026-05-16 19:20:53'),(365,3102,'UPDATE','MarksByCO','','{\"id\":13,\"offering_id\":13,\"course_id\":13,\"name\":\"Test-1\",\"full_marks\":10,\"pass_marks\":3,\"test_type\":null,\"test_date\":null,\"max_marks\":null,\"weightage\":null,\"question_paper_filename\":null,\"has_question_paper_pdf\":false}','{\"test_id\":13,\"student_id\":\"CSB22039\",\"CO1\":2,\"CO2\":0,\"CO3\":0,\"CO4\":0,\"CO5\":0,\"CO6\":0,\"validate_marks\":true}','::1','2026-05-16 19:20:54'),(366,3102,'UPDATE','MarksByCO','','{\"id\":13,\"offering_id\":13,\"course_id\":13,\"name\":\"Test-1\",\"full_marks\":10,\"pass_marks\":3,\"test_type\":null,\"test_date\":null,\"max_marks\":null,\"weightage\":null,\"question_paper_filename\":null,\"has_question_paper_pdf\":false}','{\"test_id\":13,\"student_id\":\"CSB22041\",\"CO1\":5,\"CO2\":0,\"CO3\":0,\"CO4\":0,\"CO5\":0,\"CO6\":0,\"validate_marks\":true}','::1','2026-05-16 19:20:54'),(367,3102,'UPDATE','MarksByCO','','{\"id\":13,\"offering_id\":13,\"course_id\":13,\"name\":\"Test-1\",\"full_marks\":10,\"pass_marks\":3,\"test_type\":null,\"test_date\":null,\"max_marks\":null,\"weightage\":null,\"question_paper_filename\":null,\"has_question_paper_pdf\":false}','{\"test_id\":13,\"student_id\":\"CSB22042\",\"CO1\":6,\"CO2\":0,\"CO3\":0,\"CO4\":0,\"CO5\":0,\"CO6\":0,\"validate_marks\":true}','::1','2026-05-16 19:20:54'),(368,3102,'UPDATE','MarksByCO','','{\"id\":13,\"offering_id\":13,\"course_id\":13,\"name\":\"Test-1\",\"full_marks\":10,\"pass_marks\":3,\"test_type\":null,\"test_date\":null,\"max_marks\":null,\"weightage\":null,\"question_paper_filename\":null,\"has_question_paper_pdf\":false}','{\"test_id\":13,\"student_id\":\"CSB22044\",\"CO1\":6,\"CO2\":0,\"CO3\":0,\"CO4\":0,\"CO5\":0,\"CO6\":0,\"validate_marks\":true}','::1','2026-05-16 19:20:54'),(369,3102,'UPDATE','MarksByCO','','{\"id\":13,\"offering_id\":13,\"course_id\":13,\"name\":\"Test-1\",\"full_marks\":10,\"pass_marks\":3,\"test_type\":null,\"test_date\":null,\"max_marks\":null,\"weightage\":null,\"question_paper_filename\":null,\"has_question_paper_pdf\":false}','{\"test_id\":13,\"student_id\":\"CSB22045\",\"CO1\":2,\"CO2\":0,\"CO3\":0,\"CO4\":0,\"CO5\":0,\"CO6\":0,\"validate_marks\":true}','::1','2026-05-16 19:20:54'),(370,3102,'UPDATE','MarksByCO','','{\"id\":13,\"offering_id\":13,\"course_id\":13,\"name\":\"Test-1\",\"full_marks\":10,\"pass_marks\":3,\"test_type\":null,\"test_date\":null,\"max_marks\":null,\"weightage\":null,\"question_paper_filename\":null,\"has_question_paper_pdf\":false}','{\"test_id\":13,\"student_id\":\"CSB22046\",\"CO1\":8,\"CO2\":0,\"CO3\":0,\"CO4\":0,\"CO5\":0,\"CO6\":0,\"validate_marks\":true}','::1','2026-05-16 19:20:54'),(371,3102,'UPDATE','MarksByCO','','{\"id\":13,\"offering_id\":13,\"course_id\":13,\"name\":\"Test-1\",\"full_marks\":10,\"pass_marks\":3,\"test_type\":null,\"test_date\":null,\"max_marks\":null,\"weightage\":null,\"question_paper_filename\":null,\"has_question_paper_pdf\":false}','{\"test_id\":13,\"student_id\":\"CSB22047\",\"CO1\":5,\"CO2\":0,\"CO3\":0,\"CO4\":0,\"CO5\":0,\"CO6\":0,\"validate_marks\":true}','::1','2026-05-16 19:20:54'),(372,3102,'UPDATE','MarksByCO','','{\"id\":13,\"offering_id\":13,\"course_id\":13,\"name\":\"Test-1\",\"full_marks\":10,\"pass_marks\":3,\"test_type\":null,\"test_date\":null,\"max_marks\":null,\"weightage\":null,\"question_paper_filename\":null,\"has_question_paper_pdf\":false}','{\"test_id\":13,\"student_id\":\"CSB22048\",\"CO1\":6,\"CO2\":0,\"CO3\":0,\"CO4\":0,\"CO5\":0,\"CO6\":0,\"validate_marks\":true}','::1','2026-05-16 19:20:54'),(373,3102,'UPDATE','MarksByCO','','{\"id\":13,\"offering_id\":13,\"course_id\":13,\"name\":\"Test-1\",\"full_marks\":10,\"pass_marks\":3,\"test_type\":null,\"test_date\":null,\"max_marks\":null,\"weightage\":null,\"question_paper_filename\":null,\"has_question_paper_pdf\":false}','{\"test_id\":13,\"student_id\":\"CSB22049\",\"CO1\":4,\"CO2\":0,\"CO3\":0,\"CO4\":0,\"CO5\":0,\"CO6\":0,\"validate_marks\":true}','::1','2026-05-16 19:20:54'),(374,3102,'UPDATE','MarksByCO','','{\"id\":13,\"offering_id\":13,\"course_id\":13,\"name\":\"Test-1\",\"full_marks\":10,\"pass_marks\":3,\"test_type\":null,\"test_date\":null,\"max_marks\":null,\"weightage\":null,\"question_paper_filename\":null,\"has_question_paper_pdf\":false}','{\"test_id\":13,\"student_id\":\"CSB22051\",\"CO1\":8,\"CO2\":0,\"CO3\":0,\"CO4\":0,\"CO5\":0,\"CO6\":0,\"validate_marks\":true}','::1','2026-05-16 19:20:54'),(375,3102,'UPDATE','MarksByCO','','{\"id\":13,\"offering_id\":13,\"course_id\":13,\"name\":\"Test-1\",\"full_marks\":10,\"pass_marks\":3,\"test_type\":null,\"test_date\":null,\"max_marks\":null,\"weightage\":null,\"question_paper_filename\":null,\"has_question_paper_pdf\":false}','{\"test_id\":13,\"student_id\":\"CSB22052\",\"CO1\":5,\"CO2\":0,\"CO3\":0,\"CO4\":0,\"CO5\":0,\"CO6\":0,\"validate_marks\":true}','::1','2026-05-16 19:20:54'),(376,3102,'UPDATE','MarksByCO','','{\"id\":13,\"offering_id\":13,\"course_id\":13,\"name\":\"Test-1\",\"full_marks\":10,\"pass_marks\":3,\"test_type\":null,\"test_date\":null,\"max_marks\":null,\"weightage\":null,\"question_paper_filename\":null,\"has_question_paper_pdf\":false}','{\"test_id\":13,\"student_id\":\"CSB22053\",\"CO1\":6,\"CO2\":0,\"CO3\":0,\"CO4\":0,\"CO5\":0,\"CO6\":0,\"validate_marks\":true}','::1','2026-05-16 19:20:54'),(377,3102,'UPDATE','MarksByCO','','{\"id\":13,\"offering_id\":13,\"course_id\":13,\"name\":\"Test-1\",\"full_marks\":10,\"pass_marks\":3,\"test_type\":null,\"test_date\":null,\"max_marks\":null,\"weightage\":null,\"question_paper_filename\":null,\"has_question_paper_pdf\":false}','{\"test_id\":13,\"student_id\":\"CSB22054\",\"CO1\":9,\"CO2\":0,\"CO3\":0,\"CO4\":0,\"CO5\":0,\"CO6\":0,\"validate_marks\":true}','::1','2026-05-16 19:20:54'),(378,3102,'UPDATE','MarksByCO','','{\"id\":13,\"offering_id\":13,\"course_id\":13,\"name\":\"Test-1\",\"full_marks\":10,\"pass_marks\":3,\"test_type\":null,\"test_date\":null,\"max_marks\":null,\"weightage\":null,\"question_paper_filename\":null,\"has_question_paper_pdf\":false}','{\"test_id\":13,\"student_id\":\"CSB22055\",\"CO1\":8,\"CO2\":0,\"CO3\":0,\"CO4\":0,\"CO5\":0,\"CO6\":0,\"validate_marks\":true}','::1','2026-05-16 19:20:54'),(379,3102,'UPDATE','MarksByCO','','{\"id\":13,\"offering_id\":13,\"course_id\":13,\"name\":\"Test-1\",\"full_marks\":10,\"pass_marks\":3,\"test_type\":null,\"test_date\":null,\"max_marks\":null,\"weightage\":null,\"question_paper_filename\":null,\"has_question_paper_pdf\":false}','{\"test_id\":13,\"student_id\":\"CSB22056\",\"CO1\":7,\"CO2\":0,\"CO3\":0,\"CO4\":0,\"CO5\":0,\"CO6\":0,\"validate_marks\":true}','::1','2026-05-16 19:20:54'),(380,3102,'UPDATE','MarksByCO','','{\"id\":13,\"offering_id\":13,\"course_id\":13,\"name\":\"Test-1\",\"full_marks\":10,\"pass_marks\":3,\"test_type\":null,\"test_date\":null,\"max_marks\":null,\"weightage\":null,\"question_paper_filename\":null,\"has_question_paper_pdf\":false}','{\"test_id\":13,\"student_id\":\"CSB22057\",\"CO1\":5,\"CO2\":0,\"CO3\":0,\"CO4\":0,\"CO5\":0,\"CO6\":0,\"validate_marks\":true}','::1','2026-05-16 19:20:54'),(381,3102,'UPDATE','MarksByCO','','{\"id\":13,\"offering_id\":13,\"course_id\":13,\"name\":\"Test-1\",\"full_marks\":10,\"pass_marks\":3,\"test_type\":null,\"test_date\":null,\"max_marks\":null,\"weightage\":null,\"question_paper_filename\":null,\"has_question_paper_pdf\":false}','{\"test_id\":13,\"student_id\":\"CSB22058\",\"CO1\":6,\"CO2\":0,\"CO3\":0,\"CO4\":0,\"CO5\":0,\"CO6\":0,\"validate_marks\":true}','::1','2026-05-16 19:20:54'),(382,3102,'UPDATE','MarksByCO','','{\"id\":13,\"offering_id\":13,\"course_id\":13,\"name\":\"Test-1\",\"full_marks\":10,\"pass_marks\":3,\"test_type\":null,\"test_date\":null,\"max_marks\":null,\"weightage\":null,\"question_paper_filename\":null,\"has_question_paper_pdf\":false}','{\"test_id\":13,\"student_id\":\"CSB22059\",\"CO1\":7,\"CO2\":0,\"CO3\":0,\"CO4\":0,\"CO5\":0,\"CO6\":0,\"validate_marks\":true}','::1','2026-05-16 19:20:54'),(383,3102,'UPDATE','MarksByCO','','{\"id\":13,\"offering_id\":13,\"course_id\":13,\"name\":\"Test-1\",\"full_marks\":10,\"pass_marks\":3,\"test_type\":null,\"test_date\":null,\"max_marks\":null,\"weightage\":null,\"question_paper_filename\":null,\"has_question_paper_pdf\":false}','{\"test_id\":13,\"student_id\":\"CSB22060\",\"CO1\":5,\"CO2\":0,\"CO3\":0,\"CO4\":0,\"CO5\":0,\"CO6\":0,\"validate_marks\":true}','::1','2026-05-16 19:20:54'),(384,3102,'UPDATE','MarksByCO','','{\"id\":13,\"offering_id\":13,\"course_id\":13,\"name\":\"Test-1\",\"full_marks\":10,\"pass_marks\":3,\"test_type\":null,\"test_date\":null,\"max_marks\":null,\"weightage\":null,\"question_paper_filename\":null,\"has_question_paper_pdf\":false}','{\"test_id\":13,\"student_id\":\"CSB22061\",\"CO1\":6,\"CO2\":0,\"CO3\":0,\"CO4\":0,\"CO5\":0,\"CO6\":0,\"validate_marks\":true}','::1','2026-05-16 19:20:54'),(385,3102,'UPDATE','MarksByCO','','{\"id\":13,\"offering_id\":13,\"course_id\":13,\"name\":\"Test-1\",\"full_marks\":10,\"pass_marks\":3,\"test_type\":null,\"test_date\":null,\"max_marks\":null,\"weightage\":null,\"question_paper_filename\":null,\"has_question_paper_pdf\":false}','{\"test_id\":13,\"student_id\":\"CSB22062\",\"CO1\":7,\"CO2\":0,\"CO3\":0,\"CO4\":0,\"CO5\":0,\"CO6\":0,\"validate_marks\":true}','::1','2026-05-16 19:20:55'),(386,3102,'UPDATE','MarksByCO','','{\"id\":13,\"offering_id\":13,\"course_id\":13,\"name\":\"Test-1\",\"full_marks\":10,\"pass_marks\":3,\"test_type\":null,\"test_date\":null,\"max_marks\":null,\"weightage\":null,\"question_paper_filename\":null,\"has_question_paper_pdf\":false}','{\"test_id\":13,\"student_id\":\"CSB22063\",\"CO1\":3,\"CO2\":0,\"CO3\":0,\"CO4\":0,\"CO5\":0,\"CO6\":0,\"validate_marks\":true}','::1','2026-05-16 19:20:55'),(387,3102,'UPDATE','MarksByCO','','{\"id\":13,\"offering_id\":13,\"course_id\":13,\"name\":\"Test-1\",\"full_marks\":10,\"pass_marks\":3,\"test_type\":null,\"test_date\":null,\"max_marks\":null,\"weightage\":null,\"question_paper_filename\":null,\"has_question_paper_pdf\":false}','{\"test_id\":13,\"student_id\":\"CSB22064\",\"CO1\":9,\"CO2\":0,\"CO3\":0,\"CO4\":0,\"CO5\":0,\"CO6\":0,\"validate_marks\":true}','::1','2026-05-16 19:20:55'),(388,3102,'UPDATE','MarksByCO','','{\"id\":13,\"offering_id\":13,\"course_id\":13,\"name\":\"Test-1\",\"full_marks\":10,\"pass_marks\":3,\"test_type\":null,\"test_date\":null,\"max_marks\":null,\"weightage\":null,\"question_paper_filename\":null,\"has_question_paper_pdf\":false}','{\"test_id\":13,\"student_id\":\"CSB22065\",\"CO1\":8,\"CO2\":0,\"CO3\":0,\"CO4\":0,\"CO5\":0,\"CO6\":0,\"validate_marks\":true}','::1','2026-05-16 19:20:55'),(389,3102,'UPDATE','MarksByCO','','{\"id\":13,\"offering_id\":13,\"course_id\":13,\"name\":\"Test-1\",\"full_marks\":10,\"pass_marks\":3,\"test_type\":null,\"test_date\":null,\"max_marks\":null,\"weightage\":null,\"question_paper_filename\":null,\"has_question_paper_pdf\":false}','{\"test_id\":13,\"student_id\":\"CSB22067\",\"CO1\":4,\"CO2\":0,\"CO3\":0,\"CO4\":0,\"CO5\":0,\"CO6\":0,\"validate_marks\":true}','::1','2026-05-16 19:20:55'),(390,3102,'UPDATE','MarksByCO','','{\"id\":13,\"offering_id\":13,\"course_id\":13,\"name\":\"Test-1\",\"full_marks\":10,\"pass_marks\":3,\"test_type\":null,\"test_date\":null,\"max_marks\":null,\"weightage\":null,\"question_paper_filename\":null,\"has_question_paper_pdf\":false}','{\"test_id\":13,\"student_id\":\"CSB22069\",\"CO1\":6,\"CO2\":0,\"CO3\":0,\"CO4\":0,\"CO5\":0,\"CO6\":0,\"validate_marks\":true}','::1','2026-05-16 19:20:55'),(391,3102,'UPDATE','MarksByCO','','{\"id\":13,\"offering_id\":13,\"course_id\":13,\"name\":\"Test-1\",\"full_marks\":10,\"pass_marks\":3,\"test_type\":null,\"test_date\":null,\"max_marks\":null,\"weightage\":null,\"question_paper_filename\":null,\"has_question_paper_pdf\":false}','{\"test_id\":13,\"student_id\":\"CSB22070\",\"CO1\":7,\"CO2\":0,\"CO3\":0,\"CO4\":0,\"CO5\":0,\"CO6\":0,\"validate_marks\":true}','::1','2026-05-16 19:20:55'),(392,3102,'UPDATE','MarksByCO','','{\"id\":13,\"offering_id\":13,\"course_id\":13,\"name\":\"Test-1\",\"full_marks\":10,\"pass_marks\":3,\"test_type\":null,\"test_date\":null,\"max_marks\":null,\"weightage\":null,\"question_paper_filename\":null,\"has_question_paper_pdf\":false}','{\"test_id\":13,\"student_id\":\"CSB22071\",\"CO1\":5,\"CO2\":0,\"CO3\":0,\"CO4\":0,\"CO5\":0,\"CO6\":0,\"validate_marks\":true}','::1','2026-05-16 19:20:55'),(393,3102,'UPDATE','MarksByCO','','{\"id\":13,\"offering_id\":13,\"course_id\":13,\"name\":\"Test-1\",\"full_marks\":10,\"pass_marks\":3,\"test_type\":null,\"test_date\":null,\"max_marks\":null,\"weightage\":null,\"question_paper_filename\":null,\"has_question_paper_pdf\":false}','{\"test_id\":13,\"student_id\":\"CSB22072\",\"CO1\":6,\"CO2\":0,\"CO3\":0,\"CO4\":0,\"CO5\":0,\"CO6\":0,\"validate_marks\":true}','::1','2026-05-16 19:20:55'),(394,3102,'UPDATE','MarksByCO','','{\"id\":13,\"offering_id\":13,\"course_id\":13,\"name\":\"Test-1\",\"full_marks\":10,\"pass_marks\":3,\"test_type\":null,\"test_date\":null,\"max_marks\":null,\"weightage\":null,\"question_paper_filename\":null,\"has_question_paper_pdf\":false}','{\"test_id\":13,\"student_id\":\"CSB22073\",\"CO1\":7,\"CO2\":0,\"CO3\":0,\"CO4\":0,\"CO5\":0,\"CO6\":0,\"validate_marks\":true}','::1','2026-05-16 19:20:55'),(395,3102,'UPDATE','MarksByCO','','{\"id\":13,\"offering_id\":13,\"course_id\":13,\"name\":\"Test-1\",\"full_marks\":10,\"pass_marks\":3,\"test_type\":null,\"test_date\":null,\"max_marks\":null,\"weightage\":null,\"question_paper_filename\":null,\"has_question_paper_pdf\":false}','{\"test_id\":13,\"student_id\":\"CSB22075\",\"CO1\":7,\"CO2\":0,\"CO3\":0,\"CO4\":0,\"CO5\":0,\"CO6\":0,\"validate_marks\":true}','::1','2026-05-16 19:20:55'),(396,3102,'UPDATE','MarksByCO','','{\"id\":13,\"offering_id\":13,\"course_id\":13,\"name\":\"Test-1\",\"full_marks\":10,\"pass_marks\":3,\"test_type\":null,\"test_date\":null,\"max_marks\":null,\"weightage\":null,\"question_paper_filename\":null,\"has_question_paper_pdf\":false}','{\"test_id\":13,\"student_id\":\"CSB22076\",\"CO1\":4,\"CO2\":0,\"CO3\":0,\"CO4\":0,\"CO5\":0,\"CO6\":0,\"validate_marks\":true}','::1','2026-05-16 19:20:55'),(397,3102,'UPDATE','MarksByCO','','{\"id\":13,\"offering_id\":13,\"course_id\":13,\"name\":\"Test-1\",\"full_marks\":10,\"pass_marks\":3,\"test_type\":null,\"test_date\":null,\"max_marks\":null,\"weightage\":null,\"question_paper_filename\":null,\"has_question_paper_pdf\":false}','{\"test_id\":13,\"student_id\":\"CSB22078\",\"CO1\":6,\"CO2\":0,\"CO3\":0,\"CO4\":0,\"CO5\":0,\"CO6\":0,\"validate_marks\":true}','::1','2026-05-16 19:20:55'),(398,3102,'UPDATE','MarksByCO','','{\"id\":13,\"offering_id\":13,\"course_id\":13,\"name\":\"Test-1\",\"full_marks\":10,\"pass_marks\":3,\"test_type\":null,\"test_date\":null,\"max_marks\":null,\"weightage\":null,\"question_paper_filename\":null,\"has_question_paper_pdf\":false}','{\"test_id\":13,\"student_id\":\"CSB22079\",\"CO1\":9,\"CO2\":0,\"CO3\":0,\"CO4\":0,\"CO5\":0,\"CO6\":0,\"validate_marks\":true}','::1','2026-05-16 19:20:55'),(399,3102,'UPDATE','MarksByCO','','{\"id\":13,\"offering_id\":13,\"course_id\":13,\"name\":\"Test-1\",\"full_marks\":10,\"pass_marks\":3,\"test_type\":null,\"test_date\":null,\"max_marks\":null,\"weightage\":null,\"question_paper_filename\":null,\"has_question_paper_pdf\":false}','{\"test_id\":13,\"student_id\":\"CSB22080\",\"CO1\":4,\"CO2\":0,\"CO3\":0,\"CO4\":0,\"CO5\":0,\"CO6\":0,\"validate_marks\":true}','::1','2026-05-16 19:20:55'),(400,3102,'UPDATE','MarksByCO','','{\"id\":13,\"offering_id\":13,\"course_id\":13,\"name\":\"Test-1\",\"full_marks\":10,\"pass_marks\":3,\"test_type\":null,\"test_date\":null,\"max_marks\":null,\"weightage\":null,\"question_paper_filename\":null,\"has_question_paper_pdf\":false}','{\"test_id\":13,\"student_id\":\"CSB22081\",\"CO1\":6,\"CO2\":0,\"CO3\":0,\"CO4\":0,\"CO5\":0,\"CO6\":0,\"validate_marks\":true}','::1','2026-05-16 19:20:55'),(401,3102,'UPDATE','MarksByCO','','{\"id\":13,\"offering_id\":13,\"course_id\":13,\"name\":\"Test-1\",\"full_marks\":10,\"pass_marks\":3,\"test_type\":null,\"test_date\":null,\"max_marks\":null,\"weightage\":null,\"question_paper_filename\":null,\"has_question_paper_pdf\":false}','{\"test_id\":13,\"student_id\":\"CSB22082\",\"CO1\":6,\"CO2\":0,\"CO3\":0,\"CO4\":0,\"CO5\":0,\"CO6\":0,\"validate_marks\":true}','::1','2026-05-16 19:20:55'),(402,3102,'UPDATE','MarksByCO','','{\"id\":13,\"offering_id\":13,\"course_id\":13,\"name\":\"Test-1\",\"full_marks\":10,\"pass_marks\":3,\"test_type\":null,\"test_date\":null,\"max_marks\":null,\"weightage\":null,\"question_paper_filename\":null,\"has_question_paper_pdf\":false}','{\"test_id\":13,\"student_id\":\"CSB22083\",\"CO1\":6,\"CO2\":0,\"CO3\":0,\"CO4\":0,\"CO5\":0,\"CO6\":0,\"validate_marks\":true}','::1','2026-05-16 19:20:55'),(403,3102,'UPDATE','MarksByCO','','{\"id\":13,\"offering_id\":13,\"course_id\":13,\"name\":\"Test-1\",\"full_marks\":10,\"pass_marks\":3,\"test_type\":null,\"test_date\":null,\"max_marks\":null,\"weightage\":null,\"question_paper_filename\":null,\"has_question_paper_pdf\":false}','{\"test_id\":13,\"student_id\":\"CSB22084\",\"CO1\":6,\"CO2\":0,\"CO3\":0,\"CO4\":0,\"CO5\":0,\"CO6\":0,\"validate_marks\":true}','::1','2026-05-16 19:20:55'),(404,3102,'UPDATE','MarksByCO','','{\"id\":13,\"offering_id\":13,\"course_id\":13,\"name\":\"Test-1\",\"full_marks\":10,\"pass_marks\":3,\"test_type\":null,\"test_date\":null,\"max_marks\":null,\"weightage\":null,\"question_paper_filename\":null,\"has_question_paper_pdf\":false}','{\"test_id\":13,\"student_id\":\"CSB23201\",\"CO1\":4,\"CO2\":0,\"CO3\":0,\"CO4\":0,\"CO5\":0,\"CO6\":0,\"validate_marks\":true}','::1','2026-05-16 19:20:55'),(405,3102,'UPDATE','MarksByCO','','{\"id\":13,\"offering_id\":13,\"course_id\":13,\"name\":\"Test-1\",\"full_marks\":10,\"pass_marks\":3,\"test_type\":null,\"test_date\":null,\"max_marks\":null,\"weightage\":null,\"question_paper_filename\":null,\"has_question_paper_pdf\":false}','{\"test_id\":13,\"student_id\":\"CSB23202\",\"CO1\":8,\"CO2\":0,\"CO3\":0,\"CO4\":0,\"CO5\":0,\"CO6\":0,\"validate_marks\":true}','::1','2026-05-16 19:20:55'),(406,3102,'UPDATE','MarksByCO','','{\"id\":13,\"offering_id\":13,\"course_id\":13,\"name\":\"Test-1\",\"full_marks\":10,\"pass_marks\":3,\"test_type\":null,\"test_date\":null,\"max_marks\":null,\"weightage\":null,\"question_paper_filename\":null,\"has_question_paper_pdf\":false}','{\"test_id\":13,\"student_id\":\"CSB23203\",\"CO1\":9,\"CO2\":0,\"CO3\":0,\"CO4\":0,\"CO5\":0,\"CO6\":0,\"validate_marks\":true}','::1','2026-05-16 19:20:55'),(407,3102,'UPDATE','MarksByCO','','{\"id\":13,\"offering_id\":13,\"course_id\":13,\"name\":\"Test-1\",\"full_marks\":10,\"pass_marks\":3,\"test_type\":null,\"test_date\":null,\"max_marks\":null,\"weightage\":null,\"question_paper_filename\":null,\"has_question_paper_pdf\":false}','{\"test_id\":13,\"student_id\":\"CSB23204\",\"CO1\":9,\"CO2\":0,\"CO3\":0,\"CO4\":0,\"CO5\":0,\"CO6\":0,\"validate_marks\":true}','::1','2026-05-16 19:20:56'),(408,3102,'UPDATE','MarksByCO','','{\"id\":13,\"offering_id\":13,\"course_id\":13,\"name\":\"Test-1\",\"full_marks\":10,\"pass_marks\":3,\"test_type\":null,\"test_date\":null,\"max_marks\":null,\"weightage\":null,\"question_paper_filename\":null,\"has_question_paper_pdf\":false}','{\"test_id\":13,\"student_id\":\"CSB23205\",\"CO1\":6,\"CO2\":0,\"CO3\":0,\"CO4\":0,\"CO5\":0,\"CO6\":0,\"validate_marks\":true}','::1','2026-05-16 19:20:56'),(409,3102,'UPDATE','MarksByCO','','{\"id\":13,\"offering_id\":13,\"course_id\":13,\"name\":\"Test-1\",\"full_marks\":10,\"pass_marks\":3,\"test_type\":null,\"test_date\":null,\"max_marks\":null,\"weightage\":null,\"question_paper_filename\":null,\"has_question_paper_pdf\":false}','{\"test_id\":13,\"student_id\":\"CSB23206\",\"CO1\":8,\"CO2\":0,\"CO3\":0,\"CO4\":0,\"CO5\":0,\"CO6\":0,\"validate_marks\":true}','::1','2026-05-16 19:20:56'),(410,3102,'UPDATE','MarksByCO','','{\"id\":13,\"offering_id\":13,\"course_id\":13,\"name\":\"Test-1\",\"full_marks\":10,\"pass_marks\":3,\"test_type\":null,\"test_date\":null,\"max_marks\":null,\"weightage\":null,\"question_paper_filename\":null,\"has_question_paper_pdf\":false}','{\"test_id\":13,\"student_id\":\"CSB23207\",\"CO1\":9,\"CO2\":0,\"CO3\":0,\"CO4\":0,\"CO5\":0,\"CO6\":0,\"validate_marks\":true}','::1','2026-05-16 19:20:56'),(411,3102,'CREATE','Assessment','',NULL,'{\"offering_id\":13,\"name\":\"Mid-Term\",\"full_marks\":30,\"pass_marks\":10,\"questions\":[{\"question_number\":1,\"sub_question\":\"\",\"is_optional\":false,\"co\":1,\"max_marks\":4},{\"question_number\":2,\"sub_question\":\"\",\"is_optional\":false,\"co\":2,\"max_marks\":15},{\"question_number\":3,\"sub_question\":\"\",\"is_optional\":false,\"co\":3,\"max_marks\":11}]}','::1','2026-05-16 19:21:46'),(412,3102,'UPDATE','bulkSaveMarks','','{\"id\":14,\"offering_id\":13,\"course_id\":13,\"name\":\"Mid-Term\",\"full_marks\":30,\"pass_marks\":10,\"test_type\":null,\"test_date\":null,\"max_marks\":null,\"weightage\":null,\"question_paper_filename\":null,\"has_question_paper_pdf\":false}','{\"test_id\":14,\"marks_entries\":[{\"student_rollno\":\"CSB22002\",\"question_number\":1,\"sub_question\":null,\"marks_obtained\":0},{\"student_rollno\":\"CSB22002\",\"question_number\":2,\"sub_question\":null,\"marks_obtained\":12},{\"student_rollno\":\"CSB22002\",\"question_number\":3,\"sub_question\":null,\"marks_obtained\":7},{\"student_rollno\":\"CSB22003\",\"question_number\":1,\"sub_question\":null,\"marks_obtained\":3},{\"student_rollno\":\"CSB22003\",\"question_number\":2,\"sub_question\":null,\"marks_obtained\":11},{\"student_rollno\":\"CSB22003\",\"question_number\":3,\"sub_question\":null,\"marks_obtained\":11},{\"student_rollno\":\"CSB22005\",\"question_number\":1,\"sub_question\":null,\"marks_obtained\":2},{\"student_rollno\":\"CSB22005\",\"question_number\":2,\"sub_question\":null,\"marks_obtained\":13},{\"student_rollno\":\"CSB22005\",\"question_number\":3,\"sub_question\":null,\"marks_obtained\":11},{\"student_rollno\":\"CSB22006\",\"question_number\":1,\"sub_question\":null,\"marks_obtained\":1},{\"student_rollno\":\"CSB22006\",\"question_number\":2,\"sub_question\":null,\"marks_obtained\":12},{\"student_rollno\":\"CSB22006\",\"question_number\":3,\"sub_question\":null,\"marks_obtained\":4},{\"student_rollno\":\"CSB22008\",\"question_number\":1,\"sub_question\":null,\"marks_obtained\":0},{\"student_rollno\":\"CSB22008\",\"question_number\":2,\"sub_question\":null,\"marks_obtained\":2},{\"student_rollno\":\"CSB22008\",\"question_number\":3,\"sub_question\":null,\"marks_obtained\":1},{\"student_rollno\":\"CSB22012\",\"question_number\":1,\"sub_question\":null,\"marks_obtained\":0},{\"student_rollno\":\"CSB22012\",\"question_number\":2,\"sub_question\":null,\"marks_obtained\":5},{\"student_rollno\":\"CSB22012\",\"question_number\":3,\"sub_question\":null,\"marks_obtained\":2},{\"student_rollno\":\"CSB22015\",\"question_number\":1,\"sub_question\":null,\"marks_obtained\":0},{\"student_rollno\":\"CSB22015\",\"question_number\":2,\"sub_question\":null,\"marks_obtained\":4},{\"student_rollno\":\"CSB22015\",\"question_number\":3,\"sub_question\":null,\"marks_obtained\":2},{\"student_rollno\":\"CSB22018\",\"question_number\":1,\"sub_question\":null,\"marks_obtained\":0},{\"student_rollno\":\"CSB22018\",\"question_number\":2,\"sub_question\":null,\"marks_obtained\":9},{\"student_rollno\":\"CSB22018\",\"question_number\":3,\"sub_question\":null,\"marks_obtained\":2},{\"student_rollno\":\"CSB22020\",\"question_number\":1,\"sub_question\":null,\"marks_obtained\":4},{\"student_rollno\":\"CSB22020\",\"question_number\":2,\"sub_question\":null,\"marks_obtained\":10},{\"student_rollno\":\"CSB22020\",\"question_number\":3,\"sub_question\":null,\"marks_obtained\":9},{\"student_rollno\":\"CSB22021\",\"question_number\":1,\"sub_question\":null,\"marks_obtained\":0},{\"student_rollno\":\"CSB22021\",\"question_number\":2,\"sub_question\":null,\"marks_obtained\":5},{\"student_rollno\":\"CSB22021\",\"question_number\":3,\"sub_question\":null,\"marks_obtained\":3},{\"student_rollno\":\"CSB22022\",\"question_number\":1,\"sub_question\":null,\"marks_obtained\":0},{\"student_rollno\":\"CSB22022\",\"question_number\":2,\"sub_question\":null,\"marks_obtained\":11},{\"student_rollno\":\"CSB22022\",\"question_number\":3,\"sub_question\":null,\"marks_obtained\":2},{\"student_rollno\":\"CSB22023\",\"question_number\":1,\"sub_question\":null,\"marks_obtained\":1},{\"student_rollno\":\"CSB22023\",\"question_number\":2,\"sub_question\":null,\"marks_obtained\":11},{\"student_rollno\":\"CSB22023\",\"question_number\":3,\"sub_question\":null,\"marks_obtained\":2},{\"student_rollno\":\"CSB22024\",\"question_number\":1,\"sub_question\":null,\"marks_obtained\":0},{\"student_rollno\":\"CSB22024\",\"question_number\":2,\"sub_question\":null,\"marks_obtained\":8},{\"student_rollno\":\"CSB22024\",\"question_number\":3,\"sub_question\":null,\"marks_obtained\":1},{\"student_rollno\":\"CSB22025\",\"question_number\":1,\"sub_question\":null,\"marks_obtained\":0},{\"student_rollno\":\"CSB22025\",\"question_number\":2,\"sub_question\":null,\"marks_obtained\":11},{\"student_rollno\":\"CSB22025\",\"question_number\":3,\"sub_question\":null,\"marks_obtained\":2},{\"student_rollno\":\"CSB22028\",\"question_number\":1,\"sub_question\":null,\"marks_obtained\":0},{\"student_rollno\":\"CSB22028\",\"question_number\":2,\"sub_question\":null,\"marks_obtained\":5},{\"student_rollno\":\"CSB22028\",\"question_number\":3,\"sub_question\":null,\"marks_obtained\":0},{\"student_rollno\":\"CSB22031\",\"question_number\":1,\"sub_question\":null,\"marks_obtained\":0},{\"student_rollno\":\"CSB22031\",\"question_number\":2,\"sub_question\":null,\"marks_obtained\":1},{\"student_rollno\":\"CSB22031\",\"question_number\":3,\"sub_question\":null,\"marks_obtained\":0},{\"student_rollno\":\"CSB22034\",\"question_number\":1,\"sub_question\":null,\"marks_obtained\":0},{\"student_rollno\":\"CSB22034\",\"question_number\":2,\"sub_question\":null,\"marks_obtained\":9},{\"student_rollno\":\"CSB22034\",\"question_number\":3,\"sub_question\":null,\"marks_obtained\":3},{\"student_rollno\":\"CSB22035\",\"question_number\":1,\"sub_question\":null,\"marks_obtained\":0},{\"student_rollno\":\"CSB22035\",\"question_number\":2,\"sub_question\":null,\"marks_obtained\":6},{\"student_rollno\":\"CSB22035\",\"question_number\":3,\"sub_question\":null,\"marks_obtained\":3},{\"student_rollno\":\"CSB22036\",\"question_number\":1,\"sub_question\":null,\"marks_obtained\":0},{\"student_rollno\":\"CSB22036\",\"question_number\":2,\"sub_question\":null,\"marks_obtained\":12},{\"student_rollno\":\"CSB22036\",\"question_number\":3,\"sub_question\":null,\"marks_obtained\":5},{\"student_rollno\":\"CSB22039\",\"question_number\":1,\"sub_question\":null,\"marks_obtained\":0},{\"student_rollno\":\"CSB22039\",\"question_number\":2,\"sub_question\":null,\"marks_obtained\":1},{\"student_rollno\":\"CSB22039\",\"question_number\":3,\"sub_question\":null,\"marks_obtained\":0},{\"student_rollno\":\"CSB22041\",\"question_number\":1,\"sub_question\":null,\"marks_obtained\":2},{\"student_rollno\":\"CSB22041\",\"question_number\":2,\"sub_question\":null,\"marks_obtained\":1},{\"student_rollno\":\"CSB22041\",\"question_number\":3,\"sub_question\":null,\"marks_obtained\":3},{\"student_rollno\":\"CSB22042\",\"question_number\":1,\"sub_question\":null,\"marks_obtained\":0},{\"student_rollno\":\"CSB22042\",\"question_number\":2,\"sub_question\":null,\"marks_obtained\":4},{\"student_rollno\":\"CSB22042\",\"question_number\":3,\"sub_question\":null,\"marks_obtained\":2},{\"student_rollno\":\"CSB22044\",\"question_number\":1,\"sub_question\":null,\"marks_obtained\":1},{\"student_rollno\":\"CSB22044\",\"question_number\":2,\"sub_question\":null,\"marks_obtained\":3},{\"student_rollno\":\"CSB22044\",\"question_number\":3,\"sub_question\":null,\"marks_obtained\":1},{\"student_rollno\":\"CSB22045\",\"question_number\":1,\"sub_question\":null,\"marks_obtained\":1},{\"student_rollno\":\"CSB22045\",\"question_number\":2,\"sub_question\":null,\"marks_obtained\":1},{\"student_rollno\":\"CSB22045\",\"question_number\":3,\"sub_question\":null,\"marks_obtained\":0},{\"student_rollno\":\"CSB22046\",\"question_number\":1,\"sub_question\":null,\"marks_obtained\":1},{\"student_rollno\":\"CSB22046\",\"question_number\":2,\"sub_question\":null,\"marks_obtained\":7},{\"student_rollno\":\"CSB22046\",\"question_number\":3,\"sub_question\":null,\"marks_obtained\":3},{\"student_rollno\":\"CSB22047\",\"question_number\":1,\"sub_question\":null,\"marks_obtained\":1},{\"student_rollno\":\"CSB22047\",\"question_number\":2,\"sub_question\":null,\"marks_obtained\":4},{\"student_rollno\":\"CSB22047\",\"question_number\":3,\"sub_question\":null,\"marks_obtained\":2},{\"student_rollno\":\"CSB22048\",\"question_number\":1,\"sub_question\":null,\"marks_obtained\":1},{\"student_rollno\":\"CSB22048\",\"question_number\":2,\"sub_question\":null,\"marks_obtained\":12},{\"student_rollno\":\"CSB22048\",\"question_number\":3,\"sub_question\":null,\"marks_obtained\":8},{\"student_rollno\":\"CSB22049\",\"question_number\":1,\"sub_question\":null,\"marks_obtained\":0},{\"student_rollno\":\"CSB22049\",\"question_number\":2,\"sub_question\":null,\"marks_obtained\":6},{\"student_rollno\":\"CSB22049\",\"question_number\":3,\"sub_question\":null,\"marks_obtained\":0},{\"student_rollno\":\"CSB22051\",\"question_number\":1,\"sub_question\":null,\"marks_obtained\":0},{\"student_rollno\":\"CSB22051\",\"question_number\":2,\"sub_question\":null,\"marks_obtained\":5},{\"student_rollno\":\"CSB22051\",\"question_number\":3,\"sub_question\":null,\"marks_obtained\":1},{\"student_rollno\":\"CSB22052\",\"question_number\":1,\"sub_question\":null,\"marks_obtained\":0},{\"student_rollno\":\"CSB22052\",\"question_number\":2,\"sub_question\":null,\"marks_obtained\":7},{\"student_rollno\":\"CSB22052\",\"question_number\":3,\"sub_question\":null,\"marks_obtained\":5},{\"student_rollno\":\"CSB22053\",\"question_number\":1,\"sub_question\":null,\"marks_obtained\":0},{\"student_rollno\":\"CSB22053\",\"question_number\":2,\"sub_question\":null,\"marks_obtained\":5},{\"student_rollno\":\"CSB22053\",\"question_number\":3,\"sub_question\":null,\"marks_obtained\":3},{\"student_rollno\":\"CSB22054\",\"question_number\":1,\"sub_question\":null,\"marks_obtained\":0},{\"student_rollno\":\"CSB22054\",\"question_number\":2,\"sub_question\":null,\"marks_obtained\":8},{\"student_rollno\":\"CSB22054\",\"question_number\":3,\"sub_question\":null,\"marks_obtained\":3},{\"student_rollno\":\"CSB22055\",\"question_number\":1,\"sub_question\":null,\"marks_obtained\":4},{\"student_rollno\":\"CSB22055\",\"question_number\":2,\"sub_question\":null,\"marks_obtained\":9},{\"student_rollno\":\"CSB22055\",\"question_number\":3,\"sub_question\":null,\"marks_obtained\":8},{\"student_rollno\":\"CSB22056\",\"question_number\":1,\"sub_question\":null,\"marks_obtained\":1},{\"student_rollno\":\"CSB22056\",\"question_number\":2,\"sub_question\":null,\"marks_obtained\":7},{\"student_rollno\":\"CSB22056\",\"question_number\":3,\"sub_question\":null,\"marks_obtained\":9},{\"student_rollno\":\"CSB22057\",\"question_number\":1,\"sub_question\":null,\"marks_obtained\":1},{\"student_rollno\":\"CSB22057\",\"question_number\":2,\"sub_question\":null,\"marks_obtained\":7},{\"student_rollno\":\"CSB22057\",\"question_number\":3,\"sub_question\":null,\"marks_obtained\":1},{\"student_rollno\":\"CSB22058\",\"question_number\":1,\"sub_question\":null,\"marks_obtained\":2},{\"student_rollno\":\"CSB22058\",\"question_number\":2,\"sub_question\":null,\"marks_obtained\":2},{\"student_rollno\":\"CSB22058\",\"question_number\":3,\"sub_question\":null,\"marks_obtained\":3},{\"student_rollno\":\"CSB22059\",\"question_number\":1,\"sub_question\":null,\"marks_obtained\":1},{\"student_rollno\":\"CSB22059\",\"question_number\":2,\"sub_question\":null,\"marks_obtained\":12},{\"student_rollno\":\"CSB22059\",\"question_number\":3,\"sub_question\":null,\"marks_obtained\":3},{\"student_rollno\":\"CSB22060\",\"question_number\":1,\"sub_question\":null,\"marks_obtained\":0},{\"student_rollno\":\"CSB22060\",\"question_number\":2,\"sub_question\":null,\"marks_obtained\":12},{\"student_rollno\":\"CSB22060\",\"question_number\":3,\"sub_question\":null,\"marks_obtained\":2},{\"student_rollno\":\"CSB22061\",\"question_number\":1,\"sub_question\":null,\"marks_obtained\":0},{\"student_rollno\":\"CSB22061\",\"question_number\":2,\"sub_question\":null,\"marks_obtained\":6},{\"student_rollno\":\"CSB22061\",\"question_number\":3,\"sub_question\":null,\"marks_obtained\":0},{\"student_rollno\":\"CSB22062\",\"question_number\":1,\"sub_question\":null,\"marks_obtained\":1},{\"student_rollno\":\"CSB22062\",\"question_number\":2,\"sub_question\":null,\"marks_obtained\":5},{\"student_rollno\":\"CSB22062\",\"question_number\":3,\"sub_question\":null,\"marks_obtained\":3},{\"student_rollno\":\"CSB22063\",\"question_number\":1,\"sub_question\":null,\"marks_obtained\":0},{\"student_rollno\":\"CSB22063\",\"question_number\":2,\"sub_question\":null,\"marks_obtained\":8},{\"student_rollno\":\"CSB22063\",\"question_number\":3,\"sub_question\":null,\"marks_obtained\":0},{\"student_rollno\":\"CSB22064\",\"question_number\":1,\"sub_question\":null,\"marks_obtained\":4},{\"student_rollno\":\"CSB22064\",\"question_number\":2,\"sub_question\":null,\"marks_obtained\":14},{\"student_rollno\":\"CSB22064\",\"question_number\":3,\"sub_question\":null,\"marks_obtained\":9},{\"student_rollno\":\"CSB22065\",\"question_number\":1,\"sub_question\":null,\"marks_obtained\":2},{\"student_rollno\":\"CSB22065\",\"question_number\":2,\"sub_question\":null,\"marks_obtained\":4},{\"student_rollno\":\"CSB22065\",\"question_number\":3,\"sub_question\":null,\"marks_obtained\":2},{\"student_rollno\":\"CSB22067\",\"question_number\":1,\"sub_question\":null,\"marks_obtained\":2},{\"student_rollno\":\"CSB22067\",\"question_number\":2,\"sub_question\":null,\"marks_obtained\":5},{\"student_rollno\":\"CSB22067\",\"question_number\":3,\"sub_question\":null,\"marks_obtained\":6},{\"student_rollno\":\"CSB22069\",\"question_number\":1,\"sub_question\":null,\"marks_obtained\":4},{\"student_rollno\":\"CSB22069\",\"question_number\":2,\"sub_question\":null,\"marks_obtained\":5},{\"student_rollno\":\"CSB22069\",\"question_number\":3,\"sub_question\":null,\"marks_obtained\":10},{\"student_rollno\":\"CSB22070\",\"question_number\":1,\"sub_question\":null,\"marks_obtained\":4},{\"student_rollno\":\"CSB22070\",\"question_number\":2,\"sub_question\":null,\"marks_obtained\":7},{\"student_rollno\":\"CSB22070\",\"question_number\":3,\"sub_question\":null,\"marks_obtained\":2},{\"student_rollno\":\"CSB22071\",\"question_number\":1,\"sub_question\":null,\"marks_obtained\":0},{\"student_rollno\":\"CSB22071\",\"question_number\":2,\"sub_question\":null,\"marks_obtained\":9},{\"student_rollno\":\"CSB22071\",\"question_number\":3,\"sub_question\":null,\"marks_obtained\":6},{\"student_rollno\":\"CSB22072\",\"question_number\":1,\"sub_question\":null,\"marks_obtained\":0},{\"student_rollno\":\"CSB22072\",\"question_number\":2,\"sub_question\":null,\"marks_obtained\":8},{\"student_rollno\":\"CSB22072\",\"question_number\":3,\"sub_question\":null,\"marks_obtained\":4},{\"student_rollno\":\"CSB22073\",\"question_number\":1,\"sub_question\":null,\"marks_obtained\":0},{\"student_rollno\":\"CSB22073\",\"question_number\":2,\"sub_question\":null,\"marks_obtained\":8},{\"student_rollno\":\"CSB22073\",\"question_number\":3,\"sub_question\":null,\"marks_obtained\":1},{\"student_rollno\":\"CSB22075\",\"question_number\":1,\"sub_question\":null,\"marks_obtained\":1},{\"student_rollno\":\"CSB22075\",\"question_number\":2,\"sub_question\":null,\"marks_obtained\":3},{\"student_rollno\":\"CSB22075\",\"question_number\":3,\"sub_question\":null,\"marks_obtained\":1},{\"student_rollno\":\"CSB22076\",\"question_number\":1,\"sub_question\":null,\"marks_obtained\":1},{\"student_rollno\":\"CSB22076\",\"question_number\":2,\"sub_question\":null,\"marks_obtained\":5},{\"student_rollno\":\"CSB22076\",\"question_number\":3,\"sub_question\":null,\"marks_obtained\":2},{\"student_rollno\":\"CSB22078\",\"question_number\":1,\"sub_question\":null,\"marks_obtained\":1},{\"student_rollno\":\"CSB22078\",\"question_number\":2,\"sub_question\":null,\"marks_obtained\":10},{\"student_rollno\":\"CSB22078\",\"question_number\":3,\"sub_question\":null,\"marks_obtained\":3},{\"student_rollno\":\"CSB22079\",\"question_number\":1,\"sub_question\":null,\"marks_obtained\":0},{\"student_rollno\":\"CSB22079\",\"question_number\":2,\"sub_question\":null,\"marks_obtained\":4},{\"student_rollno\":\"CSB22079\",\"question_number\":3,\"sub_question\":null,\"marks_obtained\":0},{\"student_rollno\":\"CSB22080\",\"question_number\":1,\"sub_question\":null,\"marks_obtained\":0},{\"student_rollno\":\"CSB22080\",\"question_number\":2,\"sub_question\":null,\"marks_obtained\":6},{\"student_rollno\":\"CSB22080\",\"question_number\":3,\"sub_question\":null,\"marks_obtained\":3},{\"student_rollno\":\"CSB22081\",\"question_number\":1,\"sub_question\":null,\"marks_obtained\":2},{\"student_rollno\":\"CSB22081\",\"question_number\":2,\"sub_question\":null,\"marks_obtained\":11},{\"student_rollno\":\"CSB22081\",\"question_number\":3,\"sub_question\":null,\"marks_obtained\":6},{\"student_rollno\":\"CSB22082\",\"question_number\":1,\"sub_question\":null,\"marks_obtained\":0},{\"student_rollno\":\"CSB22082\",\"question_number\":2,\"sub_question\":null,\"marks_obtained\":5},{\"student_rollno\":\"CSB22082\",\"question_number\":3,\"sub_question\":null,\"marks_obtained\":0},{\"student_rollno\":\"CSB22083\",\"question_number\":1,\"sub_question\":null,\"marks_obtained\":0},{\"student_rollno\":\"CSB22083\",\"question_number\":2,\"sub_question\":null,\"marks_obtained\":5},{\"student_rollno\":\"CSB22083\",\"question_number\":3,\"sub_question\":null,\"marks_obtained\":0},{\"student_rollno\":\"CSB22084\",\"question_number\":1,\"sub_question\":null,\"marks_obtained\":0},{\"student_rollno\":\"CSB22084\",\"question_number\":2,\"sub_question\":null,\"marks_obtained\":10},{\"student_rollno\":\"CSB22084\",\"question_number\":3,\"sub_question\":null,\"marks_obtained\":4},{\"student_rollno\":\"CSB23201\",\"question_number\":1,\"sub_question\":null,\"marks_obtained\":0},{\"student_rollno\":\"CSB23201\",\"question_number\":2,\"sub_question\":null,\"marks_obtained\":3},{\"student_rollno\":\"CSB23201\",\"question_number\":3,\"sub_question\":null,\"marks_obtained\":2},{\"student_rollno\":\"CSB23202\",\"question_number\":1,\"sub_question\":null,\"marks_obtained\":0},{\"student_rollno\":\"CSB23202\",\"question_number\":2,\"sub_question\":null,\"marks_obtained\":11},{\"student_rollno\":\"CSB23202\",\"question_number\":3,\"sub_question\":null,\"marks_obtained\":2},{\"student_rollno\":\"CSB23203\",\"question_number\":1,\"sub_question\":null,\"marks_obtained\":0},{\"student_rollno\":\"CSB23203\",\"question_number\":2,\"sub_question\":null,\"marks_obtained\":1},{\"student_rollno\":\"CSB23203\",\"question_number\":3,\"sub_question\":null,\"marks_obtained\":1},{\"student_rollno\":\"CSB23204\",\"question_number\":1,\"sub_question\":null,\"marks_obtained\":0},{\"student_rollno\":\"CSB23204\",\"question_number\":2,\"sub_question\":null,\"marks_obtained\":10},{\"student_rollno\":\"CSB23204\",\"question_number\":3,\"sub_question\":null,\"marks_obtained\":6},{\"student_rollno\":\"CSB23205\",\"question_number\":1,\"sub_question\":null,\"marks_obtained\":0},{\"student_rollno\":\"CSB23205\",\"question_number\":2,\"sub_question\":null,\"marks_obtained\":1},{\"student_rollno\":\"CSB23205\",\"question_number\":3,\"sub_question\":null,\"marks_obtained\":0},{\"student_rollno\":\"CSB23206\",\"question_number\":1,\"sub_question\":null,\"marks_obtained\":0},{\"student_rollno\":\"CSB23206\",\"question_number\":2,\"sub_question\":null,\"marks_obtained\":12},{\"student_rollno\":\"CSB23206\",\"question_number\":3,\"sub_question\":null,\"marks_obtained\":2},{\"student_rollno\":\"CSB23207\",\"question_number\":1,\"sub_question\":null,\"marks_obtained\":0},{\"student_rollno\":\"CSB23207\",\"question_number\":2,\"sub_question\":null,\"marks_obtained\":8},{\"student_rollno\":\"CSB23207\",\"question_number\":3,\"sub_question\":null,\"marks_obtained\":4}],\"validate_marks\":true}','::1','2026-05-16 19:22:16'),(413,3102,'CREATE','Assessment','',NULL,'{\"offering_id\":13,\"name\":\"Test-2\",\"full_marks\":10,\"pass_marks\":3.5,\"questions\":[{\"question_number\":1,\"sub_question\":\"\",\"is_optional\":false,\"co\":4,\"max_marks\":10}]}','::1','2026-05-16 19:23:14'),(414,3102,'UPDATE','bulkSaveMarks','','{\"id\":15,\"offering_id\":13,\"course_id\":13,\"name\":\"Test-2\",\"full_marks\":10,\"pass_marks\":3,\"test_type\":null,\"test_date\":null,\"max_marks\":null,\"weightage\":null,\"question_paper_filename\":null,\"has_question_paper_pdf\":false}','{\"test_id\":15,\"marks_entries\":[{\"student_rollno\":\"CSB22002\",\"question_number\":1,\"sub_question\":null,\"marks_obtained\":0},{\"student_rollno\":\"CSB22003\",\"question_number\":1,\"sub_question\":null,\"marks_obtained\":0},{\"student_rollno\":\"CSB22005\",\"question_number\":1,\"sub_question\":null,\"marks_obtained\":0},{\"student_rollno\":\"CSB22006\",\"question_number\":1,\"sub_question\":null,\"marks_obtained\":0},{\"student_rollno\":\"CSB22008\",\"question_number\":1,\"sub_question\":null,\"marks_obtained\":0},{\"student_rollno\":\"CSB22012\",\"question_number\":1,\"sub_question\":null,\"marks_obtained\":0},{\"student_rollno\":\"CSB22015\",\"question_number\":1,\"sub_question\":null,\"marks_obtained\":0},{\"student_rollno\":\"CSB22018\",\"question_number\":1,\"sub_question\":null,\"marks_obtained\":0},{\"student_rollno\":\"CSB22020\",\"question_number\":1,\"sub_question\":null,\"marks_obtained\":0},{\"student_rollno\":\"CSB22021\",\"question_number\":1,\"sub_question\":null,\"marks_obtained\":0},{\"student_rollno\":\"CSB22022\",\"question_number\":1,\"sub_question\":null,\"marks_obtained\":0},{\"student_rollno\":\"CSB22023\",\"question_number\":1,\"sub_question\":null,\"marks_obtained\":0},{\"student_rollno\":\"CSB22024\",\"question_number\":1,\"sub_question\":null,\"marks_obtained\":0},{\"student_rollno\":\"CSB22025\",\"question_number\":1,\"sub_question\":null,\"marks_obtained\":0},{\"student_rollno\":\"CSB22028\",\"question_number\":1,\"sub_question\":null,\"marks_obtained\":0},{\"student_rollno\":\"CSB22031\",\"question_number\":1,\"sub_question\":null,\"marks_obtained\":0},{\"student_rollno\":\"CSB22034\",\"question_number\":1,\"sub_question\":null,\"marks_obtained\":0},{\"student_rollno\":\"CSB22035\",\"question_number\":1,\"sub_question\":null,\"marks_obtained\":0},{\"student_rollno\":\"CSB22036\",\"question_number\":1,\"sub_question\":null,\"marks_obtained\":0},{\"student_rollno\":\"CSB22039\",\"question_number\":1,\"sub_question\":null,\"marks_obtained\":0},{\"student_rollno\":\"CSB22041\",\"question_number\":1,\"sub_question\":null,\"marks_obtained\":0},{\"student_rollno\":\"CSB22042\",\"question_number\":1,\"sub_question\":null,\"marks_obtained\":0},{\"student_rollno\":\"CSB22044\",\"question_number\":1,\"sub_question\":null,\"marks_obtained\":0},{\"student_rollno\":\"CSB22045\",\"question_number\":1,\"sub_question\":null,\"marks_obtained\":0},{\"student_rollno\":\"CSB22046\",\"question_number\":1,\"sub_question\":null,\"marks_obtained\":0},{\"student_rollno\":\"CSB22047\",\"question_number\":1,\"sub_question\":null,\"marks_obtained\":0},{\"student_rollno\":\"CSB22048\",\"question_number\":1,\"sub_question\":null,\"marks_obtained\":0},{\"student_rollno\":\"CSB22049\",\"question_number\":1,\"sub_question\":null,\"marks_obtained\":0},{\"student_rollno\":\"CSB22051\",\"question_number\":1,\"sub_question\":null,\"marks_obtained\":0},{\"student_rollno\":\"CSB22052\",\"question_number\":1,\"sub_question\":null,\"marks_obtained\":0},{\"student_rollno\":\"CSB22053\",\"question_number\":1,\"sub_question\":null,\"marks_obtained\":0},{\"student_rollno\":\"CSB22054\",\"question_number\":1,\"sub_question\":null,\"marks_obtained\":0},{\"student_rollno\":\"CSB22055\",\"question_number\":1,\"sub_question\":null,\"marks_obtained\":0},{\"student_rollno\":\"CSB22056\",\"question_number\":1,\"sub_question\":null,\"marks_obtained\":0},{\"student_rollno\":\"CSB22057\",\"question_number\":1,\"sub_question\":null,\"marks_obtained\":0},{\"student_rollno\":\"CSB22058\",\"question_number\":1,\"sub_question\":null,\"marks_obtained\":0},{\"student_rollno\":\"CSB22059\",\"question_number\":1,\"sub_question\":null,\"marks_obtained\":0},{\"student_rollno\":\"CSB22060\",\"question_number\":1,\"sub_question\":null,\"marks_obtained\":0},{\"student_rollno\":\"CSB22061\",\"question_number\":1,\"sub_question\":null,\"marks_obtained\":0},{\"student_rollno\":\"CSB22062\",\"question_number\":1,\"sub_question\":null,\"marks_obtained\":0},{\"student_rollno\":\"CSB22063\",\"question_number\":1,\"sub_question\":null,\"marks_obtained\":0},{\"student_rollno\":\"CSB22064\",\"question_number\":1,\"sub_question\":null,\"marks_obtained\":0},{\"student_rollno\":\"CSB22065\",\"question_number\":1,\"sub_question\":null,\"marks_obtained\":0},{\"student_rollno\":\"CSB22067\",\"question_number\":1,\"sub_question\":null,\"marks_obtained\":0},{\"student_rollno\":\"CSB22069\",\"question_number\":1,\"sub_question\":null,\"marks_obtained\":0},{\"student_rollno\":\"CSB22070\",\"question_number\":1,\"sub_question\":null,\"marks_obtained\":0},{\"student_rollno\":\"CSB22071\",\"question_number\":1,\"sub_question\":null,\"marks_obtained\":0},{\"student_rollno\":\"CSB22072\",\"question_number\":1,\"sub_question\":null,\"marks_obtained\":0},{\"student_rollno\":\"CSB22073\",\"question_number\":1,\"sub_question\":null,\"marks_obtained\":0},{\"student_rollno\":\"CSB22075\",\"question_number\":1,\"sub_question\":null,\"marks_obtained\":0},{\"student_rollno\":\"CSB22076\",\"question_number\":1,\"sub_question\":null,\"marks_obtained\":0},{\"student_rollno\":\"CSB22078\",\"question_number\":1,\"sub_question\":null,\"marks_obtained\":0},{\"student_rollno\":\"CSB22079\",\"question_number\":1,\"sub_question\":null,\"marks_obtained\":0},{\"student_rollno\":\"CSB22080\",\"question_number\":1,\"sub_question\":null,\"marks_obtained\":0},{\"student_rollno\":\"CSB22081\",\"question_number\":1,\"sub_question\":null,\"marks_obtained\":0},{\"student_rollno\":\"CSB22082\",\"question_number\":1,\"sub_question\":null,\"marks_obtained\":0},{\"student_rollno\":\"CSB22083\",\"question_number\":1,\"sub_question\":null,\"marks_obtained\":0},{\"student_rollno\":\"CSB22084\",\"question_number\":1,\"sub_question\":null,\"marks_obtained\":0},{\"student_rollno\":\"CSB23201\",\"question_number\":1,\"sub_question\":null,\"marks_obtained\":0},{\"student_rollno\":\"CSB23202\",\"question_number\":1,\"sub_question\":null,\"marks_obtained\":0},{\"student_rollno\":\"CSB23203\",\"question_number\":1,\"sub_question\":null,\"marks_obtained\":0},{\"student_rollno\":\"CSB23204\",\"question_number\":1,\"sub_question\":null,\"marks_obtained\":0},{\"student_rollno\":\"CSB23205\",\"question_number\":1,\"sub_question\":null,\"marks_obtained\":0},{\"student_rollno\":\"CSB23206\",\"question_number\":1,\"sub_question\":null,\"marks_obtained\":0},{\"student_rollno\":\"CSB23207\",\"question_number\":1,\"sub_question\":null,\"marks_obtained\":0}],\"validate_marks\":true}','::1','2026-05-16 19:23:31'),(415,3102,'CREATE','Assessment','',NULL,'{\"offering_id\":13,\"name\":\"End-Term\",\"full_marks\":50,\"pass_marks\":17,\"questions\":[{\"question_number\":1,\"sub_question\":\"\",\"is_optional\":false,\"co\":2,\"max_marks\":35},{\"question_number\":2,\"sub_question\":\"\",\"is_optional\":false,\"co\":3,\"max_marks\":15}]}','::1','2026-05-16 19:24:49'),(416,3102,'UPDATE','MarksByCO','','{\"id\":16,\"offering_id\":13,\"course_id\":13,\"name\":\"End-Term\",\"full_marks\":50,\"pass_marks\":17,\"test_type\":null,\"test_date\":null,\"max_marks\":null,\"weightage\":null,\"question_paper_filename\":null,\"has_question_paper_pdf\":false}','{\"test_id\":16,\"student_id\":\"CSB22002\",\"CO1\":0,\"CO2\":14,\"CO3\":3,\"CO4\":0,\"CO5\":0,\"CO6\":0,\"validate_marks\":true}','::1','2026-05-16 19:26:37'),(417,3102,'UPDATE','MarksByCO','','{\"id\":16,\"offering_id\":13,\"course_id\":13,\"name\":\"End-Term\",\"full_marks\":50,\"pass_marks\":17,\"test_type\":null,\"test_date\":null,\"max_marks\":null,\"weightage\":null,\"question_paper_filename\":null,\"has_question_paper_pdf\":false}','{\"test_id\":16,\"student_id\":\"CSB22003\",\"CO1\":0,\"CO2\":23,\"CO3\":9,\"CO4\":0,\"CO5\":0,\"CO6\":0,\"validate_marks\":true}','::1','2026-05-16 19:26:37'),(418,3102,'UPDATE','MarksByCO','','{\"id\":16,\"offering_id\":13,\"course_id\":13,\"name\":\"End-Term\",\"full_marks\":50,\"pass_marks\":17,\"test_type\":null,\"test_date\":null,\"max_marks\":null,\"weightage\":null,\"question_paper_filename\":null,\"has_question_paper_pdf\":false}','{\"test_id\":16,\"student_id\":\"CSB22005\",\"CO1\":0,\"CO2\":29,\"CO3\":6,\"CO4\":0,\"CO5\":0,\"CO6\":0,\"validate_marks\":true}','::1','2026-05-16 19:26:37'),(419,3102,'UPDATE','MarksByCO','','{\"id\":16,\"offering_id\":13,\"course_id\":13,\"name\":\"End-Term\",\"full_marks\":50,\"pass_marks\":17,\"test_type\":null,\"test_date\":null,\"max_marks\":null,\"weightage\":null,\"question_paper_filename\":null,\"has_question_paper_pdf\":false}','{\"test_id\":16,\"student_id\":\"CSB22006\",\"CO1\":0,\"CO2\":12,\"CO3\":5,\"CO4\":0,\"CO5\":0,\"CO6\":0,\"validate_marks\":true}','::1','2026-05-16 19:26:37'),(420,3102,'UPDATE','MarksByCO','','{\"id\":16,\"offering_id\":13,\"course_id\":13,\"name\":\"End-Term\",\"full_marks\":50,\"pass_marks\":17,\"test_type\":null,\"test_date\":null,\"max_marks\":null,\"weightage\":null,\"question_paper_filename\":null,\"has_question_paper_pdf\":false}','{\"test_id\":16,\"student_id\":\"CSB22008\",\"CO1\":0,\"CO2\":4,\"CO3\":0,\"CO4\":0,\"CO5\":0,\"CO6\":0,\"validate_marks\":true}','::1','2026-05-16 19:26:38'),(421,3102,'UPDATE','MarksByCO','','{\"id\":16,\"offering_id\":13,\"course_id\":13,\"name\":\"End-Term\",\"full_marks\":50,\"pass_marks\":17,\"test_type\":null,\"test_date\":null,\"max_marks\":null,\"weightage\":null,\"question_paper_filename\":null,\"has_question_paper_pdf\":false}','{\"test_id\":16,\"student_id\":\"CSB22012\",\"CO1\":0,\"CO2\":8,\"CO3\":0,\"CO4\":0,\"CO5\":0,\"CO6\":0,\"validate_marks\":true}','::1','2026-05-16 19:26:38'),(422,3102,'UPDATE','MarksByCO','','{\"id\":16,\"offering_id\":13,\"course_id\":13,\"name\":\"End-Term\",\"full_marks\":50,\"pass_marks\":17,\"test_type\":null,\"test_date\":null,\"max_marks\":null,\"weightage\":null,\"question_paper_filename\":null,\"has_question_paper_pdf\":false}','{\"test_id\":16,\"student_id\":\"CSB22015\",\"CO1\":0,\"CO2\":2,\"CO3\":2,\"CO4\":0,\"CO5\":0,\"CO6\":0,\"validate_marks\":true}','::1','2026-05-16 19:26:38'),(423,3102,'UPDATE','MarksByCO','','{\"id\":16,\"offering_id\":13,\"course_id\":13,\"name\":\"End-Term\",\"full_marks\":50,\"pass_marks\":17,\"test_type\":null,\"test_date\":null,\"max_marks\":null,\"weightage\":null,\"question_paper_filename\":null,\"has_question_paper_pdf\":false}','{\"test_id\":16,\"student_id\":\"CSB22018\",\"CO1\":0,\"CO2\":5,\"CO3\":3,\"CO4\":0,\"CO5\":0,\"CO6\":0,\"validate_marks\":true}','::1','2026-05-16 19:26:38'),(424,3102,'UPDATE','MarksByCO','','{\"id\":16,\"offering_id\":13,\"course_id\":13,\"name\":\"End-Term\",\"full_marks\":50,\"pass_marks\":17,\"test_type\":null,\"test_date\":null,\"max_marks\":null,\"weightage\":null,\"question_paper_filename\":null,\"has_question_paper_pdf\":false}','{\"test_id\":16,\"student_id\":\"CSB22020\",\"CO1\":0,\"CO2\":27,\"CO3\":9,\"CO4\":0,\"CO5\":0,\"CO6\":0,\"validate_marks\":true}','::1','2026-05-16 19:26:38'),(425,3102,'UPDATE','MarksByCO','','{\"id\":16,\"offering_id\":13,\"course_id\":13,\"name\":\"End-Term\",\"full_marks\":50,\"pass_marks\":17,\"test_type\":null,\"test_date\":null,\"max_marks\":null,\"weightage\":null,\"question_paper_filename\":null,\"has_question_paper_pdf\":false}','{\"test_id\":16,\"student_id\":\"CSB22021\",\"CO1\":0,\"CO2\":5,\"CO3\":0,\"CO4\":0,\"CO5\":0,\"CO6\":0,\"validate_marks\":true}','::1','2026-05-16 19:26:38'),(426,3102,'UPDATE','MarksByCO','','{\"id\":16,\"offering_id\":13,\"course_id\":13,\"name\":\"End-Term\",\"full_marks\":50,\"pass_marks\":17,\"test_type\":null,\"test_date\":null,\"max_marks\":null,\"weightage\":null,\"question_paper_filename\":null,\"has_question_paper_pdf\":false}','{\"test_id\":16,\"student_id\":\"CSB22022\",\"CO1\":0,\"CO2\":6,\"CO3\":5,\"CO4\":0,\"CO5\":0,\"CO6\":0,\"validate_marks\":true}','::1','2026-05-16 19:26:38'),(427,3102,'UPDATE','MarksByCO','','{\"id\":16,\"offering_id\":13,\"course_id\":13,\"name\":\"End-Term\",\"full_marks\":50,\"pass_marks\":17,\"test_type\":null,\"test_date\":null,\"max_marks\":null,\"weightage\":null,\"question_paper_filename\":null,\"has_question_paper_pdf\":false}','{\"test_id\":16,\"student_id\":\"CSB22023\",\"CO1\":0,\"CO2\":14,\"CO3\":5,\"CO4\":0,\"CO5\":0,\"CO6\":0,\"validate_marks\":true}','::1','2026-05-16 19:26:38'),(428,3102,'UPDATE','MarksByCO','','{\"id\":16,\"offering_id\":13,\"course_id\":13,\"name\":\"End-Term\",\"full_marks\":50,\"pass_marks\":17,\"test_type\":null,\"test_date\":null,\"max_marks\":null,\"weightage\":null,\"question_paper_filename\":null,\"has_question_paper_pdf\":false}','{\"test_id\":16,\"student_id\":\"CSB22024\",\"CO1\":0,\"CO2\":2,\"CO3\":1,\"CO4\":0,\"CO5\":0,\"CO6\":0,\"validate_marks\":true}','::1','2026-05-16 19:26:38'),(429,3102,'UPDATE','MarksByCO','','{\"id\":16,\"offering_id\":13,\"course_id\":13,\"name\":\"End-Term\",\"full_marks\":50,\"pass_marks\":17,\"test_type\":null,\"test_date\":null,\"max_marks\":null,\"weightage\":null,\"question_paper_filename\":null,\"has_question_paper_pdf\":false}','{\"test_id\":16,\"student_id\":\"CSB22025\",\"CO1\":0,\"CO2\":3,\"CO3\":2,\"CO4\":0,\"CO5\":0,\"CO6\":0,\"validate_marks\":true}','::1','2026-05-16 19:26:38'),(430,3102,'UPDATE','MarksByCO','','{\"id\":16,\"offering_id\":13,\"course_id\":13,\"name\":\"End-Term\",\"full_marks\":50,\"pass_marks\":17,\"test_type\":null,\"test_date\":null,\"max_marks\":null,\"weightage\":null,\"question_paper_filename\":null,\"has_question_paper_pdf\":false}','{\"test_id\":16,\"student_id\":\"CSB22028\",\"CO1\":0,\"CO2\":1,\"CO3\":0,\"CO4\":0,\"CO5\":0,\"CO6\":0,\"validate_marks\":true}','::1','2026-05-16 19:26:38'),(431,3102,'UPDATE','MarksByCO','','{\"id\":16,\"offering_id\":13,\"course_id\":13,\"name\":\"End-Term\",\"full_marks\":50,\"pass_marks\":17,\"test_type\":null,\"test_date\":null,\"max_marks\":null,\"weightage\":null,\"question_paper_filename\":null,\"has_question_paper_pdf\":false}','{\"test_id\":16,\"student_id\":\"CSB22031\",\"CO1\":0,\"CO2\":4,\"CO3\":2,\"CO4\":0,\"CO5\":0,\"CO6\":0,\"validate_marks\":true}','::1','2026-05-16 19:26:38'),(432,3102,'UPDATE','MarksByCO','','{\"id\":16,\"offering_id\":13,\"course_id\":13,\"name\":\"End-Term\",\"full_marks\":50,\"pass_marks\":17,\"test_type\":null,\"test_date\":null,\"max_marks\":null,\"weightage\":null,\"question_paper_filename\":null,\"has_question_paper_pdf\":false}','{\"test_id\":16,\"student_id\":\"CSB22034\",\"CO1\":0,\"CO2\":5,\"CO3\":3,\"CO4\":0,\"CO5\":0,\"CO6\":0,\"validate_marks\":true}','::1','2026-05-16 19:26:38'),(433,3102,'UPDATE','MarksByCO','','{\"id\":16,\"offering_id\":13,\"course_id\":13,\"name\":\"End-Term\",\"full_marks\":50,\"pass_marks\":17,\"test_type\":null,\"test_date\":null,\"max_marks\":null,\"weightage\":null,\"question_paper_filename\":null,\"has_question_paper_pdf\":false}','{\"test_id\":16,\"student_id\":\"CSB22035\",\"CO1\":0,\"CO2\":4,\"CO3\":3,\"CO4\":0,\"CO5\":0,\"CO6\":0,\"validate_marks\":true}','::1','2026-05-16 19:26:38'),(434,3102,'UPDATE','MarksByCO','','{\"id\":16,\"offering_id\":13,\"course_id\":13,\"name\":\"End-Term\",\"full_marks\":50,\"pass_marks\":17,\"test_type\":null,\"test_date\":null,\"max_marks\":null,\"weightage\":null,\"question_paper_filename\":null,\"has_question_paper_pdf\":false}','{\"test_id\":16,\"student_id\":\"CSB22036\",\"CO1\":0,\"CO2\":8,\"CO3\":4,\"CO4\":0,\"CO5\":0,\"CO6\":0,\"validate_marks\":true}','::1','2026-05-16 19:26:38'),(435,3102,'UPDATE','MarksByCO','','{\"id\":16,\"offering_id\":13,\"course_id\":13,\"name\":\"End-Term\",\"full_marks\":50,\"pass_marks\":17,\"test_type\":null,\"test_date\":null,\"max_marks\":null,\"weightage\":null,\"question_paper_filename\":null,\"has_question_paper_pdf\":false}','{\"test_id\":16,\"student_id\":\"CSB22039\",\"CO1\":0,\"CO2\":3,\"CO3\":1,\"CO4\":0,\"CO5\":0,\"CO6\":0,\"validate_marks\":true}','::1','2026-05-16 19:26:38'),(436,3102,'UPDATE','MarksByCO','','{\"id\":16,\"offering_id\":13,\"course_id\":13,\"name\":\"End-Term\",\"full_marks\":50,\"pass_marks\":17,\"test_type\":null,\"test_date\":null,\"max_marks\":null,\"weightage\":null,\"question_paper_filename\":null,\"has_question_paper_pdf\":false}','{\"test_id\":16,\"student_id\":\"CSB22041\",\"CO1\":0,\"CO2\":5,\"CO3\":1,\"CO4\":0,\"CO5\":0,\"CO6\":0,\"validate_marks\":true}','::1','2026-05-16 19:26:38'),(437,3102,'UPDATE','MarksByCO','','{\"id\":16,\"offering_id\":13,\"course_id\":13,\"name\":\"End-Term\",\"full_marks\":50,\"pass_marks\":17,\"test_type\":null,\"test_date\":null,\"max_marks\":null,\"weightage\":null,\"question_paper_filename\":null,\"has_question_paper_pdf\":false}','{\"test_id\":16,\"student_id\":\"CSB22042\",\"CO1\":0,\"CO2\":2,\"CO3\":2,\"CO4\":0,\"CO5\":0,\"CO6\":0,\"validate_marks\":true}','::1','2026-05-16 19:26:38'),(438,3102,'UPDATE','MarksByCO','','{\"id\":16,\"offering_id\":13,\"course_id\":13,\"name\":\"End-Term\",\"full_marks\":50,\"pass_marks\":17,\"test_type\":null,\"test_date\":null,\"max_marks\":null,\"weightage\":null,\"question_paper_filename\":null,\"has_question_paper_pdf\":false}','{\"test_id\":16,\"student_id\":\"CSB22044\",\"CO1\":0,\"CO2\":4,\"CO3\":1,\"CO4\":0,\"CO5\":0,\"CO6\":0,\"validate_marks\":true}','::1','2026-05-16 19:26:38'),(439,3102,'UPDATE','MarksByCO','','{\"id\":16,\"offering_id\":13,\"course_id\":13,\"name\":\"End-Term\",\"full_marks\":50,\"pass_marks\":17,\"test_type\":null,\"test_date\":null,\"max_marks\":null,\"weightage\":null,\"question_paper_filename\":null,\"has_question_paper_pdf\":false}','{\"test_id\":16,\"student_id\":\"CSB22045\",\"CO1\":0,\"CO2\":0,\"CO3\":3,\"CO4\":0,\"CO5\":0,\"CO6\":0,\"validate_marks\":true}','::1','2026-05-16 19:26:39'),(440,3102,'UPDATE','MarksByCO','','{\"id\":16,\"offering_id\":13,\"course_id\":13,\"name\":\"End-Term\",\"full_marks\":50,\"pass_marks\":17,\"test_type\":null,\"test_date\":null,\"max_marks\":null,\"weightage\":null,\"question_paper_filename\":null,\"has_question_paper_pdf\":false}','{\"test_id\":16,\"student_id\":\"CSB22046\",\"CO1\":0,\"CO2\":7,\"CO3\":3,\"CO4\":0,\"CO5\":0,\"CO6\":0,\"validate_marks\":true}','::1','2026-05-16 19:26:39'),(441,3102,'UPDATE','MarksByCO','','{\"id\":16,\"offering_id\":13,\"course_id\":13,\"name\":\"End-Term\",\"full_marks\":50,\"pass_marks\":17,\"test_type\":null,\"test_date\":null,\"max_marks\":null,\"weightage\":null,\"question_paper_filename\":null,\"has_question_paper_pdf\":false}','{\"test_id\":16,\"student_id\":\"CSB22047\",\"CO1\":0,\"CO2\":14,\"CO3\":0,\"CO4\":0,\"CO5\":0,\"CO6\":0,\"validate_marks\":true}','::1','2026-05-16 19:26:39'),(442,3102,'UPDATE','MarksByCO','','{\"id\":16,\"offering_id\":13,\"course_id\":13,\"name\":\"End-Term\",\"full_marks\":50,\"pass_marks\":17,\"test_type\":null,\"test_date\":null,\"max_marks\":null,\"weightage\":null,\"question_paper_filename\":null,\"has_question_paper_pdf\":false}','{\"test_id\":16,\"student_id\":\"CSB22048\",\"CO1\":0,\"CO2\":18,\"CO3\":3,\"CO4\":0,\"CO5\":0,\"CO6\":0,\"validate_marks\":true}','::1','2026-05-16 19:26:39'),(443,3102,'UPDATE','MarksByCO','','{\"id\":16,\"offering_id\":13,\"course_id\":13,\"name\":\"End-Term\",\"full_marks\":50,\"pass_marks\":17,\"test_type\":null,\"test_date\":null,\"max_marks\":null,\"weightage\":null,\"question_paper_filename\":null,\"has_question_paper_pdf\":false}','{\"test_id\":16,\"student_id\":\"CSB22049\",\"CO1\":0,\"CO2\":8,\"CO3\":3,\"CO4\":0,\"CO5\":0,\"CO6\":0,\"validate_marks\":true}','::1','2026-05-16 19:26:39'),(444,3102,'UPDATE','MarksByCO','','{\"id\":16,\"offering_id\":13,\"course_id\":13,\"name\":\"End-Term\",\"full_marks\":50,\"pass_marks\":17,\"test_type\":null,\"test_date\":null,\"max_marks\":null,\"weightage\":null,\"question_paper_filename\":null,\"has_question_paper_pdf\":false}','{\"test_id\":16,\"student_id\":\"CSB22051\",\"CO1\":0,\"CO2\":1,\"CO3\":0,\"CO4\":0,\"CO5\":0,\"CO6\":0,\"validate_marks\":true}','::1','2026-05-16 19:26:39'),(445,3102,'UPDATE','MarksByCO','','{\"id\":16,\"offering_id\":13,\"course_id\":13,\"name\":\"End-Term\",\"full_marks\":50,\"pass_marks\":17,\"test_type\":null,\"test_date\":null,\"max_marks\":null,\"weightage\":null,\"question_paper_filename\":null,\"has_question_paper_pdf\":false}','{\"test_id\":16,\"student_id\":\"CSB22052\",\"CO1\":0,\"CO2\":6,\"CO3\":3,\"CO4\":0,\"CO5\":0,\"CO6\":0,\"validate_marks\":true}','::1','2026-05-16 19:26:39'),(446,3102,'UPDATE','MarksByCO','','{\"id\":16,\"offering_id\":13,\"course_id\":13,\"name\":\"End-Term\",\"full_marks\":50,\"pass_marks\":17,\"test_type\":null,\"test_date\":null,\"max_marks\":null,\"weightage\":null,\"question_paper_filename\":null,\"has_question_paper_pdf\":false}','{\"test_id\":16,\"student_id\":\"CSB22053\",\"CO1\":0,\"CO2\":1,\"CO3\":1,\"CO4\":0,\"CO5\":0,\"CO6\":0,\"validate_marks\":true}','::1','2026-05-16 19:26:39'),(447,3102,'UPDATE','MarksByCO','','{\"id\":16,\"offering_id\":13,\"course_id\":13,\"name\":\"End-Term\",\"full_marks\":50,\"pass_marks\":17,\"test_type\":null,\"test_date\":null,\"max_marks\":null,\"weightage\":null,\"question_paper_filename\":null,\"has_question_paper_pdf\":false}','{\"test_id\":16,\"student_id\":\"CSB22054\",\"CO1\":0,\"CO2\":7,\"CO3\":1,\"CO4\":0,\"CO5\":0,\"CO6\":0,\"validate_marks\":true}','::1','2026-05-16 19:26:39'),(448,3102,'UPDATE','MarksByCO','','{\"id\":16,\"offering_id\":13,\"course_id\":13,\"name\":\"End-Term\",\"full_marks\":50,\"pass_marks\":17,\"test_type\":null,\"test_date\":null,\"max_marks\":null,\"weightage\":null,\"question_paper_filename\":null,\"has_question_paper_pdf\":false}','{\"test_id\":16,\"student_id\":\"CSB22055\",\"CO1\":0,\"CO2\":11,\"CO3\":7,\"CO4\":0,\"CO5\":0,\"CO6\":0,\"validate_marks\":true}','::1','2026-05-16 19:26:39'),(449,3102,'UPDATE','MarksByCO','','{\"id\":16,\"offering_id\":13,\"course_id\":13,\"name\":\"End-Term\",\"full_marks\":50,\"pass_marks\":17,\"test_type\":null,\"test_date\":null,\"max_marks\":null,\"weightage\":null,\"question_paper_filename\":null,\"has_question_paper_pdf\":false}','{\"test_id\":16,\"student_id\":\"CSB22056\",\"CO1\":0,\"CO2\":6,\"CO3\":2,\"CO4\":0,\"CO5\":0,\"CO6\":0,\"validate_marks\":true}','::1','2026-05-16 19:26:39'),(450,3102,'UPDATE','MarksByCO','','{\"id\":16,\"offering_id\":13,\"course_id\":13,\"name\":\"End-Term\",\"full_marks\":50,\"pass_marks\":17,\"test_type\":null,\"test_date\":null,\"max_marks\":null,\"weightage\":null,\"question_paper_filename\":null,\"has_question_paper_pdf\":false}','{\"test_id\":16,\"student_id\":\"CSB22057\",\"CO1\":0,\"CO2\":2,\"CO3\":1,\"CO4\":0,\"CO5\":0,\"CO6\":0,\"validate_marks\":true}','::1','2026-05-16 19:26:39'),(451,3102,'UPDATE','MarksByCO','','{\"id\":16,\"offering_id\":13,\"course_id\":13,\"name\":\"End-Term\",\"full_marks\":50,\"pass_marks\":17,\"test_type\":null,\"test_date\":null,\"max_marks\":null,\"weightage\":null,\"question_paper_filename\":null,\"has_question_paper_pdf\":false}','{\"test_id\":16,\"student_id\":\"CSB22058\",\"CO1\":0,\"CO2\":2,\"CO3\":0,\"CO4\":0,\"CO5\":0,\"CO6\":0,\"validate_marks\":true}','::1','2026-05-16 19:26:39'),(452,3102,'UPDATE','MarksByCO','','{\"id\":16,\"offering_id\":13,\"course_id\":13,\"name\":\"End-Term\",\"full_marks\":50,\"pass_marks\":17,\"test_type\":null,\"test_date\":null,\"max_marks\":null,\"weightage\":null,\"question_paper_filename\":null,\"has_question_paper_pdf\":false}','{\"test_id\":16,\"student_id\":\"CSB22059\",\"CO1\":0,\"CO2\":4,\"CO3\":5,\"CO4\":0,\"CO5\":0,\"CO6\":0,\"validate_marks\":true}','::1','2026-05-16 19:26:39'),(453,3102,'UPDATE','MarksByCO','','{\"id\":16,\"offering_id\":13,\"course_id\":13,\"name\":\"End-Term\",\"full_marks\":50,\"pass_marks\":17,\"test_type\":null,\"test_date\":null,\"max_marks\":null,\"weightage\":null,\"question_paper_filename\":null,\"has_question_paper_pdf\":false}','{\"test_id\":16,\"student_id\":\"CSB22060\",\"CO1\":0,\"CO2\":6,\"CO3\":7,\"CO4\":0,\"CO5\":0,\"CO6\":0,\"validate_marks\":true}','::1','2026-05-16 19:26:39'),(454,3102,'UPDATE','MarksByCO','','{\"id\":16,\"offering_id\":13,\"course_id\":13,\"name\":\"End-Term\",\"full_marks\":50,\"pass_marks\":17,\"test_type\":null,\"test_date\":null,\"max_marks\":null,\"weightage\":null,\"question_paper_filename\":null,\"has_question_paper_pdf\":false}','{\"test_id\":16,\"student_id\":\"CSB22061\",\"CO1\":0,\"CO2\":2,\"CO3\":1,\"CO4\":0,\"CO5\":0,\"CO6\":0,\"validate_marks\":true}','::1','2026-05-16 19:26:39'),(455,3102,'UPDATE','MarksByCO','','{\"id\":16,\"offering_id\":13,\"course_id\":13,\"name\":\"End-Term\",\"full_marks\":50,\"pass_marks\":17,\"test_type\":null,\"test_date\":null,\"max_marks\":null,\"weightage\":null,\"question_paper_filename\":null,\"has_question_paper_pdf\":false}','{\"test_id\":16,\"student_id\":\"CSB22062\",\"CO1\":0,\"CO2\":0,\"CO3\":5,\"CO4\":0,\"CO5\":0,\"CO6\":0,\"validate_marks\":true}','::1','2026-05-16 19:26:39'),(456,3102,'UPDATE','MarksByCO','','{\"id\":16,\"offering_id\":13,\"course_id\":13,\"name\":\"End-Term\",\"full_marks\":50,\"pass_marks\":17,\"test_type\":null,\"test_date\":null,\"max_marks\":null,\"weightage\":null,\"question_paper_filename\":null,\"has_question_paper_pdf\":false}','{\"test_id\":16,\"student_id\":\"CSB22063\",\"CO1\":0,\"CO2\":21,\"CO3\":6,\"CO4\":0,\"CO5\":0,\"CO6\":0,\"validate_marks\":true}','::1','2026-05-16 19:26:39'),(457,3102,'UPDATE','MarksByCO','','{\"id\":16,\"offering_id\":13,\"course_id\":13,\"name\":\"End-Term\",\"full_marks\":50,\"pass_marks\":17,\"test_type\":null,\"test_date\":null,\"max_marks\":null,\"weightage\":null,\"question_paper_filename\":null,\"has_question_paper_pdf\":false}','{\"test_id\":16,\"student_id\":\"CSB22064\",\"CO1\":0,\"CO2\":27,\"CO3\":10,\"CO4\":0,\"CO5\":0,\"CO6\":0,\"validate_marks\":true}','::1','2026-05-16 19:26:39'),(458,3102,'UPDATE','MarksByCO','','{\"id\":16,\"offering_id\":13,\"course_id\":13,\"name\":\"End-Term\",\"full_marks\":50,\"pass_marks\":17,\"test_type\":null,\"test_date\":null,\"max_marks\":null,\"weightage\":null,\"question_paper_filename\":null,\"has_question_paper_pdf\":false}','{\"test_id\":16,\"student_id\":\"CSB22065\",\"CO1\":0,\"CO2\":9,\"CO3\":1,\"CO4\":0,\"CO5\":0,\"CO6\":0,\"validate_marks\":true}','::1','2026-05-16 19:26:39'),(459,3102,'UPDATE','MarksByCO','','{\"id\":16,\"offering_id\":13,\"course_id\":13,\"name\":\"End-Term\",\"full_marks\":50,\"pass_marks\":17,\"test_type\":null,\"test_date\":null,\"max_marks\":null,\"weightage\":null,\"question_paper_filename\":null,\"has_question_paper_pdf\":false}','{\"test_id\":16,\"student_id\":\"CSB22067\",\"CO1\":0,\"CO2\":25,\"CO3\":2,\"CO4\":0,\"CO5\":0,\"CO6\":0,\"validate_marks\":true}','::1','2026-05-16 19:26:40'),(460,3102,'UPDATE','MarksByCO','','{\"id\":16,\"offering_id\":13,\"course_id\":13,\"name\":\"End-Term\",\"full_marks\":50,\"pass_marks\":17,\"test_type\":null,\"test_date\":null,\"max_marks\":null,\"weightage\":null,\"question_paper_filename\":null,\"has_question_paper_pdf\":false}','{\"test_id\":16,\"student_id\":\"CSB22069\",\"CO1\":0,\"CO2\":12,\"CO3\":2,\"CO4\":0,\"CO5\":0,\"CO6\":0,\"validate_marks\":true}','::1','2026-05-16 19:26:40'),(461,3102,'UPDATE','MarksByCO','','{\"id\":16,\"offering_id\":13,\"course_id\":13,\"name\":\"End-Term\",\"full_marks\":50,\"pass_marks\":17,\"test_type\":null,\"test_date\":null,\"max_marks\":null,\"weightage\":null,\"question_paper_filename\":null,\"has_question_paper_pdf\":false}','{\"test_id\":16,\"student_id\":\"CSB22070\",\"CO1\":0,\"CO2\":7,\"CO3\":5,\"CO4\":0,\"CO5\":0,\"CO6\":0,\"validate_marks\":true}','::1','2026-05-16 19:26:40'),(462,3102,'UPDATE','MarksByCO','','{\"id\":16,\"offering_id\":13,\"course_id\":13,\"name\":\"End-Term\",\"full_marks\":50,\"pass_marks\":17,\"test_type\":null,\"test_date\":null,\"max_marks\":null,\"weightage\":null,\"question_paper_filename\":null,\"has_question_paper_pdf\":false}','{\"test_id\":16,\"student_id\":\"CSB22071\",\"CO1\":0,\"CO2\":17,\"CO3\":3,\"CO4\":0,\"CO5\":0,\"CO6\":0,\"validate_marks\":true}','::1','2026-05-16 19:26:40'),(463,3102,'UPDATE','MarksByCO','','{\"id\":16,\"offering_id\":13,\"course_id\":13,\"name\":\"End-Term\",\"full_marks\":50,\"pass_marks\":17,\"test_type\":null,\"test_date\":null,\"max_marks\":null,\"weightage\":null,\"question_paper_filename\":null,\"has_question_paper_pdf\":false}','{\"test_id\":16,\"student_id\":\"CSB22072\",\"CO1\":0,\"CO2\":6,\"CO3\":3,\"CO4\":0,\"CO5\":0,\"CO6\":0,\"validate_marks\":true}','::1','2026-05-16 19:26:40'),(464,3102,'UPDATE','MarksByCO','','{\"id\":16,\"offering_id\":13,\"course_id\":13,\"name\":\"End-Term\",\"full_marks\":50,\"pass_marks\":17,\"test_type\":null,\"test_date\":null,\"max_marks\":null,\"weightage\":null,\"question_paper_filename\":null,\"has_question_paper_pdf\":false}','{\"test_id\":16,\"student_id\":\"CSB22073\",\"CO1\":0,\"CO2\":1,\"CO3\":3,\"CO4\":0,\"CO5\":0,\"CO6\":0,\"validate_marks\":true}','::1','2026-05-16 19:26:40'),(465,3102,'UPDATE','MarksByCO','','{\"id\":16,\"offering_id\":13,\"course_id\":13,\"name\":\"End-Term\",\"full_marks\":50,\"pass_marks\":17,\"test_type\":null,\"test_date\":null,\"max_marks\":null,\"weightage\":null,\"question_paper_filename\":null,\"has_question_paper_pdf\":false}','{\"test_id\":16,\"student_id\":\"CSB22075\",\"CO1\":0,\"CO2\":6,\"CO3\":0,\"CO4\":0,\"CO5\":0,\"CO6\":0,\"validate_marks\":true}','::1','2026-05-16 19:26:40'),(466,3102,'UPDATE','MarksByCO','','{\"id\":16,\"offering_id\":13,\"course_id\":13,\"name\":\"End-Term\",\"full_marks\":50,\"pass_marks\":17,\"test_type\":null,\"test_date\":null,\"max_marks\":null,\"weightage\":null,\"question_paper_filename\":null,\"has_question_paper_pdf\":false}','{\"test_id\":16,\"student_id\":\"CSB22076\",\"CO1\":0,\"CO2\":7,\"CO3\":0,\"CO4\":0,\"CO5\":0,\"CO6\":0,\"validate_marks\":true}','::1','2026-05-16 19:26:40'),(467,3102,'UPDATE','MarksByCO','','{\"id\":16,\"offering_id\":13,\"course_id\":13,\"name\":\"End-Term\",\"full_marks\":50,\"pass_marks\":17,\"test_type\":null,\"test_date\":null,\"max_marks\":null,\"weightage\":null,\"question_paper_filename\":null,\"has_question_paper_pdf\":false}','{\"test_id\":16,\"student_id\":\"CSB22078\",\"CO1\":0,\"CO2\":6,\"CO3\":3,\"CO4\":0,\"CO5\":0,\"CO6\":0,\"validate_marks\":true}','::1','2026-05-16 19:26:40'),(468,3102,'UPDATE','MarksByCO','','{\"id\":16,\"offering_id\":13,\"course_id\":13,\"name\":\"End-Term\",\"full_marks\":50,\"pass_marks\":17,\"test_type\":null,\"test_date\":null,\"max_marks\":null,\"weightage\":null,\"question_paper_filename\":null,\"has_question_paper_pdf\":false}','{\"test_id\":16,\"student_id\":\"CSB22079\",\"CO1\":0,\"CO2\":1,\"CO3\":4,\"CO4\":0,\"CO5\":0,\"CO6\":0,\"validate_marks\":true}','::1','2026-05-16 19:26:40'),(469,3102,'UPDATE','MarksByCO','','{\"id\":16,\"offering_id\":13,\"course_id\":13,\"name\":\"End-Term\",\"full_marks\":50,\"pass_marks\":17,\"test_type\":null,\"test_date\":null,\"max_marks\":null,\"weightage\":null,\"question_paper_filename\":null,\"has_question_paper_pdf\":false}','{\"test_id\":16,\"student_id\":\"CSB22080\",\"CO1\":0,\"CO2\":11,\"CO3\":4,\"CO4\":0,\"CO5\":0,\"CO6\":0,\"validate_marks\":true}','::1','2026-05-16 19:26:40'),(470,3102,'UPDATE','MarksByCO','','{\"id\":16,\"offering_id\":13,\"course_id\":13,\"name\":\"End-Term\",\"full_marks\":50,\"pass_marks\":17,\"test_type\":null,\"test_date\":null,\"max_marks\":null,\"weightage\":null,\"question_paper_filename\":null,\"has_question_paper_pdf\":false}','{\"test_id\":16,\"student_id\":\"CSB22081\",\"CO1\":0,\"CO2\":17,\"CO3\":5,\"CO4\":0,\"CO5\":0,\"CO6\":0,\"validate_marks\":true}','::1','2026-05-16 19:26:40'),(471,3102,'UPDATE','MarksByCO','','{\"id\":16,\"offering_id\":13,\"course_id\":13,\"name\":\"End-Term\",\"full_marks\":50,\"pass_marks\":17,\"test_type\":null,\"test_date\":null,\"max_marks\":null,\"weightage\":null,\"question_paper_filename\":null,\"has_question_paper_pdf\":false}','{\"test_id\":16,\"student_id\":\"CSB22082\",\"CO1\":0,\"CO2\":6,\"CO3\":2,\"CO4\":0,\"CO5\":0,\"CO6\":0,\"validate_marks\":true}','::1','2026-05-16 19:26:40'),(472,3102,'UPDATE','MarksByCO','','{\"id\":16,\"offering_id\":13,\"course_id\":13,\"name\":\"End-Term\",\"full_marks\":50,\"pass_marks\":17,\"test_type\":null,\"test_date\":null,\"max_marks\":null,\"weightage\":null,\"question_paper_filename\":null,\"has_question_paper_pdf\":false}','{\"test_id\":16,\"student_id\":\"CSB22083\",\"CO1\":0,\"CO2\":2,\"CO3\":1,\"CO4\":0,\"CO5\":0,\"CO6\":0,\"validate_marks\":true}','::1','2026-05-16 19:26:40'),(473,3102,'UPDATE','MarksByCO','','{\"id\":16,\"offering_id\":13,\"course_id\":13,\"name\":\"End-Term\",\"full_marks\":50,\"pass_marks\":17,\"test_type\":null,\"test_date\":null,\"max_marks\":null,\"weightage\":null,\"question_paper_filename\":null,\"has_question_paper_pdf\":false}','{\"test_id\":16,\"student_id\":\"CSB22084\",\"CO1\":0,\"CO2\":19,\"CO3\":1,\"CO4\":0,\"CO5\":0,\"CO6\":0,\"validate_marks\":true}','::1','2026-05-16 19:26:40'),(474,3102,'UPDATE','MarksByCO','','{\"id\":16,\"offering_id\":13,\"course_id\":13,\"name\":\"End-Term\",\"full_marks\":50,\"pass_marks\":17,\"test_type\":null,\"test_date\":null,\"max_marks\":null,\"weightage\":null,\"question_paper_filename\":null,\"has_question_paper_pdf\":false}','{\"test_id\":16,\"student_id\":\"CSB23201\",\"CO1\":0,\"CO2\":9,\"CO3\":6,\"CO4\":0,\"CO5\":0,\"CO6\":0,\"validate_marks\":true}','::1','2026-05-16 19:26:40'),(475,3102,'UPDATE','MarksByCO','','{\"id\":16,\"offering_id\":13,\"course_id\":13,\"name\":\"End-Term\",\"full_marks\":50,\"pass_marks\":17,\"test_type\":null,\"test_date\":null,\"max_marks\":null,\"weightage\":null,\"question_paper_filename\":null,\"has_question_paper_pdf\":false}','{\"test_id\":16,\"student_id\":\"CSB23202\",\"CO1\":0,\"CO2\":19,\"CO3\":6,\"CO4\":0,\"CO5\":0,\"CO6\":0,\"validate_marks\":true}','::1','2026-05-16 19:26:40'),(476,3102,'UPDATE','MarksByCO','','{\"id\":16,\"offering_id\":13,\"course_id\":13,\"name\":\"End-Term\",\"full_marks\":50,\"pass_marks\":17,\"test_type\":null,\"test_date\":null,\"max_marks\":null,\"weightage\":null,\"question_paper_filename\":null,\"has_question_paper_pdf\":false}','{\"test_id\":16,\"student_id\":\"CSB23203\",\"CO1\":0,\"CO2\":1,\"CO3\":0,\"CO4\":0,\"CO5\":0,\"CO6\":0,\"validate_marks\":true}','::1','2026-05-16 19:26:40'),(477,3102,'UPDATE','MarksByCO','','{\"id\":16,\"offering_id\":13,\"course_id\":13,\"name\":\"End-Term\",\"full_marks\":50,\"pass_marks\":17,\"test_type\":null,\"test_date\":null,\"max_marks\":null,\"weightage\":null,\"question_paper_filename\":null,\"has_question_paper_pdf\":false}','{\"test_id\":16,\"student_id\":\"CSB23204\",\"CO1\":0,\"CO2\":2,\"CO3\":1,\"CO4\":0,\"CO5\":0,\"CO6\":0,\"validate_marks\":true}','::1','2026-05-16 19:26:40'),(478,3102,'UPDATE','MarksByCO','','{\"id\":16,\"offering_id\":13,\"course_id\":13,\"name\":\"End-Term\",\"full_marks\":50,\"pass_marks\":17,\"test_type\":null,\"test_date\":null,\"max_marks\":null,\"weightage\":null,\"question_paper_filename\":null,\"has_question_paper_pdf\":false}','{\"test_id\":16,\"student_id\":\"CSB23205\",\"CO1\":0,\"CO2\":2,\"CO3\":0,\"CO4\":0,\"CO5\":0,\"CO6\":0,\"validate_marks\":true}','::1','2026-05-16 19:26:41'),(479,3102,'UPDATE','MarksByCO','','{\"id\":16,\"offering_id\":13,\"course_id\":13,\"name\":\"End-Term\",\"full_marks\":50,\"pass_marks\":17,\"test_type\":null,\"test_date\":null,\"max_marks\":null,\"weightage\":null,\"question_paper_filename\":null,\"has_question_paper_pdf\":false}','{\"test_id\":16,\"student_id\":\"CSB23206\",\"CO1\":0,\"CO2\":6,\"CO3\":2,\"CO4\":0,\"CO5\":0,\"CO6\":0,\"validate_marks\":true}','::1','2026-05-16 19:26:41'),(480,3102,'UPDATE','MarksByCO','','{\"id\":16,\"offering_id\":13,\"course_id\":13,\"name\":\"End-Term\",\"full_marks\":50,\"pass_marks\":17,\"test_type\":null,\"test_date\":null,\"max_marks\":null,\"weightage\":null,\"question_paper_filename\":null,\"has_question_paper_pdf\":false}','{\"test_id\":16,\"student_id\":\"CSB23207\",\"CO1\":0,\"CO2\":3,\"CO3\":1,\"CO4\":0,\"CO5\":0,\"CO6\":0,\"validate_marks\":true}','::1','2026-05-16 19:26:41'),(481,3102,'UPDATE','MarksByCO','','{\"id\":15,\"offering_id\":13,\"course_id\":13,\"name\":\"Test-2\",\"full_marks\":10,\"pass_marks\":3,\"test_type\":null,\"test_date\":null,\"max_marks\":null,\"weightage\":null,\"question_paper_filename\":null,\"has_question_paper_pdf\":false}','{\"test_id\":15,\"student_id\":\"CSB22002\",\"CO1\":0,\"CO2\":0,\"CO3\":0,\"CO4\":6,\"CO5\":0,\"CO6\":0,\"validate_marks\":true}','::1','2026-05-16 19:26:58'),(482,3102,'UPDATE','MarksByCO','','{\"id\":15,\"offering_id\":13,\"course_id\":13,\"name\":\"Test-2\",\"full_marks\":10,\"pass_marks\":3,\"test_type\":null,\"test_date\":null,\"max_marks\":null,\"weightage\":null,\"question_paper_filename\":null,\"has_question_paper_pdf\":false}','{\"test_id\":15,\"student_id\":\"CSB22003\",\"CO1\":0,\"CO2\":0,\"CO3\":0,\"CO4\":7,\"CO5\":0,\"CO6\":0,\"validate_marks\":true}','::1','2026-05-16 19:26:58'),(483,3102,'UPDATE','MarksByCO','','{\"id\":15,\"offering_id\":13,\"course_id\":13,\"name\":\"Test-2\",\"full_marks\":10,\"pass_marks\":3,\"test_type\":null,\"test_date\":null,\"max_marks\":null,\"weightage\":null,\"question_paper_filename\":null,\"has_question_paper_pdf\":false}','{\"test_id\":15,\"student_id\":\"CSB22005\",\"CO1\":0,\"CO2\":0,\"CO3\":0,\"CO4\":7,\"CO5\":0,\"CO6\":0,\"validate_marks\":true}','::1','2026-05-16 19:26:58'),(484,3102,'UPDATE','MarksByCO','','{\"id\":15,\"offering_id\":13,\"course_id\":13,\"name\":\"Test-2\",\"full_marks\":10,\"pass_marks\":3,\"test_type\":null,\"test_date\":null,\"max_marks\":null,\"weightage\":null,\"question_paper_filename\":null,\"has_question_paper_pdf\":false}','{\"test_id\":15,\"student_id\":\"CSB22006\",\"CO1\":0,\"CO2\":0,\"CO3\":0,\"CO4\":7,\"CO5\":0,\"CO6\":0,\"validate_marks\":true}','::1','2026-05-16 19:26:58'),(485,3102,'UPDATE','MarksByCO','','{\"id\":15,\"offering_id\":13,\"course_id\":13,\"name\":\"Test-2\",\"full_marks\":10,\"pass_marks\":3,\"test_type\":null,\"test_date\":null,\"max_marks\":null,\"weightage\":null,\"question_paper_filename\":null,\"has_question_paper_pdf\":false}','{\"test_id\":15,\"student_id\":\"CSB22008\",\"CO1\":0,\"CO2\":0,\"CO3\":0,\"CO4\":6,\"CO5\":0,\"CO6\":0,\"validate_marks\":true}','::1','2026-05-16 19:26:58'),(486,3102,'UPDATE','MarksByCO','','{\"id\":15,\"offering_id\":13,\"course_id\":13,\"name\":\"Test-2\",\"full_marks\":10,\"pass_marks\":3,\"test_type\":null,\"test_date\":null,\"max_marks\":null,\"weightage\":null,\"question_paper_filename\":null,\"has_question_paper_pdf\":false}','{\"test_id\":15,\"student_id\":\"CSB22012\",\"CO1\":0,\"CO2\":0,\"CO3\":0,\"CO4\":6,\"CO5\":0,\"CO6\":0,\"validate_marks\":true}','::1','2026-05-16 19:26:58'),(487,3102,'UPDATE','MarksByCO','','{\"id\":15,\"offering_id\":13,\"course_id\":13,\"name\":\"Test-2\",\"full_marks\":10,\"pass_marks\":3,\"test_type\":null,\"test_date\":null,\"max_marks\":null,\"weightage\":null,\"question_paper_filename\":null,\"has_question_paper_pdf\":false}','{\"test_id\":15,\"student_id\":\"CSB22015\",\"CO1\":0,\"CO2\":0,\"CO3\":0,\"CO4\":6,\"CO5\":0,\"CO6\":0,\"validate_marks\":true}','::1','2026-05-16 19:26:58'),(488,3102,'UPDATE','MarksByCO','','{\"id\":15,\"offering_id\":13,\"course_id\":13,\"name\":\"Test-2\",\"full_marks\":10,\"pass_marks\":3,\"test_type\":null,\"test_date\":null,\"max_marks\":null,\"weightage\":null,\"question_paper_filename\":null,\"has_question_paper_pdf\":false}','{\"test_id\":15,\"student_id\":\"CSB22018\",\"CO1\":0,\"CO2\":0,\"CO3\":0,\"CO4\":6,\"CO5\":0,\"CO6\":0,\"validate_marks\":true}','::1','2026-05-16 19:26:58'),(489,3102,'UPDATE','MarksByCO','','{\"id\":15,\"offering_id\":13,\"course_id\":13,\"name\":\"Test-2\",\"full_marks\":10,\"pass_marks\":3,\"test_type\":null,\"test_date\":null,\"max_marks\":null,\"weightage\":null,\"question_paper_filename\":null,\"has_question_paper_pdf\":false}','{\"test_id\":15,\"student_id\":\"CSB22020\",\"CO1\":0,\"CO2\":0,\"CO3\":0,\"CO4\":7,\"CO5\":0,\"CO6\":0,\"validate_marks\":true}','::1','2026-05-16 19:26:58'),(490,3102,'UPDATE','MarksByCO','','{\"id\":15,\"offering_id\":13,\"course_id\":13,\"name\":\"Test-2\",\"full_marks\":10,\"pass_marks\":3,\"test_type\":null,\"test_date\":null,\"max_marks\":null,\"weightage\":null,\"question_paper_filename\":null,\"has_question_paper_pdf\":false}','{\"test_id\":15,\"student_id\":\"CSB22021\",\"CO1\":0,\"CO2\":0,\"CO3\":0,\"CO4\":7,\"CO5\":0,\"CO6\":0,\"validate_marks\":true}','::1','2026-05-16 19:26:59'),(491,3102,'UPDATE','MarksByCO','','{\"id\":15,\"offering_id\":13,\"course_id\":13,\"name\":\"Test-2\",\"full_marks\":10,\"pass_marks\":3,\"test_type\":null,\"test_date\":null,\"max_marks\":null,\"weightage\":null,\"question_paper_filename\":null,\"has_question_paper_pdf\":false}','{\"test_id\":15,\"student_id\":\"CSB22022\",\"CO1\":0,\"CO2\":0,\"CO3\":0,\"CO4\":6,\"CO5\":0,\"CO6\":0,\"validate_marks\":true}','::1','2026-05-16 19:26:59'),(492,3102,'UPDATE','MarksByCO','','{\"id\":15,\"offering_id\":13,\"course_id\":13,\"name\":\"Test-2\",\"full_marks\":10,\"pass_marks\":3,\"test_type\":null,\"test_date\":null,\"max_marks\":null,\"weightage\":null,\"question_paper_filename\":null,\"has_question_paper_pdf\":false}','{\"test_id\":15,\"student_id\":\"CSB22023\",\"CO1\":0,\"CO2\":0,\"CO3\":0,\"CO4\":6,\"CO5\":0,\"CO6\":0,\"validate_marks\":true}','::1','2026-05-16 19:26:59'),(493,3102,'UPDATE','MarksByCO','','{\"id\":15,\"offering_id\":13,\"course_id\":13,\"name\":\"Test-2\",\"full_marks\":10,\"pass_marks\":3,\"test_type\":null,\"test_date\":null,\"max_marks\":null,\"weightage\":null,\"question_paper_filename\":null,\"has_question_paper_pdf\":false}','{\"test_id\":15,\"student_id\":\"CSB22024\",\"CO1\":0,\"CO2\":0,\"CO3\":0,\"CO4\":7,\"CO5\":0,\"CO6\":0,\"validate_marks\":true}','::1','2026-05-16 19:26:59'),(494,3102,'UPDATE','MarksByCO','','{\"id\":15,\"offering_id\":13,\"course_id\":13,\"name\":\"Test-2\",\"full_marks\":10,\"pass_marks\":3,\"test_type\":null,\"test_date\":null,\"max_marks\":null,\"weightage\":null,\"question_paper_filename\":null,\"has_question_paper_pdf\":false}','{\"test_id\":15,\"student_id\":\"CSB22025\",\"CO1\":0,\"CO2\":0,\"CO3\":0,\"CO4\":6,\"CO5\":0,\"CO6\":0,\"validate_marks\":true}','::1','2026-05-16 19:26:59'),(495,3102,'UPDATE','MarksByCO','','{\"id\":15,\"offering_id\":13,\"course_id\":13,\"name\":\"Test-2\",\"full_marks\":10,\"pass_marks\":3,\"test_type\":null,\"test_date\":null,\"max_marks\":null,\"weightage\":null,\"question_paper_filename\":null,\"has_question_paper_pdf\":false}','{\"test_id\":15,\"student_id\":\"CSB22028\",\"CO1\":0,\"CO2\":0,\"CO3\":0,\"CO4\":6,\"CO5\":0,\"CO6\":0,\"validate_marks\":true}','::1','2026-05-16 19:26:59'),(496,3102,'UPDATE','MarksByCO','','{\"id\":15,\"offering_id\":13,\"course_id\":13,\"name\":\"Test-2\",\"full_marks\":10,\"pass_marks\":3,\"test_type\":null,\"test_date\":null,\"max_marks\":null,\"weightage\":null,\"question_paper_filename\":null,\"has_question_paper_pdf\":false}','{\"test_id\":15,\"student_id\":\"CSB22031\",\"CO1\":0,\"CO2\":0,\"CO3\":0,\"CO4\":7,\"CO5\":0,\"CO6\":0,\"validate_marks\":true}','::1','2026-05-16 19:26:59'),(497,3102,'UPDATE','MarksByCO','','{\"id\":15,\"offering_id\":13,\"course_id\":13,\"name\":\"Test-2\",\"full_marks\":10,\"pass_marks\":3,\"test_type\":null,\"test_date\":null,\"max_marks\":null,\"weightage\":null,\"question_paper_filename\":null,\"has_question_paper_pdf\":false}','{\"test_id\":15,\"student_id\":\"CSB22034\",\"CO1\":0,\"CO2\":0,\"CO3\":0,\"CO4\":7,\"CO5\":0,\"CO6\":0,\"validate_marks\":true}','::1','2026-05-16 19:26:59'),(498,3102,'UPDATE','MarksByCO','','{\"id\":15,\"offering_id\":13,\"course_id\":13,\"name\":\"Test-2\",\"full_marks\":10,\"pass_marks\":3,\"test_type\":null,\"test_date\":null,\"max_marks\":null,\"weightage\":null,\"question_paper_filename\":null,\"has_question_paper_pdf\":false}','{\"test_id\":15,\"student_id\":\"CSB22035\",\"CO1\":0,\"CO2\":0,\"CO3\":0,\"CO4\":6,\"CO5\":0,\"CO6\":0,\"validate_marks\":true}','::1','2026-05-16 19:26:59'),(499,3102,'UPDATE','MarksByCO','','{\"id\":15,\"offering_id\":13,\"course_id\":13,\"name\":\"Test-2\",\"full_marks\":10,\"pass_marks\":3,\"test_type\":null,\"test_date\":null,\"max_marks\":null,\"weightage\":null,\"question_paper_filename\":null,\"has_question_paper_pdf\":false}','{\"test_id\":15,\"student_id\":\"CSB22036\",\"CO1\":0,\"CO2\":0,\"CO3\":0,\"CO4\":6,\"CO5\":0,\"CO6\":0,\"validate_marks\":true}','::1','2026-05-16 19:26:59'),(500,3102,'UPDATE','MarksByCO','','{\"id\":15,\"offering_id\":13,\"course_id\":13,\"name\":\"Test-2\",\"full_marks\":10,\"pass_marks\":3,\"test_type\":null,\"test_date\":null,\"max_marks\":null,\"weightage\":null,\"question_paper_filename\":null,\"has_question_paper_pdf\":false}','{\"test_id\":15,\"student_id\":\"CSB22039\",\"CO1\":0,\"CO2\":0,\"CO3\":0,\"CO4\":6,\"CO5\":0,\"CO6\":0,\"validate_marks\":true}','::1','2026-05-16 19:26:59'),(501,3102,'UPDATE','MarksByCO','','{\"id\":15,\"offering_id\":13,\"course_id\":13,\"name\":\"Test-2\",\"full_marks\":10,\"pass_marks\":3,\"test_type\":null,\"test_date\":null,\"max_marks\":null,\"weightage\":null,\"question_paper_filename\":null,\"has_question_paper_pdf\":false}','{\"test_id\":15,\"student_id\":\"CSB22041\",\"CO1\":0,\"CO2\":0,\"CO3\":0,\"CO4\":7,\"CO5\":0,\"CO6\":0,\"validate_marks\":true}','::1','2026-05-16 19:26:59'),(502,3102,'UPDATE','MarksByCO','','{\"id\":15,\"offering_id\":13,\"course_id\":13,\"name\":\"Test-2\",\"full_marks\":10,\"pass_marks\":3,\"test_type\":null,\"test_date\":null,\"max_marks\":null,\"weightage\":null,\"question_paper_filename\":null,\"has_question_paper_pdf\":false}','{\"test_id\":15,\"student_id\":\"CSB22042\",\"CO1\":0,\"CO2\":0,\"CO3\":0,\"CO4\":6,\"CO5\":0,\"CO6\":0,\"validate_marks\":true}','::1','2026-05-16 19:26:59'),(503,3102,'UPDATE','MarksByCO','','{\"id\":15,\"offering_id\":13,\"course_id\":13,\"name\":\"Test-2\",\"full_marks\":10,\"pass_marks\":3,\"test_type\":null,\"test_date\":null,\"max_marks\":null,\"weightage\":null,\"question_paper_filename\":null,\"has_question_paper_pdf\":false}','{\"test_id\":15,\"student_id\":\"CSB22044\",\"CO1\":0,\"CO2\":0,\"CO3\":0,\"CO4\":7,\"CO5\":0,\"CO6\":0,\"validate_marks\":true}','::1','2026-05-16 19:26:59'),(504,3102,'UPDATE','MarksByCO','','{\"id\":15,\"offering_id\":13,\"course_id\":13,\"name\":\"Test-2\",\"full_marks\":10,\"pass_marks\":3,\"test_type\":null,\"test_date\":null,\"max_marks\":null,\"weightage\":null,\"question_paper_filename\":null,\"has_question_paper_pdf\":false}','{\"test_id\":15,\"student_id\":\"CSB22045\",\"CO1\":0,\"CO2\":0,\"CO3\":0,\"CO4\":7,\"CO5\":0,\"CO6\":0,\"validate_marks\":true}','::1','2026-05-16 19:26:59'),(505,3102,'UPDATE','MarksByCO','','{\"id\":15,\"offering_id\":13,\"course_id\":13,\"name\":\"Test-2\",\"full_marks\":10,\"pass_marks\":3,\"test_type\":null,\"test_date\":null,\"max_marks\":null,\"weightage\":null,\"question_paper_filename\":null,\"has_question_paper_pdf\":false}','{\"test_id\":15,\"student_id\":\"CSB22046\",\"CO1\":0,\"CO2\":0,\"CO3\":0,\"CO4\":7,\"CO5\":0,\"CO6\":0,\"validate_marks\":true}','::1','2026-05-16 19:26:59'),(506,3102,'UPDATE','MarksByCO','','{\"id\":15,\"offering_id\":13,\"course_id\":13,\"name\":\"Test-2\",\"full_marks\":10,\"pass_marks\":3,\"test_type\":null,\"test_date\":null,\"max_marks\":null,\"weightage\":null,\"question_paper_filename\":null,\"has_question_paper_pdf\":false}','{\"test_id\":15,\"student_id\":\"CSB22047\",\"CO1\":0,\"CO2\":0,\"CO3\":0,\"CO4\":6,\"CO5\":0,\"CO6\":0,\"validate_marks\":true}','::1','2026-05-16 19:26:59'),(507,3102,'UPDATE','MarksByCO','','{\"id\":15,\"offering_id\":13,\"course_id\":13,\"name\":\"Test-2\",\"full_marks\":10,\"pass_marks\":3,\"test_type\":null,\"test_date\":null,\"max_marks\":null,\"weightage\":null,\"question_paper_filename\":null,\"has_question_paper_pdf\":false}','{\"test_id\":15,\"student_id\":\"CSB22048\",\"CO1\":0,\"CO2\":0,\"CO3\":0,\"CO4\":7,\"CO5\":0,\"CO6\":0,\"validate_marks\":true}','::1','2026-05-16 19:26:59'),(508,3102,'UPDATE','MarksByCO','','{\"id\":15,\"offering_id\":13,\"course_id\":13,\"name\":\"Test-2\",\"full_marks\":10,\"pass_marks\":3,\"test_type\":null,\"test_date\":null,\"max_marks\":null,\"weightage\":null,\"question_paper_filename\":null,\"has_question_paper_pdf\":false}','{\"test_id\":15,\"student_id\":\"CSB22049\",\"CO1\":0,\"CO2\":0,\"CO3\":0,\"CO4\":7,\"CO5\":0,\"CO6\":0,\"validate_marks\":true}','::1','2026-05-16 19:26:59'),(509,3102,'UPDATE','MarksByCO','','{\"id\":15,\"offering_id\":13,\"course_id\":13,\"name\":\"Test-2\",\"full_marks\":10,\"pass_marks\":3,\"test_type\":null,\"test_date\":null,\"max_marks\":null,\"weightage\":null,\"question_paper_filename\":null,\"has_question_paper_pdf\":false}','{\"test_id\":15,\"student_id\":\"CSB22051\",\"CO1\":0,\"CO2\":0,\"CO3\":0,\"CO4\":6,\"CO5\":0,\"CO6\":0,\"validate_marks\":true}','::1','2026-05-16 19:26:59'),(510,3102,'UPDATE','MarksByCO','','{\"id\":15,\"offering_id\":13,\"course_id\":13,\"name\":\"Test-2\",\"full_marks\":10,\"pass_marks\":3,\"test_type\":null,\"test_date\":null,\"max_marks\":null,\"weightage\":null,\"question_paper_filename\":null,\"has_question_paper_pdf\":false}','{\"test_id\":15,\"student_id\":\"CSB22052\",\"CO1\":0,\"CO2\":0,\"CO3\":0,\"CO4\":6,\"CO5\":0,\"CO6\":0,\"validate_marks\":true}','::1','2026-05-16 19:27:00'),(511,3102,'UPDATE','MarksByCO','','{\"id\":15,\"offering_id\":13,\"course_id\":13,\"name\":\"Test-2\",\"full_marks\":10,\"pass_marks\":3,\"test_type\":null,\"test_date\":null,\"max_marks\":null,\"weightage\":null,\"question_paper_filename\":null,\"has_question_paper_pdf\":false}','{\"test_id\":15,\"student_id\":\"CSB22053\",\"CO1\":0,\"CO2\":0,\"CO3\":0,\"CO4\":6,\"CO5\":0,\"CO6\":0,\"validate_marks\":true}','::1','2026-05-16 19:27:00'),(512,3102,'UPDATE','MarksByCO','','{\"id\":15,\"offering_id\":13,\"course_id\":13,\"name\":\"Test-2\",\"full_marks\":10,\"pass_marks\":3,\"test_type\":null,\"test_date\":null,\"max_marks\":null,\"weightage\":null,\"question_paper_filename\":null,\"has_question_paper_pdf\":false}','{\"test_id\":15,\"student_id\":\"CSB22054\",\"CO1\":0,\"CO2\":0,\"CO3\":0,\"CO4\":7,\"CO5\":0,\"CO6\":0,\"validate_marks\":true}','::1','2026-05-16 19:27:00'),(513,3102,'UPDATE','MarksByCO','','{\"id\":15,\"offering_id\":13,\"course_id\":13,\"name\":\"Test-2\",\"full_marks\":10,\"pass_marks\":3,\"test_type\":null,\"test_date\":null,\"max_marks\":null,\"weightage\":null,\"question_paper_filename\":null,\"has_question_paper_pdf\":false}','{\"test_id\":15,\"student_id\":\"CSB22055\",\"CO1\":0,\"CO2\":0,\"CO3\":0,\"CO4\":7,\"CO5\":0,\"CO6\":0,\"validate_marks\":true}','::1','2026-05-16 19:27:00'),(514,3102,'UPDATE','MarksByCO','','{\"id\":15,\"offering_id\":13,\"course_id\":13,\"name\":\"Test-2\",\"full_marks\":10,\"pass_marks\":3,\"test_type\":null,\"test_date\":null,\"max_marks\":null,\"weightage\":null,\"question_paper_filename\":null,\"has_question_paper_pdf\":false}','{\"test_id\":15,\"student_id\":\"CSB22056\",\"CO1\":0,\"CO2\":0,\"CO3\":0,\"CO4\":6,\"CO5\":0,\"CO6\":0,\"validate_marks\":true}','::1','2026-05-16 19:27:00'),(515,3102,'UPDATE','MarksByCO','','{\"id\":15,\"offering_id\":13,\"course_id\":13,\"name\":\"Test-2\",\"full_marks\":10,\"pass_marks\":3,\"test_type\":null,\"test_date\":null,\"max_marks\":null,\"weightage\":null,\"question_paper_filename\":null,\"has_question_paper_pdf\":false}','{\"test_id\":15,\"student_id\":\"CSB22057\",\"CO1\":0,\"CO2\":0,\"CO3\":0,\"CO4\":7,\"CO5\":0,\"CO6\":0,\"validate_marks\":true}','::1','2026-05-16 19:27:00'),(516,3102,'UPDATE','MarksByCO','','{\"id\":15,\"offering_id\":13,\"course_id\":13,\"name\":\"Test-2\",\"full_marks\":10,\"pass_marks\":3,\"test_type\":null,\"test_date\":null,\"max_marks\":null,\"weightage\":null,\"question_paper_filename\":null,\"has_question_paper_pdf\":false}','{\"test_id\":15,\"student_id\":\"CSB22058\",\"CO1\":0,\"CO2\":0,\"CO3\":0,\"CO4\":6,\"CO5\":0,\"CO6\":0,\"validate_marks\":true}','::1','2026-05-16 19:27:00'),(517,3102,'UPDATE','MarksByCO','','{\"id\":15,\"offering_id\":13,\"course_id\":13,\"name\":\"Test-2\",\"full_marks\":10,\"pass_marks\":3,\"test_type\":null,\"test_date\":null,\"max_marks\":null,\"weightage\":null,\"question_paper_filename\":null,\"has_question_paper_pdf\":false}','{\"test_id\":15,\"student_id\":\"CSB22059\",\"CO1\":0,\"CO2\":0,\"CO3\":0,\"CO4\":6,\"CO5\":0,\"CO6\":0,\"validate_marks\":true}','::1','2026-05-16 19:27:00'),(518,3102,'UPDATE','MarksByCO','','{\"id\":15,\"offering_id\":13,\"course_id\":13,\"name\":\"Test-2\",\"full_marks\":10,\"pass_marks\":3,\"test_type\":null,\"test_date\":null,\"max_marks\":null,\"weightage\":null,\"question_paper_filename\":null,\"has_question_paper_pdf\":false}','{\"test_id\":15,\"student_id\":\"CSB22060\",\"CO1\":0,\"CO2\":0,\"CO3\":0,\"CO4\":9,\"CO5\":0,\"CO6\":0,\"validate_marks\":true}','::1','2026-05-16 19:27:00'),(519,3102,'UPDATE','MarksByCO','','{\"id\":15,\"offering_id\":13,\"course_id\":13,\"name\":\"Test-2\",\"full_marks\":10,\"pass_marks\":3,\"test_type\":null,\"test_date\":null,\"max_marks\":null,\"weightage\":null,\"question_paper_filename\":null,\"has_question_paper_pdf\":false}','{\"test_id\":15,\"student_id\":\"CSB22061\",\"CO1\":0,\"CO2\":0,\"CO3\":0,\"CO4\":7,\"CO5\":0,\"CO6\":0,\"validate_marks\":true}','::1','2026-05-16 19:27:00'),(520,3102,'UPDATE','MarksByCO','','{\"id\":15,\"offering_id\":13,\"course_id\":13,\"name\":\"Test-2\",\"full_marks\":10,\"pass_marks\":3,\"test_type\":null,\"test_date\":null,\"max_marks\":null,\"weightage\":null,\"question_paper_filename\":null,\"has_question_paper_pdf\":false}','{\"test_id\":15,\"student_id\":\"CSB22062\",\"CO1\":0,\"CO2\":0,\"CO3\":0,\"CO4\":6,\"CO5\":0,\"CO6\":0,\"validate_marks\":true}','::1','2026-05-16 19:27:00'),(521,3102,'UPDATE','MarksByCO','','{\"id\":15,\"offering_id\":13,\"course_id\":13,\"name\":\"Test-2\",\"full_marks\":10,\"pass_marks\":3,\"test_type\":null,\"test_date\":null,\"max_marks\":null,\"weightage\":null,\"question_paper_filename\":null,\"has_question_paper_pdf\":false}','{\"test_id\":15,\"student_id\":\"CSB22063\",\"CO1\":0,\"CO2\":0,\"CO3\":0,\"CO4\":6,\"CO5\":0,\"CO6\":0,\"validate_marks\":true}','::1','2026-05-16 19:27:00'),(522,3102,'UPDATE','MarksByCO','','{\"id\":15,\"offering_id\":13,\"course_id\":13,\"name\":\"Test-2\",\"full_marks\":10,\"pass_marks\":3,\"test_type\":null,\"test_date\":null,\"max_marks\":null,\"weightage\":null,\"question_paper_filename\":null,\"has_question_paper_pdf\":false}','{\"test_id\":15,\"student_id\":\"CSB22064\",\"CO1\":0,\"CO2\":0,\"CO3\":0,\"CO4\":6,\"CO5\":0,\"CO6\":0,\"validate_marks\":true}','::1','2026-05-16 19:27:00'),(523,3102,'UPDATE','MarksByCO','','{\"id\":15,\"offering_id\":13,\"course_id\":13,\"name\":\"Test-2\",\"full_marks\":10,\"pass_marks\":3,\"test_type\":null,\"test_date\":null,\"max_marks\":null,\"weightage\":null,\"question_paper_filename\":null,\"has_question_paper_pdf\":false}','{\"test_id\":15,\"student_id\":\"CSB22065\",\"CO1\":0,\"CO2\":0,\"CO3\":0,\"CO4\":6,\"CO5\":0,\"CO6\":0,\"validate_marks\":true}','::1','2026-05-16 19:27:00'),(524,3102,'UPDATE','MarksByCO','','{\"id\":15,\"offering_id\":13,\"course_id\":13,\"name\":\"Test-2\",\"full_marks\":10,\"pass_marks\":3,\"test_type\":null,\"test_date\":null,\"max_marks\":null,\"weightage\":null,\"question_paper_filename\":null,\"has_question_paper_pdf\":false}','{\"test_id\":15,\"student_id\":\"CSB22067\",\"CO1\":0,\"CO2\":0,\"CO3\":0,\"CO4\":7,\"CO5\":0,\"CO6\":0,\"validate_marks\":true}','::1','2026-05-16 19:27:00'),(525,3102,'UPDATE','MarksByCO','','{\"id\":15,\"offering_id\":13,\"course_id\":13,\"name\":\"Test-2\",\"full_marks\":10,\"pass_marks\":3,\"test_type\":null,\"test_date\":null,\"max_marks\":null,\"weightage\":null,\"question_paper_filename\":null,\"has_question_paper_pdf\":false}','{\"test_id\":15,\"student_id\":\"CSB22069\",\"CO1\":0,\"CO2\":0,\"CO3\":0,\"CO4\":8,\"CO5\":0,\"CO6\":0,\"validate_marks\":true}','::1','2026-05-16 19:27:00'),(526,3102,'UPDATE','MarksByCO','','{\"id\":15,\"offering_id\":13,\"course_id\":13,\"name\":\"Test-2\",\"full_marks\":10,\"pass_marks\":3,\"test_type\":null,\"test_date\":null,\"max_marks\":null,\"weightage\":null,\"question_paper_filename\":null,\"has_question_paper_pdf\":false}','{\"test_id\":15,\"student_id\":\"CSB22070\",\"CO1\":0,\"CO2\":0,\"CO3\":0,\"CO4\":6,\"CO5\":0,\"CO6\":0,\"validate_marks\":true}','::1','2026-05-16 19:27:00'),(527,3102,'UPDATE','MarksByCO','','{\"id\":15,\"offering_id\":13,\"course_id\":13,\"name\":\"Test-2\",\"full_marks\":10,\"pass_marks\":3,\"test_type\":null,\"test_date\":null,\"max_marks\":null,\"weightage\":null,\"question_paper_filename\":null,\"has_question_paper_pdf\":false}','{\"test_id\":15,\"student_id\":\"CSB22071\",\"CO1\":0,\"CO2\":0,\"CO3\":0,\"CO4\":7,\"CO5\":0,\"CO6\":0,\"validate_marks\":true}','::1','2026-05-16 19:27:00'),(528,3102,'UPDATE','MarksByCO','','{\"id\":15,\"offering_id\":13,\"course_id\":13,\"name\":\"Test-2\",\"full_marks\":10,\"pass_marks\":3,\"test_type\":null,\"test_date\":null,\"max_marks\":null,\"weightage\":null,\"question_paper_filename\":null,\"has_question_paper_pdf\":false}','{\"test_id\":15,\"student_id\":\"CSB22072\",\"CO1\":0,\"CO2\":0,\"CO3\":0,\"CO4\":7,\"CO5\":0,\"CO6\":0,\"validate_marks\":true}','::1','2026-05-16 19:27:00'),(529,3102,'UPDATE','MarksByCO','','{\"id\":15,\"offering_id\":13,\"course_id\":13,\"name\":\"Test-2\",\"full_marks\":10,\"pass_marks\":3,\"test_type\":null,\"test_date\":null,\"max_marks\":null,\"weightage\":null,\"question_paper_filename\":null,\"has_question_paper_pdf\":false}','{\"test_id\":15,\"student_id\":\"CSB22073\",\"CO1\":0,\"CO2\":0,\"CO3\":0,\"CO4\":6,\"CO5\":0,\"CO6\":0,\"validate_marks\":true}','::1','2026-05-16 19:27:00'),(530,3102,'UPDATE','MarksByCO','','{\"id\":15,\"offering_id\":13,\"course_id\":13,\"name\":\"Test-2\",\"full_marks\":10,\"pass_marks\":3,\"test_type\":null,\"test_date\":null,\"max_marks\":null,\"weightage\":null,\"question_paper_filename\":null,\"has_question_paper_pdf\":false}','{\"test_id\":15,\"student_id\":\"CSB22075\",\"CO1\":0,\"CO2\":0,\"CO3\":0,\"CO4\":7,\"CO5\":0,\"CO6\":0,\"validate_marks\":true}','::1','2026-05-16 19:27:00'),(531,3102,'UPDATE','MarksByCO','','{\"id\":15,\"offering_id\":13,\"course_id\":13,\"name\":\"Test-2\",\"full_marks\":10,\"pass_marks\":3,\"test_type\":null,\"test_date\":null,\"max_marks\":null,\"weightage\":null,\"question_paper_filename\":null,\"has_question_paper_pdf\":false}','{\"test_id\":15,\"student_id\":\"CSB22076\",\"CO1\":0,\"CO2\":0,\"CO3\":0,\"CO4\":7,\"CO5\":0,\"CO6\":0,\"validate_marks\":true}','::1','2026-05-16 19:27:01'),(532,3102,'UPDATE','MarksByCO','','{\"id\":15,\"offering_id\":13,\"course_id\":13,\"name\":\"Test-2\",\"full_marks\":10,\"pass_marks\":3,\"test_type\":null,\"test_date\":null,\"max_marks\":null,\"weightage\":null,\"question_paper_filename\":null,\"has_question_paper_pdf\":false}','{\"test_id\":15,\"student_id\":\"CSB22078\",\"CO1\":0,\"CO2\":0,\"CO3\":0,\"CO4\":6,\"CO5\":0,\"CO6\":0,\"validate_marks\":true}','::1','2026-05-16 19:27:01'),(533,3102,'UPDATE','MarksByCO','','{\"id\":15,\"offering_id\":13,\"course_id\":13,\"name\":\"Test-2\",\"full_marks\":10,\"pass_marks\":3,\"test_type\":null,\"test_date\":null,\"max_marks\":null,\"weightage\":null,\"question_paper_filename\":null,\"has_question_paper_pdf\":false}','{\"test_id\":15,\"student_id\":\"CSB22079\",\"CO1\":0,\"CO2\":0,\"CO3\":0,\"CO4\":6,\"CO5\":0,\"CO6\":0,\"validate_marks\":true}','::1','2026-05-16 19:27:01'),(534,3102,'UPDATE','MarksByCO','','{\"id\":15,\"offering_id\":13,\"course_id\":13,\"name\":\"Test-2\",\"full_marks\":10,\"pass_marks\":3,\"test_type\":null,\"test_date\":null,\"max_marks\":null,\"weightage\":null,\"question_paper_filename\":null,\"has_question_paper_pdf\":false}','{\"test_id\":15,\"student_id\":\"CSB22080\",\"CO1\":0,\"CO2\":0,\"CO3\":0,\"CO4\":7,\"CO5\":0,\"CO6\":0,\"validate_marks\":true}','::1','2026-05-16 19:27:01'),(535,3102,'UPDATE','MarksByCO','','{\"id\":15,\"offering_id\":13,\"course_id\":13,\"name\":\"Test-2\",\"full_marks\":10,\"pass_marks\":3,\"test_type\":null,\"test_date\":null,\"max_marks\":null,\"weightage\":null,\"question_paper_filename\":null,\"has_question_paper_pdf\":false}','{\"test_id\":15,\"student_id\":\"CSB22081\",\"CO1\":0,\"CO2\":0,\"CO3\":0,\"CO4\":6,\"CO5\":0,\"CO6\":0,\"validate_marks\":true}','::1','2026-05-16 19:27:01'),(536,3102,'UPDATE','MarksByCO','','{\"id\":15,\"offering_id\":13,\"course_id\":13,\"name\":\"Test-2\",\"full_marks\":10,\"pass_marks\":3,\"test_type\":null,\"test_date\":null,\"max_marks\":null,\"weightage\":null,\"question_paper_filename\":null,\"has_question_paper_pdf\":false}','{\"test_id\":15,\"student_id\":\"CSB22082\",\"CO1\":0,\"CO2\":0,\"CO3\":0,\"CO4\":7,\"CO5\":0,\"CO6\":0,\"validate_marks\":true}','::1','2026-05-16 19:27:01'),(537,3102,'UPDATE','MarksByCO','','{\"id\":15,\"offering_id\":13,\"course_id\":13,\"name\":\"Test-2\",\"full_marks\":10,\"pass_marks\":3,\"test_type\":null,\"test_date\":null,\"max_marks\":null,\"weightage\":null,\"question_paper_filename\":null,\"has_question_paper_pdf\":false}','{\"test_id\":15,\"student_id\":\"CSB22083\",\"CO1\":0,\"CO2\":0,\"CO3\":0,\"CO4\":7,\"CO5\":0,\"CO6\":0,\"validate_marks\":true}','::1','2026-05-16 19:27:01'),(538,3102,'UPDATE','MarksByCO','','{\"id\":15,\"offering_id\":13,\"course_id\":13,\"name\":\"Test-2\",\"full_marks\":10,\"pass_marks\":3,\"test_type\":null,\"test_date\":null,\"max_marks\":null,\"weightage\":null,\"question_paper_filename\":null,\"has_question_paper_pdf\":false}','{\"test_id\":15,\"student_id\":\"CSB22084\",\"CO1\":0,\"CO2\":0,\"CO3\":0,\"CO4\":6,\"CO5\":0,\"CO6\":0,\"validate_marks\":true}','::1','2026-05-16 19:27:01'),(539,3102,'UPDATE','MarksByCO','','{\"id\":15,\"offering_id\":13,\"course_id\":13,\"name\":\"Test-2\",\"full_marks\":10,\"pass_marks\":3,\"test_type\":null,\"test_date\":null,\"max_marks\":null,\"weightage\":null,\"question_paper_filename\":null,\"has_question_paper_pdf\":false}','{\"test_id\":15,\"student_id\":\"CSB23201\",\"CO1\":0,\"CO2\":0,\"CO3\":0,\"CO4\":7,\"CO5\":0,\"CO6\":0,\"validate_marks\":true}','::1','2026-05-16 19:27:01'),(540,3102,'UPDATE','MarksByCO','','{\"id\":15,\"offering_id\":13,\"course_id\":13,\"name\":\"Test-2\",\"full_marks\":10,\"pass_marks\":3,\"test_type\":null,\"test_date\":null,\"max_marks\":null,\"weightage\":null,\"question_paper_filename\":null,\"has_question_paper_pdf\":false}','{\"test_id\":15,\"student_id\":\"CSB23202\",\"CO1\":0,\"CO2\":0,\"CO3\":0,\"CO4\":7,\"CO5\":0,\"CO6\":0,\"validate_marks\":true}','::1','2026-05-16 19:27:01'),(541,3102,'UPDATE','MarksByCO','','{\"id\":15,\"offering_id\":13,\"course_id\":13,\"name\":\"Test-2\",\"full_marks\":10,\"pass_marks\":3,\"test_type\":null,\"test_date\":null,\"max_marks\":null,\"weightage\":null,\"question_paper_filename\":null,\"has_question_paper_pdf\":false}','{\"test_id\":15,\"student_id\":\"CSB23203\",\"CO1\":0,\"CO2\":0,\"CO3\":0,\"CO4\":6,\"CO5\":0,\"CO6\":0,\"validate_marks\":true}','::1','2026-05-16 19:27:01'),(542,3102,'UPDATE','MarksByCO','','{\"id\":15,\"offering_id\":13,\"course_id\":13,\"name\":\"Test-2\",\"full_marks\":10,\"pass_marks\":3,\"test_type\":null,\"test_date\":null,\"max_marks\":null,\"weightage\":null,\"question_paper_filename\":null,\"has_question_paper_pdf\":false}','{\"test_id\":15,\"student_id\":\"CSB23204\",\"CO1\":0,\"CO2\":0,\"CO3\":0,\"CO4\":6,\"CO5\":0,\"CO6\":0,\"validate_marks\":true}','::1','2026-05-16 19:27:01'),(543,3102,'UPDATE','MarksByCO','','{\"id\":15,\"offering_id\":13,\"course_id\":13,\"name\":\"Test-2\",\"full_marks\":10,\"pass_marks\":3,\"test_type\":null,\"test_date\":null,\"max_marks\":null,\"weightage\":null,\"question_paper_filename\":null,\"has_question_paper_pdf\":false}','{\"test_id\":15,\"student_id\":\"CSB23205\",\"CO1\":0,\"CO2\":0,\"CO3\":0,\"CO4\":6,\"CO5\":0,\"CO6\":0,\"validate_marks\":true}','::1','2026-05-16 19:27:01'),(544,3102,'UPDATE','MarksByCO','','{\"id\":15,\"offering_id\":13,\"course_id\":13,\"name\":\"Test-2\",\"full_marks\":10,\"pass_marks\":3,\"test_type\":null,\"test_date\":null,\"max_marks\":null,\"weightage\":null,\"question_paper_filename\":null,\"has_question_paper_pdf\":false}','{\"test_id\":15,\"student_id\":\"CSB23206\",\"CO1\":0,\"CO2\":0,\"CO3\":0,\"CO4\":6,\"CO5\":0,\"CO6\":0,\"validate_marks\":true}','::1','2026-05-16 19:27:01'),(545,3102,'UPDATE','MarksByCO','','{\"id\":15,\"offering_id\":13,\"course_id\":13,\"name\":\"Test-2\",\"full_marks\":10,\"pass_marks\":3,\"test_type\":null,\"test_date\":null,\"max_marks\":null,\"weightage\":null,\"question_paper_filename\":null,\"has_question_paper_pdf\":false}','{\"test_id\":15,\"student_id\":\"CSB23207\",\"CO1\":0,\"CO2\":0,\"CO3\":0,\"CO4\":6,\"CO5\":0,\"CO6\":0,\"validate_marks\":true}','::1','2026-05-16 19:27:01'),(546,3102,'UPDATE','MarksByCO','','{\"id\":14,\"offering_id\":13,\"course_id\":13,\"name\":\"Mid-Term\",\"full_marks\":30,\"pass_marks\":10,\"test_type\":null,\"test_date\":null,\"max_marks\":null,\"weightage\":null,\"question_paper_filename\":null,\"has_question_paper_pdf\":false}','{\"test_id\":14,\"student_id\":\"CSB22002\",\"CO1\":0,\"CO2\":12,\"CO3\":7,\"CO4\":0,\"CO5\":0,\"CO6\":0,\"validate_marks\":true}','::1','2026-05-16 19:27:16'),(547,3102,'UPDATE','MarksByCO','','{\"id\":14,\"offering_id\":13,\"course_id\":13,\"name\":\"Mid-Term\",\"full_marks\":30,\"pass_marks\":10,\"test_type\":null,\"test_date\":null,\"max_marks\":null,\"weightage\":null,\"question_paper_filename\":null,\"has_question_paper_pdf\":false}','{\"test_id\":14,\"student_id\":\"CSB22003\",\"CO1\":3,\"CO2\":11,\"CO3\":11,\"CO4\":0,\"CO5\":0,\"CO6\":0,\"validate_marks\":true}','::1','2026-05-16 19:27:16'),(548,3102,'UPDATE','MarksByCO','','{\"id\":14,\"offering_id\":13,\"course_id\":13,\"name\":\"Mid-Term\",\"full_marks\":30,\"pass_marks\":10,\"test_type\":null,\"test_date\":null,\"max_marks\":null,\"weightage\":null,\"question_paper_filename\":null,\"has_question_paper_pdf\":false}','{\"test_id\":14,\"student_id\":\"CSB22005\",\"CO1\":2,\"CO2\":13,\"CO3\":11,\"CO4\":0,\"CO5\":0,\"CO6\":0,\"validate_marks\":true}','::1','2026-05-16 19:27:16'),(549,3102,'UPDATE','MarksByCO','','{\"id\":14,\"offering_id\":13,\"course_id\":13,\"name\":\"Mid-Term\",\"full_marks\":30,\"pass_marks\":10,\"test_type\":null,\"test_date\":null,\"max_marks\":null,\"weightage\":null,\"question_paper_filename\":null,\"has_question_paper_pdf\":false}','{\"test_id\":14,\"student_id\":\"CSB22006\",\"CO1\":1,\"CO2\":12,\"CO3\":4,\"CO4\":0,\"CO5\":0,\"CO6\":0,\"validate_marks\":true}','::1','2026-05-16 19:27:16'),(550,3102,'UPDATE','MarksByCO','','{\"id\":14,\"offering_id\":13,\"course_id\":13,\"name\":\"Mid-Term\",\"full_marks\":30,\"pass_marks\":10,\"test_type\":null,\"test_date\":null,\"max_marks\":null,\"weightage\":null,\"question_paper_filename\":null,\"has_question_paper_pdf\":false}','{\"test_id\":14,\"student_id\":\"CSB22008\",\"CO1\":0,\"CO2\":2,\"CO3\":1,\"CO4\":0,\"CO5\":0,\"CO6\":0,\"validate_marks\":true}','::1','2026-05-16 19:27:16'),(551,3102,'UPDATE','MarksByCO','','{\"id\":14,\"offering_id\":13,\"course_id\":13,\"name\":\"Mid-Term\",\"full_marks\":30,\"pass_marks\":10,\"test_type\":null,\"test_date\":null,\"max_marks\":null,\"weightage\":null,\"question_paper_filename\":null,\"has_question_paper_pdf\":false}','{\"test_id\":14,\"student_id\":\"CSB22012\",\"CO1\":0,\"CO2\":5,\"CO3\":2,\"CO4\":0,\"CO5\":0,\"CO6\":0,\"validate_marks\":true}','::1','2026-05-16 19:27:16'),(552,3102,'UPDATE','MarksByCO','','{\"id\":14,\"offering_id\":13,\"course_id\":13,\"name\":\"Mid-Term\",\"full_marks\":30,\"pass_marks\":10,\"test_type\":null,\"test_date\":null,\"max_marks\":null,\"weightage\":null,\"question_paper_filename\":null,\"has_question_paper_pdf\":false}','{\"test_id\":14,\"student_id\":\"CSB22015\",\"CO1\":0,\"CO2\":4,\"CO3\":2,\"CO4\":0,\"CO5\":0,\"CO6\":0,\"validate_marks\":true}','::1','2026-05-16 19:27:16'),(553,3102,'UPDATE','MarksByCO','','{\"id\":14,\"offering_id\":13,\"course_id\":13,\"name\":\"Mid-Term\",\"full_marks\":30,\"pass_marks\":10,\"test_type\":null,\"test_date\":null,\"max_marks\":null,\"weightage\":null,\"question_paper_filename\":null,\"has_question_paper_pdf\":false}','{\"test_id\":14,\"student_id\":\"CSB22018\",\"CO1\":0,\"CO2\":9,\"CO3\":2,\"CO4\":0,\"CO5\":0,\"CO6\":0,\"validate_marks\":true}','::1','2026-05-16 19:27:16'),(554,3102,'UPDATE','MarksByCO','','{\"id\":14,\"offering_id\":13,\"course_id\":13,\"name\":\"Mid-Term\",\"full_marks\":30,\"pass_marks\":10,\"test_type\":null,\"test_date\":null,\"max_marks\":null,\"weightage\":null,\"question_paper_filename\":null,\"has_question_paper_pdf\":false}','{\"test_id\":14,\"student_id\":\"CSB22020\",\"CO1\":4,\"CO2\":10,\"CO3\":9,\"CO4\":0,\"CO5\":0,\"CO6\":0,\"validate_marks\":true}','::1','2026-05-16 19:27:16'),(555,3102,'UPDATE','MarksByCO','','{\"id\":14,\"offering_id\":13,\"course_id\":13,\"name\":\"Mid-Term\",\"full_marks\":30,\"pass_marks\":10,\"test_type\":null,\"test_date\":null,\"max_marks\":null,\"weightage\":null,\"question_paper_filename\":null,\"has_question_paper_pdf\":false}','{\"test_id\":14,\"student_id\":\"CSB22021\",\"CO1\":0,\"CO2\":5,\"CO3\":3,\"CO4\":0,\"CO5\":0,\"CO6\":0,\"validate_marks\":true}','::1','2026-05-16 19:27:16'),(556,3102,'UPDATE','MarksByCO','','{\"id\":14,\"offering_id\":13,\"course_id\":13,\"name\":\"Mid-Term\",\"full_marks\":30,\"pass_marks\":10,\"test_type\":null,\"test_date\":null,\"max_marks\":null,\"weightage\":null,\"question_paper_filename\":null,\"has_question_paper_pdf\":false}','{\"test_id\":14,\"student_id\":\"CSB22022\",\"CO1\":0,\"CO2\":11,\"CO3\":2,\"CO4\":0,\"CO5\":0,\"CO6\":0,\"validate_marks\":true}','::1','2026-05-16 19:27:16'),(557,3102,'UPDATE','MarksByCO','','{\"id\":14,\"offering_id\":13,\"course_id\":13,\"name\":\"Mid-Term\",\"full_marks\":30,\"pass_marks\":10,\"test_type\":null,\"test_date\":null,\"max_marks\":null,\"weightage\":null,\"question_paper_filename\":null,\"has_question_paper_pdf\":false}','{\"test_id\":14,\"student_id\":\"CSB22023\",\"CO1\":1,\"CO2\":11,\"CO3\":2,\"CO4\":0,\"CO5\":0,\"CO6\":0,\"validate_marks\":true}','::1','2026-05-16 19:27:16'),(558,3102,'UPDATE','MarksByCO','','{\"id\":14,\"offering_id\":13,\"course_id\":13,\"name\":\"Mid-Term\",\"full_marks\":30,\"pass_marks\":10,\"test_type\":null,\"test_date\":null,\"max_marks\":null,\"weightage\":null,\"question_paper_filename\":null,\"has_question_paper_pdf\":false}','{\"test_id\":14,\"student_id\":\"CSB22024\",\"CO1\":0,\"CO2\":8,\"CO3\":1,\"CO4\":0,\"CO5\":0,\"CO6\":0,\"validate_marks\":true}','::1','2026-05-16 19:27:17'),(559,3102,'UPDATE','MarksByCO','','{\"id\":14,\"offering_id\":13,\"course_id\":13,\"name\":\"Mid-Term\",\"full_marks\":30,\"pass_marks\":10,\"test_type\":null,\"test_date\":null,\"max_marks\":null,\"weightage\":null,\"question_paper_filename\":null,\"has_question_paper_pdf\":false}','{\"test_id\":14,\"student_id\":\"CSB22025\",\"CO1\":0,\"CO2\":11,\"CO3\":2,\"CO4\":0,\"CO5\":0,\"CO6\":0,\"validate_marks\":true}','::1','2026-05-16 19:27:17'),(560,3102,'UPDATE','MarksByCO','','{\"id\":14,\"offering_id\":13,\"course_id\":13,\"name\":\"Mid-Term\",\"full_marks\":30,\"pass_marks\":10,\"test_type\":null,\"test_date\":null,\"max_marks\":null,\"weightage\":null,\"question_paper_filename\":null,\"has_question_paper_pdf\":false}','{\"test_id\":14,\"student_id\":\"CSB22028\",\"CO1\":0,\"CO2\":5,\"CO3\":0,\"CO4\":0,\"CO5\":0,\"CO6\":0,\"validate_marks\":true}','::1','2026-05-16 19:27:17'),(561,3102,'UPDATE','MarksByCO','','{\"id\":14,\"offering_id\":13,\"course_id\":13,\"name\":\"Mid-Term\",\"full_marks\":30,\"pass_marks\":10,\"test_type\":null,\"test_date\":null,\"max_marks\":null,\"weightage\":null,\"question_paper_filename\":null,\"has_question_paper_pdf\":false}','{\"test_id\":14,\"student_id\":\"CSB22031\",\"CO1\":0,\"CO2\":1,\"CO3\":0,\"CO4\":0,\"CO5\":0,\"CO6\":0,\"validate_marks\":true}','::1','2026-05-16 19:27:17'),(562,3102,'UPDATE','MarksByCO','','{\"id\":14,\"offering_id\":13,\"course_id\":13,\"name\":\"Mid-Term\",\"full_marks\":30,\"pass_marks\":10,\"test_type\":null,\"test_date\":null,\"max_marks\":null,\"weightage\":null,\"question_paper_filename\":null,\"has_question_paper_pdf\":false}','{\"test_id\":14,\"student_id\":\"CSB22034\",\"CO1\":0,\"CO2\":9,\"CO3\":3,\"CO4\":0,\"CO5\":0,\"CO6\":0,\"validate_marks\":true}','::1','2026-05-16 19:27:17'),(563,3102,'UPDATE','MarksByCO','','{\"id\":14,\"offering_id\":13,\"course_id\":13,\"name\":\"Mid-Term\",\"full_marks\":30,\"pass_marks\":10,\"test_type\":null,\"test_date\":null,\"max_marks\":null,\"weightage\":null,\"question_paper_filename\":null,\"has_question_paper_pdf\":false}','{\"test_id\":14,\"student_id\":\"CSB22035\",\"CO1\":0,\"CO2\":6,\"CO3\":3,\"CO4\":0,\"CO5\":0,\"CO6\":0,\"validate_marks\":true}','::1','2026-05-16 19:27:17'),(564,3102,'UPDATE','MarksByCO','','{\"id\":14,\"offering_id\":13,\"course_id\":13,\"name\":\"Mid-Term\",\"full_marks\":30,\"pass_marks\":10,\"test_type\":null,\"test_date\":null,\"max_marks\":null,\"weightage\":null,\"question_paper_filename\":null,\"has_question_paper_pdf\":false}','{\"test_id\":14,\"student_id\":\"CSB22036\",\"CO1\":0,\"CO2\":12,\"CO3\":5,\"CO4\":0,\"CO5\":0,\"CO6\":0,\"validate_marks\":true}','::1','2026-05-16 19:27:17'),(565,3102,'UPDATE','MarksByCO','','{\"id\":14,\"offering_id\":13,\"course_id\":13,\"name\":\"Mid-Term\",\"full_marks\":30,\"pass_marks\":10,\"test_type\":null,\"test_date\":null,\"max_marks\":null,\"weightage\":null,\"question_paper_filename\":null,\"has_question_paper_pdf\":false}','{\"test_id\":14,\"student_id\":\"CSB22039\",\"CO1\":0,\"CO2\":1,\"CO3\":0,\"CO4\":0,\"CO5\":0,\"CO6\":0,\"validate_marks\":true}','::1','2026-05-16 19:27:17'),(566,3102,'UPDATE','MarksByCO','','{\"id\":14,\"offering_id\":13,\"course_id\":13,\"name\":\"Mid-Term\",\"full_marks\":30,\"pass_marks\":10,\"test_type\":null,\"test_date\":null,\"max_marks\":null,\"weightage\":null,\"question_paper_filename\":null,\"has_question_paper_pdf\":false}','{\"test_id\":14,\"student_id\":\"CSB22041\",\"CO1\":2,\"CO2\":1,\"CO3\":3,\"CO4\":0,\"CO5\":0,\"CO6\":0,\"validate_marks\":true}','::1','2026-05-16 19:27:17'),(567,3102,'UPDATE','MarksByCO','','{\"id\":14,\"offering_id\":13,\"course_id\":13,\"name\":\"Mid-Term\",\"full_marks\":30,\"pass_marks\":10,\"test_type\":null,\"test_date\":null,\"max_marks\":null,\"weightage\":null,\"question_paper_filename\":null,\"has_question_paper_pdf\":false}','{\"test_id\":14,\"student_id\":\"CSB22042\",\"CO1\":0,\"CO2\":4,\"CO3\":2,\"CO4\":0,\"CO5\":0,\"CO6\":0,\"validate_marks\":true}','::1','2026-05-16 19:27:17'),(568,3102,'UPDATE','MarksByCO','','{\"id\":14,\"offering_id\":13,\"course_id\":13,\"name\":\"Mid-Term\",\"full_marks\":30,\"pass_marks\":10,\"test_type\":null,\"test_date\":null,\"max_marks\":null,\"weightage\":null,\"question_paper_filename\":null,\"has_question_paper_pdf\":false}','{\"test_id\":14,\"student_id\":\"CSB22044\",\"CO1\":1,\"CO2\":3,\"CO3\":1,\"CO4\":0,\"CO5\":0,\"CO6\":0,\"validate_marks\":true}','::1','2026-05-16 19:27:17'),(569,3102,'UPDATE','MarksByCO','','{\"id\":14,\"offering_id\":13,\"course_id\":13,\"name\":\"Mid-Term\",\"full_marks\":30,\"pass_marks\":10,\"test_type\":null,\"test_date\":null,\"max_marks\":null,\"weightage\":null,\"question_paper_filename\":null,\"has_question_paper_pdf\":false}','{\"test_id\":14,\"student_id\":\"CSB22045\",\"CO1\":1,\"CO2\":1,\"CO3\":0,\"CO4\":0,\"CO5\":0,\"CO6\":0,\"validate_marks\":true}','::1','2026-05-16 19:27:17'),(570,3102,'UPDATE','MarksByCO','','{\"id\":14,\"offering_id\":13,\"course_id\":13,\"name\":\"Mid-Term\",\"full_marks\":30,\"pass_marks\":10,\"test_type\":null,\"test_date\":null,\"max_marks\":null,\"weightage\":null,\"question_paper_filename\":null,\"has_question_paper_pdf\":false}','{\"test_id\":14,\"student_id\":\"CSB22046\",\"CO1\":1,\"CO2\":7,\"CO3\":3,\"CO4\":0,\"CO5\":0,\"CO6\":0,\"validate_marks\":true}','::1','2026-05-16 19:27:17'),(571,3102,'UPDATE','MarksByCO','','{\"id\":14,\"offering_id\":13,\"course_id\":13,\"name\":\"Mid-Term\",\"full_marks\":30,\"pass_marks\":10,\"test_type\":null,\"test_date\":null,\"max_marks\":null,\"weightage\":null,\"question_paper_filename\":null,\"has_question_paper_pdf\":false}','{\"test_id\":14,\"student_id\":\"CSB22047\",\"CO1\":1,\"CO2\":4,\"CO3\":2,\"CO4\":0,\"CO5\":0,\"CO6\":0,\"validate_marks\":true}','::1','2026-05-16 19:27:17'),(572,3102,'UPDATE','MarksByCO','','{\"id\":14,\"offering_id\":13,\"course_id\":13,\"name\":\"Mid-Term\",\"full_marks\":30,\"pass_marks\":10,\"test_type\":null,\"test_date\":null,\"max_marks\":null,\"weightage\":null,\"question_paper_filename\":null,\"has_question_paper_pdf\":false}','{\"test_id\":14,\"student_id\":\"CSB22048\",\"CO1\":1,\"CO2\":12,\"CO3\":8,\"CO4\":0,\"CO5\":0,\"CO6\":0,\"validate_marks\":true}','::1','2026-05-16 19:27:17'),(573,3102,'UPDATE','MarksByCO','','{\"id\":14,\"offering_id\":13,\"course_id\":13,\"name\":\"Mid-Term\",\"full_marks\":30,\"pass_marks\":10,\"test_type\":null,\"test_date\":null,\"max_marks\":null,\"weightage\":null,\"question_paper_filename\":null,\"has_question_paper_pdf\":false}','{\"test_id\":14,\"student_id\":\"CSB22049\",\"CO1\":0,\"CO2\":6,\"CO3\":0,\"CO4\":0,\"CO5\":0,\"CO6\":0,\"validate_marks\":true}','::1','2026-05-16 19:27:17'),(574,3102,'UPDATE','MarksByCO','','{\"id\":14,\"offering_id\":13,\"course_id\":13,\"name\":\"Mid-Term\",\"full_marks\":30,\"pass_marks\":10,\"test_type\":null,\"test_date\":null,\"max_marks\":null,\"weightage\":null,\"question_paper_filename\":null,\"has_question_paper_pdf\":false}','{\"test_id\":14,\"student_id\":\"CSB22051\",\"CO1\":0,\"CO2\":5,\"CO3\":1,\"CO4\":0,\"CO5\":0,\"CO6\":0,\"validate_marks\":true}','::1','2026-05-16 19:27:17'),(575,3102,'UPDATE','MarksByCO','','{\"id\":14,\"offering_id\":13,\"course_id\":13,\"name\":\"Mid-Term\",\"full_marks\":30,\"pass_marks\":10,\"test_type\":null,\"test_date\":null,\"max_marks\":null,\"weightage\":null,\"question_paper_filename\":null,\"has_question_paper_pdf\":false}','{\"test_id\":14,\"student_id\":\"CSB22052\",\"CO1\":0,\"CO2\":7,\"CO3\":5,\"CO4\":0,\"CO5\":0,\"CO6\":0,\"validate_marks\":true}','::1','2026-05-16 19:27:17'),(576,3102,'UPDATE','MarksByCO','','{\"id\":14,\"offering_id\":13,\"course_id\":13,\"name\":\"Mid-Term\",\"full_marks\":30,\"pass_marks\":10,\"test_type\":null,\"test_date\":null,\"max_marks\":null,\"weightage\":null,\"question_paper_filename\":null,\"has_question_paper_pdf\":false}','{\"test_id\":14,\"student_id\":\"CSB22053\",\"CO1\":0,\"CO2\":5,\"CO3\":3,\"CO4\":0,\"CO5\":0,\"CO6\":0,\"validate_marks\":true}','::1','2026-05-16 19:27:17'),(577,3102,'UPDATE','MarksByCO','','{\"id\":14,\"offering_id\":13,\"course_id\":13,\"name\":\"Mid-Term\",\"full_marks\":30,\"pass_marks\":10,\"test_type\":null,\"test_date\":null,\"max_marks\":null,\"weightage\":null,\"question_paper_filename\":null,\"has_question_paper_pdf\":false}','{\"test_id\":14,\"student_id\":\"CSB22054\",\"CO1\":0,\"CO2\":8,\"CO3\":3,\"CO4\":0,\"CO5\":0,\"CO6\":0,\"validate_marks\":true}','::1','2026-05-16 19:27:17'),(578,3102,'UPDATE','MarksByCO','','{\"id\":14,\"offering_id\":13,\"course_id\":13,\"name\":\"Mid-Term\",\"full_marks\":30,\"pass_marks\":10,\"test_type\":null,\"test_date\":null,\"max_marks\":null,\"weightage\":null,\"question_paper_filename\":null,\"has_question_paper_pdf\":false}','{\"test_id\":14,\"student_id\":\"CSB22055\",\"CO1\":4,\"CO2\":9,\"CO3\":8,\"CO4\":0,\"CO5\":0,\"CO6\":0,\"validate_marks\":true}','::1','2026-05-16 19:27:17'),(579,3102,'UPDATE','MarksByCO','','{\"id\":14,\"offering_id\":13,\"course_id\":13,\"name\":\"Mid-Term\",\"full_marks\":30,\"pass_marks\":10,\"test_type\":null,\"test_date\":null,\"max_marks\":null,\"weightage\":null,\"question_paper_filename\":null,\"has_question_paper_pdf\":false}','{\"test_id\":14,\"student_id\":\"CSB22056\",\"CO1\":1,\"CO2\":7,\"CO3\":9,\"CO4\":0,\"CO5\":0,\"CO6\":0,\"validate_marks\":true}','::1','2026-05-16 19:27:18'),(580,3102,'UPDATE','MarksByCO','','{\"id\":14,\"offering_id\":13,\"course_id\":13,\"name\":\"Mid-Term\",\"full_marks\":30,\"pass_marks\":10,\"test_type\":null,\"test_date\":null,\"max_marks\":null,\"weightage\":null,\"question_paper_filename\":null,\"has_question_paper_pdf\":false}','{\"test_id\":14,\"student_id\":\"CSB22057\",\"CO1\":1,\"CO2\":7,\"CO3\":1,\"CO4\":0,\"CO5\":0,\"CO6\":0,\"validate_marks\":true}','::1','2026-05-16 19:27:18'),(581,3102,'UPDATE','MarksByCO','','{\"id\":14,\"offering_id\":13,\"course_id\":13,\"name\":\"Mid-Term\",\"full_marks\":30,\"pass_marks\":10,\"test_type\":null,\"test_date\":null,\"max_marks\":null,\"weightage\":null,\"question_paper_filename\":null,\"has_question_paper_pdf\":false}','{\"test_id\":14,\"student_id\":\"CSB22058\",\"CO1\":2,\"CO2\":2,\"CO3\":3,\"CO4\":0,\"CO5\":0,\"CO6\":0,\"validate_marks\":true}','::1','2026-05-16 19:27:18'),(582,3102,'UPDATE','MarksByCO','','{\"id\":14,\"offering_id\":13,\"course_id\":13,\"name\":\"Mid-Term\",\"full_marks\":30,\"pass_marks\":10,\"test_type\":null,\"test_date\":null,\"max_marks\":null,\"weightage\":null,\"question_paper_filename\":null,\"has_question_paper_pdf\":false}','{\"test_id\":14,\"student_id\":\"CSB22059\",\"CO1\":1,\"CO2\":12,\"CO3\":3,\"CO4\":0,\"CO5\":0,\"CO6\":0,\"validate_marks\":true}','::1','2026-05-16 19:27:18'),(583,3102,'UPDATE','MarksByCO','','{\"id\":14,\"offering_id\":13,\"course_id\":13,\"name\":\"Mid-Term\",\"full_marks\":30,\"pass_marks\":10,\"test_type\":null,\"test_date\":null,\"max_marks\":null,\"weightage\":null,\"question_paper_filename\":null,\"has_question_paper_pdf\":false}','{\"test_id\":14,\"student_id\":\"CSB22060\",\"CO1\":0,\"CO2\":12,\"CO3\":2,\"CO4\":0,\"CO5\":0,\"CO6\":0,\"validate_marks\":true}','::1','2026-05-16 19:27:18'),(584,3102,'UPDATE','MarksByCO','','{\"id\":14,\"offering_id\":13,\"course_id\":13,\"name\":\"Mid-Term\",\"full_marks\":30,\"pass_marks\":10,\"test_type\":null,\"test_date\":null,\"max_marks\":null,\"weightage\":null,\"question_paper_filename\":null,\"has_question_paper_pdf\":false}','{\"test_id\":14,\"student_id\":\"CSB22061\",\"CO1\":0,\"CO2\":6,\"CO3\":0,\"CO4\":0,\"CO5\":0,\"CO6\":0,\"validate_marks\":true}','::1','2026-05-16 19:27:18'),(585,3102,'UPDATE','MarksByCO','','{\"id\":14,\"offering_id\":13,\"course_id\":13,\"name\":\"Mid-Term\",\"full_marks\":30,\"pass_marks\":10,\"test_type\":null,\"test_date\":null,\"max_marks\":null,\"weightage\":null,\"question_paper_filename\":null,\"has_question_paper_pdf\":false}','{\"test_id\":14,\"student_id\":\"CSB22062\",\"CO1\":1,\"CO2\":5,\"CO3\":3,\"CO4\":0,\"CO5\":0,\"CO6\":0,\"validate_marks\":true}','::1','2026-05-16 19:27:18'),(586,3102,'UPDATE','MarksByCO','','{\"id\":14,\"offering_id\":13,\"course_id\":13,\"name\":\"Mid-Term\",\"full_marks\":30,\"pass_marks\":10,\"test_type\":null,\"test_date\":null,\"max_marks\":null,\"weightage\":null,\"question_paper_filename\":null,\"has_question_paper_pdf\":false}','{\"test_id\":14,\"student_id\":\"CSB22063\",\"CO1\":0,\"CO2\":8,\"CO3\":0,\"CO4\":0,\"CO5\":0,\"CO6\":0,\"validate_marks\":true}','::1','2026-05-16 19:27:18'),(587,3102,'UPDATE','MarksByCO','','{\"id\":14,\"offering_id\":13,\"course_id\":13,\"name\":\"Mid-Term\",\"full_marks\":30,\"pass_marks\":10,\"test_type\":null,\"test_date\":null,\"max_marks\":null,\"weightage\":null,\"question_paper_filename\":null,\"has_question_paper_pdf\":false}','{\"test_id\":14,\"student_id\":\"CSB22064\",\"CO1\":4,\"CO2\":14,\"CO3\":9,\"CO4\":0,\"CO5\":0,\"CO6\":0,\"validate_marks\":true}','::1','2026-05-16 19:27:18'),(588,3102,'UPDATE','MarksByCO','','{\"id\":14,\"offering_id\":13,\"course_id\":13,\"name\":\"Mid-Term\",\"full_marks\":30,\"pass_marks\":10,\"test_type\":null,\"test_date\":null,\"max_marks\":null,\"weightage\":null,\"question_paper_filename\":null,\"has_question_paper_pdf\":false}','{\"test_id\":14,\"student_id\":\"CSB22065\",\"CO1\":2,\"CO2\":4,\"CO3\":2,\"CO4\":0,\"CO5\":0,\"CO6\":0,\"validate_marks\":true}','::1','2026-05-16 19:27:18'),(589,3102,'UPDATE','MarksByCO','','{\"id\":14,\"offering_id\":13,\"course_id\":13,\"name\":\"Mid-Term\",\"full_marks\":30,\"pass_marks\":10,\"test_type\":null,\"test_date\":null,\"max_marks\":null,\"weightage\":null,\"question_paper_filename\":null,\"has_question_paper_pdf\":false}','{\"test_id\":14,\"student_id\":\"CSB22067\",\"CO1\":2,\"CO2\":5,\"CO3\":6,\"CO4\":0,\"CO5\":0,\"CO6\":0,\"validate_marks\":true}','::1','2026-05-16 19:27:18'),(590,3102,'UPDATE','MarksByCO','','{\"id\":14,\"offering_id\":13,\"course_id\":13,\"name\":\"Mid-Term\",\"full_marks\":30,\"pass_marks\":10,\"test_type\":null,\"test_date\":null,\"max_marks\":null,\"weightage\":null,\"question_paper_filename\":null,\"has_question_paper_pdf\":false}','{\"test_id\":14,\"student_id\":\"CSB22069\",\"CO1\":4,\"CO2\":5,\"CO3\":10,\"CO4\":0,\"CO5\":0,\"CO6\":0,\"validate_marks\":true}','::1','2026-05-16 19:27:18'),(591,3102,'UPDATE','MarksByCO','','{\"id\":14,\"offering_id\":13,\"course_id\":13,\"name\":\"Mid-Term\",\"full_marks\":30,\"pass_marks\":10,\"test_type\":null,\"test_date\":null,\"max_marks\":null,\"weightage\":null,\"question_paper_filename\":null,\"has_question_paper_pdf\":false}','{\"test_id\":14,\"student_id\":\"CSB22070\",\"CO1\":4,\"CO2\":7,\"CO3\":2,\"CO4\":0,\"CO5\":0,\"CO6\":0,\"validate_marks\":true}','::1','2026-05-16 19:27:18'),(592,3102,'UPDATE','MarksByCO','','{\"id\":14,\"offering_id\":13,\"course_id\":13,\"name\":\"Mid-Term\",\"full_marks\":30,\"pass_marks\":10,\"test_type\":null,\"test_date\":null,\"max_marks\":null,\"weightage\":null,\"question_paper_filename\":null,\"has_question_paper_pdf\":false}','{\"test_id\":14,\"student_id\":\"CSB22071\",\"CO1\":0,\"CO2\":9,\"CO3\":6,\"CO4\":0,\"CO5\":0,\"CO6\":0,\"validate_marks\":true}','::1','2026-05-16 19:27:18'),(593,3102,'UPDATE','MarksByCO','','{\"id\":14,\"offering_id\":13,\"course_id\":13,\"name\":\"Mid-Term\",\"full_marks\":30,\"pass_marks\":10,\"test_type\":null,\"test_date\":null,\"max_marks\":null,\"weightage\":null,\"question_paper_filename\":null,\"has_question_paper_pdf\":false}','{\"test_id\":14,\"student_id\":\"CSB22072\",\"CO1\":0,\"CO2\":8,\"CO3\":4,\"CO4\":0,\"CO5\":0,\"CO6\":0,\"validate_marks\":true}','::1','2026-05-16 19:27:18'),(594,3102,'UPDATE','MarksByCO','','{\"id\":14,\"offering_id\":13,\"course_id\":13,\"name\":\"Mid-Term\",\"full_marks\":30,\"pass_marks\":10,\"test_type\":null,\"test_date\":null,\"max_marks\":null,\"weightage\":null,\"question_paper_filename\":null,\"has_question_paper_pdf\":false}','{\"test_id\":14,\"student_id\":\"CSB22073\",\"CO1\":0,\"CO2\":8,\"CO3\":1,\"CO4\":0,\"CO5\":0,\"CO6\":0,\"validate_marks\":true}','::1','2026-05-16 19:27:18'),(595,3102,'UPDATE','MarksByCO','','{\"id\":14,\"offering_id\":13,\"course_id\":13,\"name\":\"Mid-Term\",\"full_marks\":30,\"pass_marks\":10,\"test_type\":null,\"test_date\":null,\"max_marks\":null,\"weightage\":null,\"question_paper_filename\":null,\"has_question_paper_pdf\":false}','{\"test_id\":14,\"student_id\":\"CSB22075\",\"CO1\":1,\"CO2\":3,\"CO3\":1,\"CO4\":0,\"CO5\":0,\"CO6\":0,\"validate_marks\":true}','::1','2026-05-16 19:27:18'),(596,3102,'UPDATE','MarksByCO','','{\"id\":14,\"offering_id\":13,\"course_id\":13,\"name\":\"Mid-Term\",\"full_marks\":30,\"pass_marks\":10,\"test_type\":null,\"test_date\":null,\"max_marks\":null,\"weightage\":null,\"question_paper_filename\":null,\"has_question_paper_pdf\":false}','{\"test_id\":14,\"student_id\":\"CSB22076\",\"CO1\":1,\"CO2\":5,\"CO3\":2,\"CO4\":0,\"CO5\":0,\"CO6\":0,\"validate_marks\":true}','::1','2026-05-16 19:27:18'),(597,3102,'UPDATE','MarksByCO','','{\"id\":14,\"offering_id\":13,\"course_id\":13,\"name\":\"Mid-Term\",\"full_marks\":30,\"pass_marks\":10,\"test_type\":null,\"test_date\":null,\"max_marks\":null,\"weightage\":null,\"question_paper_filename\":null,\"has_question_paper_pdf\":false}','{\"test_id\":14,\"student_id\":\"CSB22078\",\"CO1\":1,\"CO2\":10,\"CO3\":3,\"CO4\":0,\"CO5\":0,\"CO6\":0,\"validate_marks\":true}','::1','2026-05-16 19:27:18'),(598,3102,'UPDATE','MarksByCO','','{\"id\":14,\"offering_id\":13,\"course_id\":13,\"name\":\"Mid-Term\",\"full_marks\":30,\"pass_marks\":10,\"test_type\":null,\"test_date\":null,\"max_marks\":null,\"weightage\":null,\"question_paper_filename\":null,\"has_question_paper_pdf\":false}','{\"test_id\":14,\"student_id\":\"CSB22079\",\"CO1\":0,\"CO2\":4,\"CO3\":0,\"CO4\":0,\"CO5\":0,\"CO6\":0,\"validate_marks\":true}','::1','2026-05-16 19:27:18'),(599,3102,'UPDATE','MarksByCO','','{\"id\":14,\"offering_id\":13,\"course_id\":13,\"name\":\"Mid-Term\",\"full_marks\":30,\"pass_marks\":10,\"test_type\":null,\"test_date\":null,\"max_marks\":null,\"weightage\":null,\"question_paper_filename\":null,\"has_question_paper_pdf\":false}','{\"test_id\":14,\"student_id\":\"CSB22080\",\"CO1\":0,\"CO2\":6,\"CO3\":3,\"CO4\":0,\"CO5\":0,\"CO6\":0,\"validate_marks\":true}','::1','2026-05-16 19:27:19'),(600,3102,'UPDATE','MarksByCO','','{\"id\":14,\"offering_id\":13,\"course_id\":13,\"name\":\"Mid-Term\",\"full_marks\":30,\"pass_marks\":10,\"test_type\":null,\"test_date\":null,\"max_marks\":null,\"weightage\":null,\"question_paper_filename\":null,\"has_question_paper_pdf\":false}','{\"test_id\":14,\"student_id\":\"CSB22081\",\"CO1\":2,\"CO2\":11,\"CO3\":6,\"CO4\":0,\"CO5\":0,\"CO6\":0,\"validate_marks\":true}','::1','2026-05-16 19:27:19'),(601,3102,'UPDATE','MarksByCO','','{\"id\":14,\"offering_id\":13,\"course_id\":13,\"name\":\"Mid-Term\",\"full_marks\":30,\"pass_marks\":10,\"test_type\":null,\"test_date\":null,\"max_marks\":null,\"weightage\":null,\"question_paper_filename\":null,\"has_question_paper_pdf\":false}','{\"test_id\":14,\"student_id\":\"CSB22082\",\"CO1\":0,\"CO2\":5,\"CO3\":0,\"CO4\":0,\"CO5\":0,\"CO6\":0,\"validate_marks\":true}','::1','2026-05-16 19:27:19'),(602,3102,'UPDATE','MarksByCO','','{\"id\":14,\"offering_id\":13,\"course_id\":13,\"name\":\"Mid-Term\",\"full_marks\":30,\"pass_marks\":10,\"test_type\":null,\"test_date\":null,\"max_marks\":null,\"weightage\":null,\"question_paper_filename\":null,\"has_question_paper_pdf\":false}','{\"test_id\":14,\"student_id\":\"CSB22083\",\"CO1\":0,\"CO2\":5,\"CO3\":0,\"CO4\":0,\"CO5\":0,\"CO6\":0,\"validate_marks\":true}','::1','2026-05-16 19:27:19'),(603,3102,'UPDATE','MarksByCO','','{\"id\":14,\"offering_id\":13,\"course_id\":13,\"name\":\"Mid-Term\",\"full_marks\":30,\"pass_marks\":10,\"test_type\":null,\"test_date\":null,\"max_marks\":null,\"weightage\":null,\"question_paper_filename\":null,\"has_question_paper_pdf\":false}','{\"test_id\":14,\"student_id\":\"CSB22084\",\"CO1\":0,\"CO2\":10,\"CO3\":4,\"CO4\":0,\"CO5\":0,\"CO6\":0,\"validate_marks\":true}','::1','2026-05-16 19:27:19'),(604,3102,'UPDATE','MarksByCO','','{\"id\":14,\"offering_id\":13,\"course_id\":13,\"name\":\"Mid-Term\",\"full_marks\":30,\"pass_marks\":10,\"test_type\":null,\"test_date\":null,\"max_marks\":null,\"weightage\":null,\"question_paper_filename\":null,\"has_question_paper_pdf\":false}','{\"test_id\":14,\"student_id\":\"CSB23201\",\"CO1\":0,\"CO2\":3,\"CO3\":2,\"CO4\":0,\"CO5\":0,\"CO6\":0,\"validate_marks\":true}','::1','2026-05-16 19:27:19'),(605,3102,'UPDATE','MarksByCO','','{\"id\":14,\"offering_id\":13,\"course_id\":13,\"name\":\"Mid-Term\",\"full_marks\":30,\"pass_marks\":10,\"test_type\":null,\"test_date\":null,\"max_marks\":null,\"weightage\":null,\"question_paper_filename\":null,\"has_question_paper_pdf\":false}','{\"test_id\":14,\"student_id\":\"CSB23202\",\"CO1\":0,\"CO2\":11,\"CO3\":2,\"CO4\":0,\"CO5\":0,\"CO6\":0,\"validate_marks\":true}','::1','2026-05-16 19:27:19'),(606,3102,'UPDATE','MarksByCO','','{\"id\":14,\"offering_id\":13,\"course_id\":13,\"name\":\"Mid-Term\",\"full_marks\":30,\"pass_marks\":10,\"test_type\":null,\"test_date\":null,\"max_marks\":null,\"weightage\":null,\"question_paper_filename\":null,\"has_question_paper_pdf\":false}','{\"test_id\":14,\"student_id\":\"CSB23203\",\"CO1\":0,\"CO2\":1,\"CO3\":1,\"CO4\":0,\"CO5\":0,\"CO6\":0,\"validate_marks\":true}','::1','2026-05-16 19:27:19'),(607,3102,'UPDATE','MarksByCO','','{\"id\":14,\"offering_id\":13,\"course_id\":13,\"name\":\"Mid-Term\",\"full_marks\":30,\"pass_marks\":10,\"test_type\":null,\"test_date\":null,\"max_marks\":null,\"weightage\":null,\"question_paper_filename\":null,\"has_question_paper_pdf\":false}','{\"test_id\":14,\"student_id\":\"CSB23204\",\"CO1\":0,\"CO2\":10,\"CO3\":6,\"CO4\":0,\"CO5\":0,\"CO6\":0,\"validate_marks\":true}','::1','2026-05-16 19:27:19'),(608,3102,'UPDATE','MarksByCO','','{\"id\":14,\"offering_id\":13,\"course_id\":13,\"name\":\"Mid-Term\",\"full_marks\":30,\"pass_marks\":10,\"test_type\":null,\"test_date\":null,\"max_marks\":null,\"weightage\":null,\"question_paper_filename\":null,\"has_question_paper_pdf\":false}','{\"test_id\":14,\"student_id\":\"CSB23205\",\"CO1\":0,\"CO2\":1,\"CO3\":0,\"CO4\":0,\"CO5\":0,\"CO6\":0,\"validate_marks\":true}','::1','2026-05-16 19:27:19'),(609,3102,'UPDATE','MarksByCO','','{\"id\":14,\"offering_id\":13,\"course_id\":13,\"name\":\"Mid-Term\",\"full_marks\":30,\"pass_marks\":10,\"test_type\":null,\"test_date\":null,\"max_marks\":null,\"weightage\":null,\"question_paper_filename\":null,\"has_question_paper_pdf\":false}','{\"test_id\":14,\"student_id\":\"CSB23206\",\"CO1\":0,\"CO2\":12,\"CO3\":2,\"CO4\":0,\"CO5\":0,\"CO6\":0,\"validate_marks\":true}','::1','2026-05-16 19:27:19'),(610,3102,'UPDATE','MarksByCO','','{\"id\":14,\"offering_id\":13,\"course_id\":13,\"name\":\"Mid-Term\",\"full_marks\":30,\"pass_marks\":10,\"test_type\":null,\"test_date\":null,\"max_marks\":null,\"weightage\":null,\"question_paper_filename\":null,\"has_question_paper_pdf\":false}','{\"test_id\":14,\"student_id\":\"CSB23207\",\"CO1\":0,\"CO2\":8,\"CO3\":4,\"CO4\":0,\"CO5\":0,\"CO6\":0,\"validate_marks\":true}','::1','2026-05-16 19:27:19'),(611,3102,'UPDATE','MarksByCO','','{\"id\":13,\"offering_id\":13,\"course_id\":13,\"name\":\"Test-1\",\"full_marks\":10,\"pass_marks\":3,\"test_type\":null,\"test_date\":null,\"max_marks\":null,\"weightage\":null,\"question_paper_filename\":null,\"has_question_paper_pdf\":false}','{\"test_id\":13,\"student_id\":\"CSB22002\",\"CO1\":9,\"CO2\":0,\"CO3\":0,\"CO4\":0,\"CO5\":0,\"CO6\":0,\"validate_marks\":true}','::1','2026-05-16 19:27:31'),(612,3102,'UPDATE','MarksByCO','','{\"id\":13,\"offering_id\":13,\"course_id\":13,\"name\":\"Test-1\",\"full_marks\":10,\"pass_marks\":3,\"test_type\":null,\"test_date\":null,\"max_marks\":null,\"weightage\":null,\"question_paper_filename\":null,\"has_question_paper_pdf\":false}','{\"test_id\":13,\"student_id\":\"CSB22003\",\"CO1\":9,\"CO2\":0,\"CO3\":0,\"CO4\":0,\"CO5\":0,\"CO6\":0,\"validate_marks\":true}','::1','2026-05-16 19:27:31'),(613,3102,'UPDATE','MarksByCO','','{\"id\":13,\"offering_id\":13,\"course_id\":13,\"name\":\"Test-1\",\"full_marks\":10,\"pass_marks\":3,\"test_type\":null,\"test_date\":null,\"max_marks\":null,\"weightage\":null,\"question_paper_filename\":null,\"has_question_paper_pdf\":false}','{\"test_id\":13,\"student_id\":\"CSB22005\",\"CO1\":4,\"CO2\":0,\"CO3\":0,\"CO4\":0,\"CO5\":0,\"CO6\":0,\"validate_marks\":true}','::1','2026-05-16 19:27:31'),(614,3102,'UPDATE','MarksByCO','','{\"id\":13,\"offering_id\":13,\"course_id\":13,\"name\":\"Test-1\",\"full_marks\":10,\"pass_marks\":3,\"test_type\":null,\"test_date\":null,\"max_marks\":null,\"weightage\":null,\"question_paper_filename\":null,\"has_question_paper_pdf\":false}','{\"test_id\":13,\"student_id\":\"CSB22006\",\"CO1\":7,\"CO2\":0,\"CO3\":0,\"CO4\":0,\"CO5\":0,\"CO6\":0,\"validate_marks\":true}','::1','2026-05-16 19:27:31'),(615,3102,'UPDATE','MarksByCO','','{\"id\":13,\"offering_id\":13,\"course_id\":13,\"name\":\"Test-1\",\"full_marks\":10,\"pass_marks\":3,\"test_type\":null,\"test_date\":null,\"max_marks\":null,\"weightage\":null,\"question_paper_filename\":null,\"has_question_paper_pdf\":false}','{\"test_id\":13,\"student_id\":\"CSB22008\",\"CO1\":1,\"CO2\":0,\"CO3\":0,\"CO4\":0,\"CO5\":0,\"CO6\":0,\"validate_marks\":true}','::1','2026-05-16 19:27:31'),(616,3102,'UPDATE','MarksByCO','','{\"id\":13,\"offering_id\":13,\"course_id\":13,\"name\":\"Test-1\",\"full_marks\":10,\"pass_marks\":3,\"test_type\":null,\"test_date\":null,\"max_marks\":null,\"weightage\":null,\"question_paper_filename\":null,\"has_question_paper_pdf\":false}','{\"test_id\":13,\"student_id\":\"CSB22012\",\"CO1\":6,\"CO2\":0,\"CO3\":0,\"CO4\":0,\"CO5\":0,\"CO6\":0,\"validate_marks\":true}','::1','2026-05-16 19:27:31'),(617,3102,'UPDATE','MarksByCO','','{\"id\":13,\"offering_id\":13,\"course_id\":13,\"name\":\"Test-1\",\"full_marks\":10,\"pass_marks\":3,\"test_type\":null,\"test_date\":null,\"max_marks\":null,\"weightage\":null,\"question_paper_filename\":null,\"has_question_paper_pdf\":false}','{\"test_id\":13,\"student_id\":\"CSB22015\",\"CO1\":5,\"CO2\":0,\"CO3\":0,\"CO4\":0,\"CO5\":0,\"CO6\":0,\"validate_marks\":true}','::1','2026-05-16 19:27:31'),(618,3102,'UPDATE','MarksByCO','','{\"id\":13,\"offering_id\":13,\"course_id\":13,\"name\":\"Test-1\",\"full_marks\":10,\"pass_marks\":3,\"test_type\":null,\"test_date\":null,\"max_marks\":null,\"weightage\":null,\"question_paper_filename\":null,\"has_question_paper_pdf\":false}','{\"test_id\":13,\"student_id\":\"CSB22018\",\"CO1\":8,\"CO2\":0,\"CO3\":0,\"CO4\":0,\"CO5\":0,\"CO6\":0,\"validate_marks\":true}','::1','2026-05-16 19:27:31'),(619,3102,'UPDATE','MarksByCO','','{\"id\":13,\"offering_id\":13,\"course_id\":13,\"name\":\"Test-1\",\"full_marks\":10,\"pass_marks\":3,\"test_type\":null,\"test_date\":null,\"max_marks\":null,\"weightage\":null,\"question_paper_filename\":null,\"has_question_paper_pdf\":false}','{\"test_id\":13,\"student_id\":\"CSB22020\",\"CO1\":6,\"CO2\":0,\"CO3\":0,\"CO4\":0,\"CO5\":0,\"CO6\":0,\"validate_marks\":true}','::1','2026-05-16 19:27:31'),(620,3102,'UPDATE','MarksByCO','','{\"id\":13,\"offering_id\":13,\"course_id\":13,\"name\":\"Test-1\",\"full_marks\":10,\"pass_marks\":3,\"test_type\":null,\"test_date\":null,\"max_marks\":null,\"weightage\":null,\"question_paper_filename\":null,\"has_question_paper_pdf\":false}','{\"test_id\":13,\"student_id\":\"CSB22021\",\"CO1\":8,\"CO2\":0,\"CO3\":0,\"CO4\":0,\"CO5\":0,\"CO6\":0,\"validate_marks\":true}','::1','2026-05-16 19:27:31'),(621,3102,'UPDATE','MarksByCO','','{\"id\":13,\"offering_id\":13,\"course_id\":13,\"name\":\"Test-1\",\"full_marks\":10,\"pass_marks\":3,\"test_type\":null,\"test_date\":null,\"max_marks\":null,\"weightage\":null,\"question_paper_filename\":null,\"has_question_paper_pdf\":false}','{\"test_id\":13,\"student_id\":\"CSB22022\",\"CO1\":8,\"CO2\":0,\"CO3\":0,\"CO4\":0,\"CO5\":0,\"CO6\":0,\"validate_marks\":true}','::1','2026-05-16 19:27:31'),(622,3102,'UPDATE','MarksByCO','','{\"id\":13,\"offering_id\":13,\"course_id\":13,\"name\":\"Test-1\",\"full_marks\":10,\"pass_marks\":3,\"test_type\":null,\"test_date\":null,\"max_marks\":null,\"weightage\":null,\"question_paper_filename\":null,\"has_question_paper_pdf\":false}','{\"test_id\":13,\"student_id\":\"CSB22023\",\"CO1\":9,\"CO2\":0,\"CO3\":0,\"CO4\":0,\"CO5\":0,\"CO6\":0,\"validate_marks\":true}','::1','2026-05-16 19:27:31'),(623,3102,'UPDATE','MarksByCO','','{\"id\":13,\"offering_id\":13,\"course_id\":13,\"name\":\"Test-1\",\"full_marks\":10,\"pass_marks\":3,\"test_type\":null,\"test_date\":null,\"max_marks\":null,\"weightage\":null,\"question_paper_filename\":null,\"has_question_paper_pdf\":false}','{\"test_id\":13,\"student_id\":\"CSB22024\",\"CO1\":6,\"CO2\":0,\"CO3\":0,\"CO4\":0,\"CO5\":0,\"CO6\":0,\"validate_marks\":true}','::1','2026-05-16 19:27:31'),(624,3102,'UPDATE','MarksByCO','','{\"id\":13,\"offering_id\":13,\"course_id\":13,\"name\":\"Test-1\",\"full_marks\":10,\"pass_marks\":3,\"test_type\":null,\"test_date\":null,\"max_marks\":null,\"weightage\":null,\"question_paper_filename\":null,\"has_question_paper_pdf\":false}','{\"test_id\":13,\"student_id\":\"CSB22025\",\"CO1\":8,\"CO2\":0,\"CO3\":0,\"CO4\":0,\"CO5\":0,\"CO6\":0,\"validate_marks\":true}','::1','2026-05-16 19:27:31'),(625,3102,'UPDATE','MarksByCO','','{\"id\":13,\"offering_id\":13,\"course_id\":13,\"name\":\"Test-1\",\"full_marks\":10,\"pass_marks\":3,\"test_type\":null,\"test_date\":null,\"max_marks\":null,\"weightage\":null,\"question_paper_filename\":null,\"has_question_paper_pdf\":false}','{\"test_id\":13,\"student_id\":\"CSB22028\",\"CO1\":2,\"CO2\":0,\"CO3\":0,\"CO4\":0,\"CO5\":0,\"CO6\":0,\"validate_marks\":true}','::1','2026-05-16 19:27:31'),(626,3102,'UPDATE','MarksByCO','','{\"id\":13,\"offering_id\":13,\"course_id\":13,\"name\":\"Test-1\",\"full_marks\":10,\"pass_marks\":3,\"test_type\":null,\"test_date\":null,\"max_marks\":null,\"weightage\":null,\"question_paper_filename\":null,\"has_question_paper_pdf\":false}','{\"test_id\":13,\"student_id\":\"CSB22031\",\"CO1\":2,\"CO2\":0,\"CO3\":0,\"CO4\":0,\"CO5\":0,\"CO6\":0,\"validate_marks\":true}','::1','2026-05-16 19:27:31'),(627,3102,'UPDATE','MarksByCO','','{\"id\":13,\"offering_id\":13,\"course_id\":13,\"name\":\"Test-1\",\"full_marks\":10,\"pass_marks\":3,\"test_type\":null,\"test_date\":null,\"max_marks\":null,\"weightage\":null,\"question_paper_filename\":null,\"has_question_paper_pdf\":false}','{\"test_id\":13,\"student_id\":\"CSB22034\",\"CO1\":7,\"CO2\":0,\"CO3\":0,\"CO4\":0,\"CO5\":0,\"CO6\":0,\"validate_marks\":true}','::1','2026-05-16 19:27:31'),(628,3102,'UPDATE','MarksByCO','','{\"id\":13,\"offering_id\":13,\"course_id\":13,\"name\":\"Test-1\",\"full_marks\":10,\"pass_marks\":3,\"test_type\":null,\"test_date\":null,\"max_marks\":null,\"weightage\":null,\"question_paper_filename\":null,\"has_question_paper_pdf\":false}','{\"test_id\":13,\"student_id\":\"CSB22035\",\"CO1\":2,\"CO2\":0,\"CO3\":0,\"CO4\":0,\"CO5\":0,\"CO6\":0,\"validate_marks\":true}','::1','2026-05-16 19:27:31'),(629,3102,'UPDATE','MarksByCO','','{\"id\":13,\"offering_id\":13,\"course_id\":13,\"name\":\"Test-1\",\"full_marks\":10,\"pass_marks\":3,\"test_type\":null,\"test_date\":null,\"max_marks\":null,\"weightage\":null,\"question_paper_filename\":null,\"has_question_paper_pdf\":false}','{\"test_id\":13,\"student_id\":\"CSB22036\",\"CO1\":7,\"CO2\":0,\"CO3\":0,\"CO4\":0,\"CO5\":0,\"CO6\":0,\"validate_marks\":true}','::1','2026-05-16 19:27:32'),(630,3102,'UPDATE','MarksByCO','','{\"id\":13,\"offering_id\":13,\"course_id\":13,\"name\":\"Test-1\",\"full_marks\":10,\"pass_marks\":3,\"test_type\":null,\"test_date\":null,\"max_marks\":null,\"weightage\":null,\"question_paper_filename\":null,\"has_question_paper_pdf\":false}','{\"test_id\":13,\"student_id\":\"CSB22039\",\"CO1\":2,\"CO2\":0,\"CO3\":0,\"CO4\":0,\"CO5\":0,\"CO6\":0,\"validate_marks\":true}','::1','2026-05-16 19:27:32'),(631,3102,'UPDATE','MarksByCO','','{\"id\":13,\"offering_id\":13,\"course_id\":13,\"name\":\"Test-1\",\"full_marks\":10,\"pass_marks\":3,\"test_type\":null,\"test_date\":null,\"max_marks\":null,\"weightage\":null,\"question_paper_filename\":null,\"has_question_paper_pdf\":false}','{\"test_id\":13,\"student_id\":\"CSB22041\",\"CO1\":5,\"CO2\":0,\"CO3\":0,\"CO4\":0,\"CO5\":0,\"CO6\":0,\"validate_marks\":true}','::1','2026-05-16 19:27:32'),(632,3102,'UPDATE','MarksByCO','','{\"id\":13,\"offering_id\":13,\"course_id\":13,\"name\":\"Test-1\",\"full_marks\":10,\"pass_marks\":3,\"test_type\":null,\"test_date\":null,\"max_marks\":null,\"weightage\":null,\"question_paper_filename\":null,\"has_question_paper_pdf\":false}','{\"test_id\":13,\"student_id\":\"CSB22042\",\"CO1\":6,\"CO2\":0,\"CO3\":0,\"CO4\":0,\"CO5\":0,\"CO6\":0,\"validate_marks\":true}','::1','2026-05-16 19:27:32'),(633,3102,'UPDATE','MarksByCO','','{\"id\":13,\"offering_id\":13,\"course_id\":13,\"name\":\"Test-1\",\"full_marks\":10,\"pass_marks\":3,\"test_type\":null,\"test_date\":null,\"max_marks\":null,\"weightage\":null,\"question_paper_filename\":null,\"has_question_paper_pdf\":false}','{\"test_id\":13,\"student_id\":\"CSB22044\",\"CO1\":6,\"CO2\":0,\"CO3\":0,\"CO4\":0,\"CO5\":0,\"CO6\":0,\"validate_marks\":true}','::1','2026-05-16 19:27:32'),(634,3102,'UPDATE','MarksByCO','','{\"id\":13,\"offering_id\":13,\"course_id\":13,\"name\":\"Test-1\",\"full_marks\":10,\"pass_marks\":3,\"test_type\":null,\"test_date\":null,\"max_marks\":null,\"weightage\":null,\"question_paper_filename\":null,\"has_question_paper_pdf\":false}','{\"test_id\":13,\"student_id\":\"CSB22045\",\"CO1\":2,\"CO2\":0,\"CO3\":0,\"CO4\":0,\"CO5\":0,\"CO6\":0,\"validate_marks\":true}','::1','2026-05-16 19:27:32'),(635,3102,'UPDATE','MarksByCO','','{\"id\":13,\"offering_id\":13,\"course_id\":13,\"name\":\"Test-1\",\"full_marks\":10,\"pass_marks\":3,\"test_type\":null,\"test_date\":null,\"max_marks\":null,\"weightage\":null,\"question_paper_filename\":null,\"has_question_paper_pdf\":false}','{\"test_id\":13,\"student_id\":\"CSB22046\",\"CO1\":8,\"CO2\":0,\"CO3\":0,\"CO4\":0,\"CO5\":0,\"CO6\":0,\"validate_marks\":true}','::1','2026-05-16 19:27:32'),(636,3102,'UPDATE','MarksByCO','','{\"id\":13,\"offering_id\":13,\"course_id\":13,\"name\":\"Test-1\",\"full_marks\":10,\"pass_marks\":3,\"test_type\":null,\"test_date\":null,\"max_marks\":null,\"weightage\":null,\"question_paper_filename\":null,\"has_question_paper_pdf\":false}','{\"test_id\":13,\"student_id\":\"CSB22047\",\"CO1\":5,\"CO2\":0,\"CO3\":0,\"CO4\":0,\"CO5\":0,\"CO6\":0,\"validate_marks\":true}','::1','2026-05-16 19:27:32'),(637,3102,'UPDATE','MarksByCO','','{\"id\":13,\"offering_id\":13,\"course_id\":13,\"name\":\"Test-1\",\"full_marks\":10,\"pass_marks\":3,\"test_type\":null,\"test_date\":null,\"max_marks\":null,\"weightage\":null,\"question_paper_filename\":null,\"has_question_paper_pdf\":false}','{\"test_id\":13,\"student_id\":\"CSB22048\",\"CO1\":6,\"CO2\":0,\"CO3\":0,\"CO4\":0,\"CO5\":0,\"CO6\":0,\"validate_marks\":true}','::1','2026-05-16 19:27:32'),(638,3102,'UPDATE','MarksByCO','','{\"id\":13,\"offering_id\":13,\"course_id\":13,\"name\":\"Test-1\",\"full_marks\":10,\"pass_marks\":3,\"test_type\":null,\"test_date\":null,\"max_marks\":null,\"weightage\":null,\"question_paper_filename\":null,\"has_question_paper_pdf\":false}','{\"test_id\":13,\"student_id\":\"CSB22049\",\"CO1\":4,\"CO2\":0,\"CO3\":0,\"CO4\":0,\"CO5\":0,\"CO6\":0,\"validate_marks\":true}','::1','2026-05-16 19:27:32'),(639,3102,'UPDATE','MarksByCO','','{\"id\":13,\"offering_id\":13,\"course_id\":13,\"name\":\"Test-1\",\"full_marks\":10,\"pass_marks\":3,\"test_type\":null,\"test_date\":null,\"max_marks\":null,\"weightage\":null,\"question_paper_filename\":null,\"has_question_paper_pdf\":false}','{\"test_id\":13,\"student_id\":\"CSB22051\",\"CO1\":8,\"CO2\":0,\"CO3\":0,\"CO4\":0,\"CO5\":0,\"CO6\":0,\"validate_marks\":true}','::1','2026-05-16 19:27:32'),(640,3102,'UPDATE','MarksByCO','','{\"id\":13,\"offering_id\":13,\"course_id\":13,\"name\":\"Test-1\",\"full_marks\":10,\"pass_marks\":3,\"test_type\":null,\"test_date\":null,\"max_marks\":null,\"weightage\":null,\"question_paper_filename\":null,\"has_question_paper_pdf\":false}','{\"test_id\":13,\"student_id\":\"CSB22052\",\"CO1\":5,\"CO2\":0,\"CO3\":0,\"CO4\":0,\"CO5\":0,\"CO6\":0,\"validate_marks\":true}','::1','2026-05-16 19:27:32'),(641,3102,'UPDATE','MarksByCO','','{\"id\":13,\"offering_id\":13,\"course_id\":13,\"name\":\"Test-1\",\"full_marks\":10,\"pass_marks\":3,\"test_type\":null,\"test_date\":null,\"max_marks\":null,\"weightage\":null,\"question_paper_filename\":null,\"has_question_paper_pdf\":false}','{\"test_id\":13,\"student_id\":\"CSB22053\",\"CO1\":6,\"CO2\":0,\"CO3\":0,\"CO4\":0,\"CO5\":0,\"CO6\":0,\"validate_marks\":true}','::1','2026-05-16 19:27:32'),(642,3102,'UPDATE','MarksByCO','','{\"id\":13,\"offering_id\":13,\"course_id\":13,\"name\":\"Test-1\",\"full_marks\":10,\"pass_marks\":3,\"test_type\":null,\"test_date\":null,\"max_marks\":null,\"weightage\":null,\"question_paper_filename\":null,\"has_question_paper_pdf\":false}','{\"test_id\":13,\"student_id\":\"CSB22054\",\"CO1\":9,\"CO2\":0,\"CO3\":0,\"CO4\":0,\"CO5\":0,\"CO6\":0,\"validate_marks\":true}','::1','2026-05-16 19:27:32'),(643,3102,'UPDATE','MarksByCO','','{\"id\":13,\"offering_id\":13,\"course_id\":13,\"name\":\"Test-1\",\"full_marks\":10,\"pass_marks\":3,\"test_type\":null,\"test_date\":null,\"max_marks\":null,\"weightage\":null,\"question_paper_filename\":null,\"has_question_paper_pdf\":false}','{\"test_id\":13,\"student_id\":\"CSB22055\",\"CO1\":8,\"CO2\":0,\"CO3\":0,\"CO4\":0,\"CO5\":0,\"CO6\":0,\"validate_marks\":true}','::1','2026-05-16 19:27:32'),(644,3102,'UPDATE','MarksByCO','','{\"id\":13,\"offering_id\":13,\"course_id\":13,\"name\":\"Test-1\",\"full_marks\":10,\"pass_marks\":3,\"test_type\":null,\"test_date\":null,\"max_marks\":null,\"weightage\":null,\"question_paper_filename\":null,\"has_question_paper_pdf\":false}','{\"test_id\":13,\"student_id\":\"CSB22056\",\"CO1\":7,\"CO2\":0,\"CO3\":0,\"CO4\":0,\"CO5\":0,\"CO6\":0,\"validate_marks\":true}','::1','2026-05-16 19:27:32'),(645,3102,'UPDATE','MarksByCO','','{\"id\":13,\"offering_id\":13,\"course_id\":13,\"name\":\"Test-1\",\"full_marks\":10,\"pass_marks\":3,\"test_type\":null,\"test_date\":null,\"max_marks\":null,\"weightage\":null,\"question_paper_filename\":null,\"has_question_paper_pdf\":false}','{\"test_id\":13,\"student_id\":\"CSB22057\",\"CO1\":5,\"CO2\":0,\"CO3\":0,\"CO4\":0,\"CO5\":0,\"CO6\":0,\"validate_marks\":true}','::1','2026-05-16 19:27:32'),(646,3102,'UPDATE','MarksByCO','','{\"id\":13,\"offering_id\":13,\"course_id\":13,\"name\":\"Test-1\",\"full_marks\":10,\"pass_marks\":3,\"test_type\":null,\"test_date\":null,\"max_marks\":null,\"weightage\":null,\"question_paper_filename\":null,\"has_question_paper_pdf\":false}','{\"test_id\":13,\"student_id\":\"CSB22058\",\"CO1\":6,\"CO2\":0,\"CO3\":0,\"CO4\":0,\"CO5\":0,\"CO6\":0,\"validate_marks\":true}','::1','2026-05-16 19:27:32'),(647,3102,'UPDATE','MarksByCO','','{\"id\":13,\"offering_id\":13,\"course_id\":13,\"name\":\"Test-1\",\"full_marks\":10,\"pass_marks\":3,\"test_type\":null,\"test_date\":null,\"max_marks\":null,\"weightage\":null,\"question_paper_filename\":null,\"has_question_paper_pdf\":false}','{\"test_id\":13,\"student_id\":\"CSB22059\",\"CO1\":7,\"CO2\":0,\"CO3\":0,\"CO4\":0,\"CO5\":0,\"CO6\":0,\"validate_marks\":true}','::1','2026-05-16 19:27:32'),(648,3102,'UPDATE','MarksByCO','','{\"id\":13,\"offering_id\":13,\"course_id\":13,\"name\":\"Test-1\",\"full_marks\":10,\"pass_marks\":3,\"test_type\":null,\"test_date\":null,\"max_marks\":null,\"weightage\":null,\"question_paper_filename\":null,\"has_question_paper_pdf\":false}','{\"test_id\":13,\"student_id\":\"CSB22060\",\"CO1\":5,\"CO2\":0,\"CO3\":0,\"CO4\":0,\"CO5\":0,\"CO6\":0,\"validate_marks\":true}','::1','2026-05-16 19:27:32'),(649,3102,'UPDATE','MarksByCO','','{\"id\":13,\"offering_id\":13,\"course_id\":13,\"name\":\"Test-1\",\"full_marks\":10,\"pass_marks\":3,\"test_type\":null,\"test_date\":null,\"max_marks\":null,\"weightage\":null,\"question_paper_filename\":null,\"has_question_paper_pdf\":false}','{\"test_id\":13,\"student_id\":\"CSB22061\",\"CO1\":6,\"CO2\":0,\"CO3\":0,\"CO4\":0,\"CO5\":0,\"CO6\":0,\"validate_marks\":true}','::1','2026-05-16 19:27:32'),(650,3102,'UPDATE','MarksByCO','','{\"id\":13,\"offering_id\":13,\"course_id\":13,\"name\":\"Test-1\",\"full_marks\":10,\"pass_marks\":3,\"test_type\":null,\"test_date\":null,\"max_marks\":null,\"weightage\":null,\"question_paper_filename\":null,\"has_question_paper_pdf\":false}','{\"test_id\":13,\"student_id\":\"CSB22062\",\"CO1\":7,\"CO2\":0,\"CO3\":0,\"CO4\":0,\"CO5\":0,\"CO6\":0,\"validate_marks\":true}','::1','2026-05-16 19:27:33'),(651,3102,'UPDATE','MarksByCO','','{\"id\":13,\"offering_id\":13,\"course_id\":13,\"name\":\"Test-1\",\"full_marks\":10,\"pass_marks\":3,\"test_type\":null,\"test_date\":null,\"max_marks\":null,\"weightage\":null,\"question_paper_filename\":null,\"has_question_paper_pdf\":false}','{\"test_id\":13,\"student_id\":\"CSB22063\",\"CO1\":3,\"CO2\":0,\"CO3\":0,\"CO4\":0,\"CO5\":0,\"CO6\":0,\"validate_marks\":true}','::1','2026-05-16 19:27:33'),(652,3102,'UPDATE','MarksByCO','','{\"id\":13,\"offering_id\":13,\"course_id\":13,\"name\":\"Test-1\",\"full_marks\":10,\"pass_marks\":3,\"test_type\":null,\"test_date\":null,\"max_marks\":null,\"weightage\":null,\"question_paper_filename\":null,\"has_question_paper_pdf\":false}','{\"test_id\":13,\"student_id\":\"CSB22064\",\"CO1\":9,\"CO2\":0,\"CO3\":0,\"CO4\":0,\"CO5\":0,\"CO6\":0,\"validate_marks\":true}','::1','2026-05-16 19:27:33'),(653,3102,'UPDATE','MarksByCO','','{\"id\":13,\"offering_id\":13,\"course_id\":13,\"name\":\"Test-1\",\"full_marks\":10,\"pass_marks\":3,\"test_type\":null,\"test_date\":null,\"max_marks\":null,\"weightage\":null,\"question_paper_filename\":null,\"has_question_paper_pdf\":false}','{\"test_id\":13,\"student_id\":\"CSB22065\",\"CO1\":8,\"CO2\":0,\"CO3\":0,\"CO4\":0,\"CO5\":0,\"CO6\":0,\"validate_marks\":true}','::1','2026-05-16 19:27:33'),(654,3102,'UPDATE','MarksByCO','','{\"id\":13,\"offering_id\":13,\"course_id\":13,\"name\":\"Test-1\",\"full_marks\":10,\"pass_marks\":3,\"test_type\":null,\"test_date\":null,\"max_marks\":null,\"weightage\":null,\"question_paper_filename\":null,\"has_question_paper_pdf\":false}','{\"test_id\":13,\"student_id\":\"CSB22067\",\"CO1\":4,\"CO2\":0,\"CO3\":0,\"CO4\":0,\"CO5\":0,\"CO6\":0,\"validate_marks\":true}','::1','2026-05-16 19:27:33'),(655,3102,'UPDATE','MarksByCO','','{\"id\":13,\"offering_id\":13,\"course_id\":13,\"name\":\"Test-1\",\"full_marks\":10,\"pass_marks\":3,\"test_type\":null,\"test_date\":null,\"max_marks\":null,\"weightage\":null,\"question_paper_filename\":null,\"has_question_paper_pdf\":false}','{\"test_id\":13,\"student_id\":\"CSB22069\",\"CO1\":6,\"CO2\":0,\"CO3\":0,\"CO4\":0,\"CO5\":0,\"CO6\":0,\"validate_marks\":true}','::1','2026-05-16 19:27:33'),(656,3102,'UPDATE','MarksByCO','','{\"id\":13,\"offering_id\":13,\"course_id\":13,\"name\":\"Test-1\",\"full_marks\":10,\"pass_marks\":3,\"test_type\":null,\"test_date\":null,\"max_marks\":null,\"weightage\":null,\"question_paper_filename\":null,\"has_question_paper_pdf\":false}','{\"test_id\":13,\"student_id\":\"CSB22070\",\"CO1\":7,\"CO2\":0,\"CO3\":0,\"CO4\":0,\"CO5\":0,\"CO6\":0,\"validate_marks\":true}','::1','2026-05-16 19:27:33'),(657,3102,'UPDATE','MarksByCO','','{\"id\":13,\"offering_id\":13,\"course_id\":13,\"name\":\"Test-1\",\"full_marks\":10,\"pass_marks\":3,\"test_type\":null,\"test_date\":null,\"max_marks\":null,\"weightage\":null,\"question_paper_filename\":null,\"has_question_paper_pdf\":false}','{\"test_id\":13,\"student_id\":\"CSB22071\",\"CO1\":5,\"CO2\":0,\"CO3\":0,\"CO4\":0,\"CO5\":0,\"CO6\":0,\"validate_marks\":true}','::1','2026-05-16 19:27:33'),(658,3102,'UPDATE','MarksByCO','','{\"id\":13,\"offering_id\":13,\"course_id\":13,\"name\":\"Test-1\",\"full_marks\":10,\"pass_marks\":3,\"test_type\":null,\"test_date\":null,\"max_marks\":null,\"weightage\":null,\"question_paper_filename\":null,\"has_question_paper_pdf\":false}','{\"test_id\":13,\"student_id\":\"CSB22072\",\"CO1\":6,\"CO2\":0,\"CO3\":0,\"CO4\":0,\"CO5\":0,\"CO6\":0,\"validate_marks\":true}','::1','2026-05-16 19:27:33'),(659,3102,'UPDATE','MarksByCO','','{\"id\":13,\"offering_id\":13,\"course_id\":13,\"name\":\"Test-1\",\"full_marks\":10,\"pass_marks\":3,\"test_type\":null,\"test_date\":null,\"max_marks\":null,\"weightage\":null,\"question_paper_filename\":null,\"has_question_paper_pdf\":false}','{\"test_id\":13,\"student_id\":\"CSB22073\",\"CO1\":7,\"CO2\":0,\"CO3\":0,\"CO4\":0,\"CO5\":0,\"CO6\":0,\"validate_marks\":true}','::1','2026-05-16 19:27:33'),(660,3102,'UPDATE','MarksByCO','','{\"id\":13,\"offering_id\":13,\"course_id\":13,\"name\":\"Test-1\",\"full_marks\":10,\"pass_marks\":3,\"test_type\":null,\"test_date\":null,\"max_marks\":null,\"weightage\":null,\"question_paper_filename\":null,\"has_question_paper_pdf\":false}','{\"test_id\":13,\"student_id\":\"CSB22075\",\"CO1\":7,\"CO2\":0,\"CO3\":0,\"CO4\":0,\"CO5\":0,\"CO6\":0,\"validate_marks\":true}','::1','2026-05-16 19:27:33'),(661,3102,'UPDATE','MarksByCO','','{\"id\":13,\"offering_id\":13,\"course_id\":13,\"name\":\"Test-1\",\"full_marks\":10,\"pass_marks\":3,\"test_type\":null,\"test_date\":null,\"max_marks\":null,\"weightage\":null,\"question_paper_filename\":null,\"has_question_paper_pdf\":false}','{\"test_id\":13,\"student_id\":\"CSB22076\",\"CO1\":4,\"CO2\":0,\"CO3\":0,\"CO4\":0,\"CO5\":0,\"CO6\":0,\"validate_marks\":true}','::1','2026-05-16 19:27:33'),(662,3102,'UPDATE','MarksByCO','','{\"id\":13,\"offering_id\":13,\"course_id\":13,\"name\":\"Test-1\",\"full_marks\":10,\"pass_marks\":3,\"test_type\":null,\"test_date\":null,\"max_marks\":null,\"weightage\":null,\"question_paper_filename\":null,\"has_question_paper_pdf\":false}','{\"test_id\":13,\"student_id\":\"CSB22078\",\"CO1\":6,\"CO2\":0,\"CO3\":0,\"CO4\":0,\"CO5\":0,\"CO6\":0,\"validate_marks\":true}','::1','2026-05-16 19:27:33'),(663,3102,'UPDATE','MarksByCO','','{\"id\":13,\"offering_id\":13,\"course_id\":13,\"name\":\"Test-1\",\"full_marks\":10,\"pass_marks\":3,\"test_type\":null,\"test_date\":null,\"max_marks\":null,\"weightage\":null,\"question_paper_filename\":null,\"has_question_paper_pdf\":false}','{\"test_id\":13,\"student_id\":\"CSB22079\",\"CO1\":9,\"CO2\":0,\"CO3\":0,\"CO4\":0,\"CO5\":0,\"CO6\":0,\"validate_marks\":true}','::1','2026-05-16 19:27:33'),(664,3102,'UPDATE','MarksByCO','','{\"id\":13,\"offering_id\":13,\"course_id\":13,\"name\":\"Test-1\",\"full_marks\":10,\"pass_marks\":3,\"test_type\":null,\"test_date\":null,\"max_marks\":null,\"weightage\":null,\"question_paper_filename\":null,\"has_question_paper_pdf\":false}','{\"test_id\":13,\"student_id\":\"CSB22080\",\"CO1\":4,\"CO2\":0,\"CO3\":0,\"CO4\":0,\"CO5\":0,\"CO6\":0,\"validate_marks\":true}','::1','2026-05-16 19:27:33'),(665,3102,'UPDATE','MarksByCO','','{\"id\":13,\"offering_id\":13,\"course_id\":13,\"name\":\"Test-1\",\"full_marks\":10,\"pass_marks\":3,\"test_type\":null,\"test_date\":null,\"max_marks\":null,\"weightage\":null,\"question_paper_filename\":null,\"has_question_paper_pdf\":false}','{\"test_id\":13,\"student_id\":\"CSB22081\",\"CO1\":6,\"CO2\":0,\"CO3\":0,\"CO4\":0,\"CO5\":0,\"CO6\":0,\"validate_marks\":true}','::1','2026-05-16 19:27:33'),(666,3102,'UPDATE','MarksByCO','','{\"id\":13,\"offering_id\":13,\"course_id\":13,\"name\":\"Test-1\",\"full_marks\":10,\"pass_marks\":3,\"test_type\":null,\"test_date\":null,\"max_marks\":null,\"weightage\":null,\"question_paper_filename\":null,\"has_question_paper_pdf\":false}','{\"test_id\":13,\"student_id\":\"CSB22082\",\"CO1\":6,\"CO2\":0,\"CO3\":0,\"CO4\":0,\"CO5\":0,\"CO6\":0,\"validate_marks\":true}','::1','2026-05-16 19:27:33'),(667,3102,'UPDATE','MarksByCO','','{\"id\":13,\"offering_id\":13,\"course_id\":13,\"name\":\"Test-1\",\"full_marks\":10,\"pass_marks\":3,\"test_type\":null,\"test_date\":null,\"max_marks\":null,\"weightage\":null,\"question_paper_filename\":null,\"has_question_paper_pdf\":false}','{\"test_id\":13,\"student_id\":\"CSB22083\",\"CO1\":6,\"CO2\":0,\"CO3\":0,\"CO4\":0,\"CO5\":0,\"CO6\":0,\"validate_marks\":true}','::1','2026-05-16 19:27:33'),(668,3102,'UPDATE','MarksByCO','','{\"id\":13,\"offering_id\":13,\"course_id\":13,\"name\":\"Test-1\",\"full_marks\":10,\"pass_marks\":3,\"test_type\":null,\"test_date\":null,\"max_marks\":null,\"weightage\":null,\"question_paper_filename\":null,\"has_question_paper_pdf\":false}','{\"test_id\":13,\"student_id\":\"CSB22084\",\"CO1\":6,\"CO2\":0,\"CO3\":0,\"CO4\":0,\"CO5\":0,\"CO6\":0,\"validate_marks\":true}','::1','2026-05-16 19:27:33'),(669,3102,'UPDATE','MarksByCO','','{\"id\":13,\"offering_id\":13,\"course_id\":13,\"name\":\"Test-1\",\"full_marks\":10,\"pass_marks\":3,\"test_type\":null,\"test_date\":null,\"max_marks\":null,\"weightage\":null,\"question_paper_filename\":null,\"has_question_paper_pdf\":false}','{\"test_id\":13,\"student_id\":\"CSB23201\",\"CO1\":4,\"CO2\":0,\"CO3\":0,\"CO4\":0,\"CO5\":0,\"CO6\":0,\"validate_marks\":true}','::1','2026-05-16 19:27:33'),(670,3102,'UPDATE','MarksByCO','','{\"id\":13,\"offering_id\":13,\"course_id\":13,\"name\":\"Test-1\",\"full_marks\":10,\"pass_marks\":3,\"test_type\":null,\"test_date\":null,\"max_marks\":null,\"weightage\":null,\"question_paper_filename\":null,\"has_question_paper_pdf\":false}','{\"test_id\":13,\"student_id\":\"CSB23202\",\"CO1\":8,\"CO2\":0,\"CO3\":0,\"CO4\":0,\"CO5\":0,\"CO6\":0,\"validate_marks\":true}','::1','2026-05-16 19:27:33'),(671,3102,'UPDATE','MarksByCO','','{\"id\":13,\"offering_id\":13,\"course_id\":13,\"name\":\"Test-1\",\"full_marks\":10,\"pass_marks\":3,\"test_type\":null,\"test_date\":null,\"max_marks\":null,\"weightage\":null,\"question_paper_filename\":null,\"has_question_paper_pdf\":false}','{\"test_id\":13,\"student_id\":\"CSB23203\",\"CO1\":9,\"CO2\":0,\"CO3\":0,\"CO4\":0,\"CO5\":0,\"CO6\":0,\"validate_marks\":true}','::1','2026-05-16 19:27:34'),(672,3102,'UPDATE','MarksByCO','','{\"id\":13,\"offering_id\":13,\"course_id\":13,\"name\":\"Test-1\",\"full_marks\":10,\"pass_marks\":3,\"test_type\":null,\"test_date\":null,\"max_marks\":null,\"weightage\":null,\"question_paper_filename\":null,\"has_question_paper_pdf\":false}','{\"test_id\":13,\"student_id\":\"CSB23204\",\"CO1\":9,\"CO2\":0,\"CO3\":0,\"CO4\":0,\"CO5\":0,\"CO6\":0,\"validate_marks\":true}','::1','2026-05-16 19:27:34'),(673,3102,'UPDATE','MarksByCO','','{\"id\":13,\"offering_id\":13,\"course_id\":13,\"name\":\"Test-1\",\"full_marks\":10,\"pass_marks\":3,\"test_type\":null,\"test_date\":null,\"max_marks\":null,\"weightage\":null,\"question_paper_filename\":null,\"has_question_paper_pdf\":false}','{\"test_id\":13,\"student_id\":\"CSB23205\",\"CO1\":6,\"CO2\":0,\"CO3\":0,\"CO4\":0,\"CO5\":0,\"CO6\":0,\"validate_marks\":true}','::1','2026-05-16 19:27:34'),(674,3102,'UPDATE','MarksByCO','','{\"id\":13,\"offering_id\":13,\"course_id\":13,\"name\":\"Test-1\",\"full_marks\":10,\"pass_marks\":3,\"test_type\":null,\"test_date\":null,\"max_marks\":null,\"weightage\":null,\"question_paper_filename\":null,\"has_question_paper_pdf\":false}','{\"test_id\":13,\"student_id\":\"CSB23206\",\"CO1\":8,\"CO2\":0,\"CO3\":0,\"CO4\":0,\"CO5\":0,\"CO6\":0,\"validate_marks\":true}','::1','2026-05-16 19:27:34'),(675,3102,'UPDATE','MarksByCO','','{\"id\":13,\"offering_id\":13,\"course_id\":13,\"name\":\"Test-1\",\"full_marks\":10,\"pass_marks\":3,\"test_type\":null,\"test_date\":null,\"max_marks\":null,\"weightage\":null,\"question_paper_filename\":null,\"has_question_paper_pdf\":false}','{\"test_id\":13,\"student_id\":\"CSB23207\",\"CO1\":9,\"CO2\":0,\"CO3\":0,\"CO4\":0,\"CO5\":0,\"CO6\":0,\"validate_marks\":true}','::1','2026-05-16 19:27:34'),(676,3102,'UPDATE','CoPoMatrix','',NULL,'{\"mappings\":[]}','::1','2026-05-16 19:27:46'),(677,3102,'UPDATE','CoPoMatrix','',NULL,'{\"mappings\":[{\"co\":\"CO1\",\"po\":\"PO1\",\"value\":2},{\"co\":\"CO2\",\"po\":\"PO1\",\"value\":2},{\"co\":\"CO2\",\"po\":\"PO2\",\"value\":2},{\"co\":\"CO2\",\"po\":\"PO3\",\"value\":1},{\"co\":\"CO2\",\"po\":\"PO5\",\"value\":2},{\"co\":\"CO2\",\"po\":\"PO6\",\"value\":1},{\"co\":\"CO2\",\"po\":\"PO12\",\"value\":1},{\"co\":\"CO3\",\"po\":\"PO1\",\"value\":1},{\"co\":\"CO3\",\"po\":\"PO2\",\"value\":2},{\"co\":\"CO3\",\"po\":\"PO3\",\"value\":2},{\"co\":\"CO3\",\"po\":\"PO4\",\"value\":2},{\"co\":\"CO3\",\"po\":\"PO7\",\"value\":1},{\"co\":\"CO3\",\"po\":\"PO8\",\"value\":1},{\"co\":\"CO3\",\"po\":\"PSO2\",\"value\":2},{\"co\":\"CO4\",\"po\":\"PO1\",\"value\":2},{\"co\":\"CO4\",\"po\":\"PO4\",\"value\":2},{\"co\":\"CO4\",\"po\":\"PO5\",\"value\":2},{\"co\":\"CO4\",\"po\":\"PO6\",\"value\":1},{\"co\":\"CO4\",\"po\":\"PSO2\",\"value\":2}]}','::1','2026-05-16 19:27:54'),(678,7000001,'','CourseOffering','10','{\"status\":\"concluded\"}','{\"status\":\"active\"}','::1','2026-05-17 08:54:48'),(679,7000001,'','CourseOffering','10','{\"status\":\"concluded\"}','{\"status\":\"active\"}','::1','2026-05-17 12:03:44'),(680,3101,'UPDATE','Config','',NULL,'{\"offering_id\":10,\"co_threshold\":55,\"passing_threshold\":30,\"direct_weightage\":100,\"indirect_weightage\":0,\"attainment_thresholds\":[{\"id\":10,\"percentage\":70},{\"id\":11,\"percentage\":60},{\"id\":12,\"percentage\":50}]}','::1','2026-05-18 19:33:27'),(681,3101,'UPDATE','Config','',NULL,'{\"offering_id\":10,\"co_threshold\":55,\"passing_threshold\":30,\"direct_weightage\":80,\"indirect_weightage\":20,\"attainment_thresholds\":[{\"id\":13,\"percentage\":70},{\"id\":14,\"percentage\":60},{\"id\":15,\"percentage\":50}]}','::1','2026-05-18 19:33:42'),(682,7000001,'','CourseOffering','10','{\"status\":\"concluded\"}','{\"status\":\"active\"}','::1','2026-05-19 11:32:35'),(683,3101,'CREATE','Assessment','',NULL,'{\"offering_id\":10,\"name\":\"End-Term\",\"full_marks\":50,\"pass_marks\":17,\"questions\":[{\"question_number\":1,\"sub_question\":\"\",\"is_optional\":false,\"co\":1,\"max_marks\":10},{\"question_number\":2,\"sub_question\":\"a\",\"is_optional\":false,\"co\":1,\"max_marks\":10},{\"question_number\":2,\"sub_question\":\"b\",\"is_optional\":false,\"co\":1,\"max_marks\":10},{\"question_number\":3,\"sub_question\":\"\",\"is_optional\":false,\"co\":1,\"max_marks\":5},{\"question_number\":4,\"sub_question\":\"\",\"is_optional\":false,\"co\":1,\"max_marks\":5},{\"question_number\":5,\"sub_question\":\"\",\"is_optional\":false,\"co\":1,\"max_marks\":10}]}','::1','2026-05-19 11:37:22'),(684,3101,'DELETE','Test','',NULL,NULL,'::1','2026-05-19 11:37:40'),(685,3101,'UPDATE','Student','',NULL,NULL,'::1','2026-05-19 11:38:22'),(686,3101,'UPDATE','Config','',NULL,'{\"offering_id\":10,\"co_threshold\":55,\"passing_threshold\":30,\"direct_weightage\":80,\"indirect_weightage\":20,\"attainment_thresholds\":[{\"id\":16,\"percentage\":70},{\"id\":17,\"percentage\":60},{\"id\":18,\"percentage\":50}]}','::1','2026-05-22 12:51:04');
/*!40000 ALTER TABLE `audit_logs` ENABLE KEYS */;
UNLOCK TABLES;

--
-- Table structure for table `co_po_mapping`
--

DROP TABLE IF EXISTS `co_po_mapping`;
/*!40101 SET @saved_cs_client     = @@character_set_client */;
/*!40101 SET character_set_client = utf8 */;
CREATE TABLE `co_po_mapping` (
  `id` bigint(20) NOT NULL AUTO_INCREMENT,
  `offering_id` bigint(20) NOT NULL,
  `co_number` tinyint(4) NOT NULL CHECK (`co_number` between 1 and 6),
  `po_name` varchar(5) NOT NULL,
  `value` tinyint(4) NOT NULL DEFAULT 0 CHECK (`value` between 0 and 3),
  PRIMARY KEY (`id`),
  UNIQUE KEY `unique_mapping` (`offering_id`,`co_number`,`po_name`),
  CONSTRAINT `co_po_mapping_ibfk_1` FOREIGN KEY (`offering_id`) REFERENCES `course_offerings` (`offering_id`) ON DELETE CASCADE
) ENGINE=InnoDB AUTO_INCREMENT=90 DEFAULT CHARSET=utf8mb4 COLLATE=utf8mb4_unicode_ci;
/*!40101 SET character_set_client = @saved_cs_client */;

--
-- Dumping data for table `co_po_mapping`
--

LOCK TABLES `co_po_mapping` WRITE;
/*!40000 ALTER TABLE `co_po_mapping` DISABLE KEYS */;
INSERT INTO `co_po_mapping` VALUES (1,1,1,'PO1',3),(2,1,1,'PO2',2),(3,1,1,'PO5',1),(4,1,2,'PO1',2),(5,1,2,'PO2',3),(6,1,2,'PO3',1),(7,1,3,'PO2',2),(8,1,3,'PO3',3),(9,1,3,'PO5',2),(10,1,4,'PO1',1),(11,1,4,'PO3',2),(12,1,4,'PO5',3),(13,2,1,'PO1',3),(14,2,1,'PO2',2),(15,2,2,'PO1',2),(16,2,2,'PO2',3),(17,2,2,'PO3',2),(18,2,3,'PO2',2),(19,2,3,'PO3',3),(20,2,4,'PO3',2),(21,2,4,'PO5',2),(22,3,1,'PO1',3),(23,3,1,'PO2',1),(24,3,2,'PO1',2),(25,3,2,'PO2',3),(26,3,2,'PO3',1),(27,3,3,'PO2',2),(28,3,3,'PO3',3),(29,3,3,'PO5',1),(30,3,4,'PO3',2),(31,3,4,'PO5',3),(32,10,1,'PO1',3),(33,10,1,'PO2',2),(34,10,1,'PO5',2),(35,10,1,'PO12',1),(36,10,1,'PSO3',1),(37,10,2,'PO1',3),(38,10,2,'PO2',3),(39,10,2,'PO3',2),(40,10,2,'PO4',3),(41,10,2,'PO5',3),(42,10,2,'PO7',1),(43,10,2,'PO12',1),(44,10,2,'PSO3',1),(45,10,3,'PO1',2),(46,10,3,'PO2',3),(47,10,3,'PO3',1),(48,10,3,'PO4',3),(49,10,3,'PO5',3),(50,10,3,'PO7',1),(51,10,3,'PO11',1),(52,10,3,'PO12',1),(53,10,3,'PSO2',1),(54,10,3,'PSO3',1),(55,10,4,'PO1',3),(56,10,4,'PO2',3),(57,10,4,'PO3',2),(58,10,4,'PO4',3),(59,10,4,'PO5',3),(60,10,4,'PO11',1),(61,10,4,'PSO2',1),(62,10,4,'PSO3',1),(63,10,5,'PO1',3),(64,10,5,'PO2',3),(65,10,5,'PO3',2),(66,10,5,'PO4',3),(67,10,5,'PO5',3),(68,10,5,'PO11',1),(69,10,5,'PSO2',1),(70,10,5,'PSO3',1),(71,13,1,'PO1',2),(72,13,2,'PO1',2),(73,13,2,'PO2',2),(74,13,2,'PO3',1),(75,13,2,'PO5',2),(76,13,2,'PO6',1),(77,13,2,'PO12',1),(78,13,3,'PO1',1),(79,13,3,'PO2',2),(80,13,3,'PO3',2),(81,13,3,'PO4',2),(82,13,3,'PO7',1),(83,13,3,'PO8',1),(84,13,3,'PSO2',2),(85,13,4,'PO1',2),(86,13,4,'PO4',2),(87,13,4,'PO5',2),(88,13,4,'PO6',1),(89,13,4,'PSO2',2);
/*!40000 ALTER TABLE `co_po_mapping` ENABLE KEYS */;
UNLOCK TABLES;

--
-- Table structure for table `course_faculty_assignments`
--

DROP TABLE IF EXISTS `course_faculty_assignments`;
/*!40101 SET @saved_cs_client     = @@character_set_client */;
/*!40101 SET character_set_client = utf8 */;
CREATE TABLE `course_faculty_assignments` (
  `id` bigint(20) NOT NULL AUTO_INCREMENT,
  `offering_id` bigint(20) NOT NULL,
  `employee_id` int(11) NOT NULL,
  `assignment_type` enum('Primary','Co-instructor','Lab') DEFAULT 'Primary',
  `assigned_date` date DEFAULT (curdate()),
  `completion_date` date DEFAULT NULL,
  `is_active` tinyint(1) DEFAULT 1,
  `created_at` timestamp NOT NULL DEFAULT current_timestamp(),
  PRIMARY KEY (`id`),
  UNIQUE KEY `uk_offering_emp_type` (`offering_id`,`employee_id`,`assignment_type`),
  KEY `idx_offering` (`offering_id`),
  KEY `idx_emp_active` (`employee_id`,`is_active`),
  CONSTRAINT `course_faculty_assignments_ibfk_1` FOREIGN KEY (`offering_id`) REFERENCES `course_offerings` (`offering_id`) ON DELETE CASCADE,
  CONSTRAINT `course_faculty_assignments_ibfk_2` FOREIGN KEY (`employee_id`) REFERENCES `users` (`employee_id`)
) ENGINE=InnoDB AUTO_INCREMENT=16 DEFAULT CHARSET=utf8mb4 COLLATE=utf8mb4_unicode_ci;
/*!40101 SET character_set_client = @saved_cs_client */;

--
-- Dumping data for table `course_faculty_assignments`
--

LOCK TABLES `course_faculty_assignments` WRITE;
/*!40000 ALTER TABLE `course_faculty_assignments` DISABLE KEYS */;
INSERT INTO `course_faculty_assignments` VALUES (1,1,3001,'Primary','2026-01-01',NULL,1,'2026-05-15 17:09:05'),(2,2,3001,'Primary','2026-01-01',NULL,1,'2026-05-15 17:09:05'),(3,3,3002,'Primary','2026-01-01',NULL,1,'2026-05-15 17:09:05'),(4,4,3003,'Primary','2026-01-01',NULL,1,'2026-05-15 17:09:05'),(5,4,3004,'Lab','2026-01-01',NULL,1,'2026-05-15 17:09:05'),(7,6,3002,'Primary','2025-07-01',NULL,0,'2026-05-15 17:09:05'),(8,7,3005,'Primary','2025-07-01',NULL,0,'2026-05-15 17:09:05'),(9,8,3003,'Primary','2025-01-01',NULL,0,'2026-05-15 17:09:05'),(10,9,3006,'Primary','2025-01-01',NULL,0,'2026-05-15 17:09:05'),(11,10,3101,'Primary','2026-05-16',NULL,1,'2026-05-15 18:33:50'),(14,13,3102,'Primary','2026-05-17','2026-05-16',0,'2026-05-16 19:18:02'),(15,14,3102,'Primary','2026-05-17',NULL,1,'2026-05-16 19:18:16');
/*!40000 ALTER TABLE `course_faculty_assignments` ENABLE KEYS */;
UNLOCK TABLES;

--
-- Table structure for table `course_offerings`
--

DROP TABLE IF EXISTS `course_offerings`;
/*!40101 SET @saved_cs_client     = @@character_set_client */;
/*!40101 SET character_set_client = utf8 */;
CREATE TABLE `course_offerings` (
  `offering_id` bigint(20) NOT NULL AUTO_INCREMENT,
  `course_id` bigint(20) NOT NULL,
  `programme_batch_id` int(11) DEFAULT NULL,
  `year` int(11) NOT NULL CHECK (`year` between 1000 and 9999),
  `semester` enum('Spring','Autumn') NOT NULL,
  `co_threshold` decimal(5,2) DEFAULT 40.00 CHECK (`co_threshold` >= 0 and `co_threshold` <= 100),
  `passing_threshold` decimal(5,2) DEFAULT 60.00 CHECK (`passing_threshold` >= 0 and `passing_threshold` <= 100),
  `syllabus_pdf` longblob DEFAULT NULL,
  `created_at` timestamp NOT NULL DEFAULT current_timestamp(),
  `updated_at` timestamp NOT NULL DEFAULT current_timestamp() ON UPDATE current_timestamp(),
  `direct_weightage` decimal(5,2) DEFAULT 80.00 CHECK (`direct_weightage` >= 0 and `direct_weightage` <= 100),
  `indirect_weightage` decimal(5,2) DEFAULT 20.00 CHECK (`indirect_weightage` >= 0 and `indirect_weightage` <= 100),
  PRIMARY KEY (`offering_id`),
  UNIQUE KEY `uk_course_year_sem` (`course_id`,`year`,`semester`),
  KEY `year` (`year`,`semester`),
  KEY `course_id` (`course_id`),
  KEY `idx_co_batch` (`programme_batch_id`),
  CONSTRAINT `course_offerings_ibfk_1` FOREIGN KEY (`course_id`) REFERENCES `courses` (`course_id`) ON DELETE CASCADE,
  CONSTRAINT `course_offerings_ibfk_2` FOREIGN KEY (`programme_batch_id`) REFERENCES `programme_batches` (`batch_id`) ON DELETE SET NULL
) ENGINE=InnoDB AUTO_INCREMENT=15 DEFAULT CHARSET=utf8mb4 COLLATE=utf8mb4_unicode_ci;
/*!40101 SET character_set_client = @saved_cs_client */;

--
-- Dumping data for table `course_offerings`
--

LOCK TABLES `course_offerings` WRITE;
/*!40000 ALTER TABLE `course_offerings` DISABLE KEYS */;
INSERT INTO `course_offerings` VALUES (1,1,NULL,2026,'Spring',40.00,60.00,NULL,'2026-05-15 17:09:05','2026-05-15 17:09:05',80.00,20.00),(2,2,NULL,2026,'Spring',40.00,60.00,NULL,'2026-05-15 17:09:05','2026-05-15 17:09:05',80.00,20.00),(3,3,NULL,2026,'Spring',40.00,60.00,NULL,'2026-05-15 17:09:05','2026-05-15 17:09:05',80.00,20.00),(4,6,NULL,2026,'Spring',40.00,60.00,NULL,'2026-05-15 17:09:05','2026-05-15 17:09:05',80.00,20.00),(6,5,NULL,2025,'Autumn',40.00,60.00,NULL,'2026-05-15 17:09:05','2026-05-15 17:09:05',80.00,20.00),(7,7,NULL,2025,'Autumn',40.00,60.00,NULL,'2026-05-15 17:09:05','2026-05-15 17:09:05',80.00,20.00),(8,1,NULL,2025,'Spring',40.00,60.00,NULL,'2026-05-15 17:09:05','2026-05-15 17:09:05',80.00,20.00),(9,8,NULL,2025,'Spring',40.00,60.00,NULL,'2026-05-15 17:09:05','2026-05-15 17:09:05',80.00,20.00),(10,9,NULL,2025,'Spring',55.00,30.00,NULL,'2026-05-15 18:33:50','2026-05-18 19:33:42',80.00,20.00),(13,12,NULL,2025,'Autumn',40.00,30.00,NULL,'2026-05-16 19:18:02','2026-05-16 19:18:02',80.00,20.00),(14,13,NULL,2025,'Autumn',40.00,30.00,NULL,'2026-05-16 19:18:16','2026-05-16 19:18:16',80.00,20.00);
/*!40000 ALTER TABLE `course_offerings` ENABLE KEYS */;
UNLOCK TABLES;

--
-- Table structure for table `course_survey_questions`
--

DROP TABLE IF EXISTS `course_survey_questions`;
/*!40101 SET @saved_cs_client     = @@character_set_client */;
/*!40101 SET character_set_client = utf8 */;
CREATE TABLE `course_survey_questions` (
  `question_id` bigint(20) NOT NULL AUTO_INCREMENT,
  `survey_id` bigint(20) NOT NULL,
  `question_number` smallint(6) NOT NULL,
  `question_text` text NOT NULL,
  `co_number` tinyint(4) NOT NULL CHECK (`co_number` between 1 and 6),
  `mapping_weight` decimal(3,2) NOT NULL DEFAULT 1.00 CHECK (`mapping_weight` between 0.00 and 1.00),
  PRIMARY KEY (`question_id`),
  UNIQUE KEY `uk_survey_qnum` (`survey_id`,`question_number`),
  CONSTRAINT `course_survey_questions_ibfk_1` FOREIGN KEY (`survey_id`) REFERENCES `course_surveys` (`survey_id`) ON DELETE CASCADE
) ENGINE=InnoDB AUTO_INCREMENT=6 DEFAULT CHARSET=utf8mb4 COLLATE=utf8mb4_unicode_ci;
/*!40101 SET character_set_client = @saved_cs_client */;

--
-- Dumping data for table `course_survey_questions`
--

LOCK TABLES `course_survey_questions` WRITE;
/*!40000 ALTER TABLE `course_survey_questions` DISABLE KEYS */;
INSERT INTO `course_survey_questions` VALUES (1,1,1,'Rate your attainment for CO1',1,1.00),(2,1,2,'Rate your attainment for CO2',2,1.00),(3,1,3,'Rate your attainment for CO3',3,1.00),(4,1,4,'Rate your attainment for CO4',4,1.00),(5,1,5,'Rate your attainment for CO5',5,1.00);
/*!40000 ALTER TABLE `course_survey_questions` ENABLE KEYS */;
UNLOCK TABLES;

--
-- Table structure for table `course_survey_responses`
--

DROP TABLE IF EXISTS `course_survey_responses`;
/*!40101 SET @saved_cs_client     = @@character_set_client */;
/*!40101 SET character_set_client = utf8 */;
CREATE TABLE `course_survey_responses` (
  `id` bigint(20) NOT NULL AUTO_INCREMENT,
  `survey_id` bigint(20) NOT NULL,
  `student_rollno` varchar(20) NOT NULL,
  `question_id` bigint(20) NOT NULL,
  `likert_rating` tinyint(4) NOT NULL CHECK (`likert_rating` between 1 and 5),
  `imported_at` timestamp NOT NULL DEFAULT current_timestamp(),
  PRIMARY KEY (`id`),
  UNIQUE KEY `uk_student_question` (`survey_id`,`student_rollno`,`question_id`),
  KEY `student_rollno` (`student_rollno`),
  KEY `question_id` (`question_id`),
  CONSTRAINT `course_survey_responses_ibfk_1` FOREIGN KEY (`survey_id`) REFERENCES `course_surveys` (`survey_id`) ON DELETE CASCADE,
  CONSTRAINT `course_survey_responses_ibfk_2` FOREIGN KEY (`student_rollno`) REFERENCES `students` (`roll_no`) ON DELETE CASCADE,
  CONSTRAINT `course_survey_responses_ibfk_3` FOREIGN KEY (`question_id`) REFERENCES `course_survey_questions` (`question_id`) ON DELETE CASCADE
) ENGINE=InnoDB AUTO_INCREMENT=101 DEFAULT CHARSET=utf8mb4 COLLATE=utf8mb4_unicode_ci;
/*!40101 SET character_set_client = @saved_cs_client */;

--
-- Dumping data for table `course_survey_responses`
--

LOCK TABLES `course_survey_responses` WRITE;
/*!40000 ALTER TABLE `course_survey_responses` DISABLE KEYS */;
INSERT INTO `course_survey_responses` VALUES (1,1,'CSB21013',1,4,'2026-05-21 11:39:58'),(2,1,'CSB21013',2,3,'2026-05-21 11:39:58'),(3,1,'CSB21013',3,5,'2026-05-21 11:39:58'),(4,1,'CSB21013',4,4,'2026-05-21 11:39:58'),(5,1,'CSB21013',5,3,'2026-05-21 11:39:58'),(6,1,'CSB21034',1,5,'2026-05-21 11:39:58'),(7,1,'CSB21034',2,4,'2026-05-21 11:39:58'),(8,1,'CSB21034',3,4,'2026-05-21 11:39:58'),(9,1,'CSB21034',4,5,'2026-05-21 11:39:58'),(10,1,'CSB21034',5,4,'2026-05-21 11:39:58'),(11,1,'CSB22031',1,3,'2026-05-21 11:39:58'),(12,1,'CSB22031',2,4,'2026-05-21 11:39:58'),(13,1,'CSB22031',3,3,'2026-05-21 11:39:58'),(14,1,'CSB22031',4,3,'2026-05-21 11:39:58'),(15,1,'CSB22031',5,4,'2026-05-21 11:39:58'),(16,1,'CSB22039',1,4,'2026-05-21 11:39:58'),(17,1,'CSB22039',2,5,'2026-05-21 11:39:58'),(18,1,'CSB22039',3,4,'2026-05-21 11:39:58'),(19,1,'CSB22039',4,4,'2026-05-21 11:39:58'),(20,1,'CSB22039',5,5,'2026-05-21 11:39:58'),(21,1,'CSB22040',1,5,'2026-05-21 11:39:58'),(22,1,'CSB22040',2,4,'2026-05-21 11:39:58'),(23,1,'CSB22040',3,5,'2026-05-21 11:39:58'),(24,1,'CSB22040',4,5,'2026-05-21 11:39:58'),(25,1,'CSB22040',5,4,'2026-05-21 11:39:58'),(26,1,'CSB22042',1,3,'2026-05-21 11:39:58'),(27,1,'CSB22042',2,3,'2026-05-21 11:39:58'),(28,1,'CSB22042',3,4,'2026-05-21 11:39:58'),(29,1,'CSB22042',4,3,'2026-05-21 11:39:58'),(30,1,'CSB22042',5,3,'2026-05-21 11:39:58'),(31,1,'CSB22045',1,4,'2026-05-21 11:39:58'),(32,1,'CSB22045',2,4,'2026-05-21 11:39:58'),(33,1,'CSB22045',3,3,'2026-05-21 11:39:58'),(34,1,'CSB22045',4,4,'2026-05-21 11:39:58'),(35,1,'CSB22045',5,5,'2026-05-21 11:39:58'),(36,1,'CSB22049',1,5,'2026-05-21 11:39:58'),(37,1,'CSB22049',2,5,'2026-05-21 11:39:58'),(38,1,'CSB22049',3,4,'2026-05-21 11:39:58'),(39,1,'CSB22049',4,5,'2026-05-21 11:39:58'),(40,1,'CSB22049',5,4,'2026-05-21 11:39:58'),(41,1,'CSB22051',1,4,'2026-05-21 11:39:58'),(42,1,'CSB22051',2,3,'2026-05-21 11:39:58'),(43,1,'CSB22051',3,5,'2026-05-21 11:39:58'),(44,1,'CSB22051',4,4,'2026-05-21 11:39:58'),(45,1,'CSB22051',5,3,'2026-05-21 11:39:58'),(46,1,'CSB22066',1,3,'2026-05-21 11:39:58'),(47,1,'CSB22066',2,4,'2026-05-21 11:39:58'),(48,1,'CSB22066',3,4,'2026-05-21 11:39:58'),(49,1,'CSB22066',4,3,'2026-05-21 11:39:58'),(50,1,'CSB22066',5,4,'2026-05-21 11:39:58'),(51,1,'CSB22080',1,4,'2026-05-21 11:39:58'),(52,1,'CSB22080',2,4,'2026-05-21 11:39:58'),(53,1,'CSB22080',3,5,'2026-05-21 11:39:58'),(54,1,'CSB22080',4,4,'2026-05-21 11:39:58'),(55,1,'CSB22080',5,4,'2026-05-21 11:39:58'),(56,1,'CSB23001',1,5,'2026-05-21 11:39:58'),(57,1,'CSB23001',2,5,'2026-05-21 11:39:58'),(58,1,'CSB23001',3,4,'2026-05-21 11:39:58'),(59,1,'CSB23001',4,5,'2026-05-21 11:39:58'),(60,1,'CSB23001',5,5,'2026-05-21 11:39:58'),(61,1,'CSB23003',1,3,'2026-05-21 11:39:58'),(62,1,'CSB23003',2,3,'2026-05-21 11:39:58'),(63,1,'CSB23003',3,3,'2026-05-21 11:39:58'),(64,1,'CSB23003',4,3,'2026-05-21 11:39:58'),(65,1,'CSB23003',5,3,'2026-05-21 11:39:58'),(66,1,'CSB23004',1,4,'2026-05-21 11:39:58'),(67,1,'CSB23004',2,4,'2026-05-21 11:39:58'),(68,1,'CSB23004',3,4,'2026-05-21 11:39:58'),(69,1,'CSB23004',4,4,'2026-05-21 11:39:58'),(70,1,'CSB23004',5,4,'2026-05-21 11:39:58'),(71,1,'CSB23005',1,5,'2026-05-21 11:39:58'),(72,1,'CSB23005',2,4,'2026-05-21 11:39:58'),(73,1,'CSB23005',3,5,'2026-05-21 11:39:58'),(74,1,'CSB23005',4,5,'2026-05-21 11:39:58'),(75,1,'CSB23005',5,4,'2026-05-21 11:39:58'),(76,1,'CSB23010',1,4,'2026-05-21 11:39:58'),(77,1,'CSB23010',2,3,'2026-05-21 11:39:58'),(78,1,'CSB23010',3,4,'2026-05-21 11:39:58'),(79,1,'CSB23010',4,4,'2026-05-21 11:39:58'),(80,1,'CSB23010',5,5,'2026-05-21 11:39:58'),(81,1,'CSB23012',1,3,'2026-05-21 11:39:58'),(82,1,'CSB23012',2,4,'2026-05-21 11:39:58'),(83,1,'CSB23012',3,3,'2026-05-21 11:39:58'),(84,1,'CSB23012',4,3,'2026-05-21 11:39:58'),(85,1,'CSB23012',5,4,'2026-05-21 11:39:58'),(86,1,'CSB23016',1,4,'2026-05-21 11:39:58'),(87,1,'CSB23016',2,5,'2026-05-21 11:39:58'),(88,1,'CSB23016',3,4,'2026-05-21 11:39:58'),(89,1,'CSB23016',4,4,'2026-05-21 11:39:58'),(90,1,'CSB23016',5,3,'2026-05-21 11:39:58'),(91,1,'CSB23017',1,5,'2026-05-21 11:39:58'),(92,1,'CSB23017',2,4,'2026-05-21 11:39:58'),(93,1,'CSB23017',3,5,'2026-05-21 11:39:58'),(94,1,'CSB23017',4,5,'2026-05-21 11:39:58'),(95,1,'CSB23017',5,5,'2026-05-21 11:39:58'),(96,1,'CSB23018',1,4,'2026-05-21 11:39:58'),(97,1,'CSB23018',2,4,'2026-05-21 11:39:58'),(98,1,'CSB23018',3,4,'2026-05-21 11:39:58'),(99,1,'CSB23018',4,5,'2026-05-21 11:39:58'),(100,1,'CSB23018',5,4,'2026-05-21 11:39:58');
/*!40000 ALTER TABLE `course_survey_responses` ENABLE KEYS */;
UNLOCK TABLES;

--
-- Table structure for table `course_surveys`
--

DROP TABLE IF EXISTS `course_surveys`;
/*!40101 SET @saved_cs_client     = @@character_set_client */;
/*!40101 SET character_set_client = utf8 */;
CREATE TABLE `course_surveys` (
  `survey_id` bigint(20) NOT NULL AUTO_INCREMENT,
  `offering_id` bigint(20) NOT NULL,
  `title` varchar(255) DEFAULT 'Course Exit Survey',
  `created_at` timestamp NOT NULL DEFAULT current_timestamp(),
  PRIMARY KEY (`survey_id`),
  KEY `offering_id` (`offering_id`),
  CONSTRAINT `course_surveys_ibfk_1` FOREIGN KEY (`offering_id`) REFERENCES `course_offerings` (`offering_id`) ON DELETE CASCADE
) ENGINE=InnoDB AUTO_INCREMENT=2 DEFAULT CHARSET=utf8mb4 COLLATE=utf8mb4_unicode_ci;
/*!40101 SET character_set_client = @saved_cs_client */;

--
-- Dumping data for table `course_surveys`
--

LOCK TABLES `course_surveys` WRITE;
/*!40000 ALTER TABLE `course_surveys` DISABLE KEYS */;
INSERT INTO `course_surveys` VALUES (1,10,'Course Exit Survey','2026-05-21 11:39:39');
/*!40000 ALTER TABLE `course_surveys` ENABLE KEYS */;
UNLOCK TABLES;

--
-- Table structure for table `courses`
--

DROP TABLE IF EXISTS `courses`;
/*!40101 SET @saved_cs_client     = @@character_set_client */;
/*!40101 SET character_set_client = utf8 */;
CREATE TABLE `courses` (
  `course_id` bigint(20) NOT NULL AUTO_INCREMENT,
  `course_code` varchar(20) NOT NULL,
  `department_id` int(11) DEFAULT NULL,
  `course_name` varchar(255) NOT NULL,
  `course_type` enum('Theory','Lab','Project','Seminar') DEFAULT 'Theory',
  `course_level` enum('Undergraduate','Postgraduate','UG & PG') DEFAULT 'Undergraduate',
  `is_active` tinyint(1) DEFAULT 1,
  `credit` smallint(6) NOT NULL DEFAULT 0,
  `created_at` timestamp NOT NULL DEFAULT current_timestamp(),
  `updated_at` timestamp NOT NULL DEFAULT current_timestamp() ON UPDATE current_timestamp(),
  PRIMARY KEY (`course_id`),
  UNIQUE KEY `course_code` (`course_code`),
  KEY `idx_course_dept` (`department_id`),
  CONSTRAINT `courses_ibfk_1` FOREIGN KEY (`department_id`) REFERENCES `departments` (`department_id`)
) ENGINE=InnoDB AUTO_INCREMENT=14 DEFAULT CHARSET=utf8mb4 COLLATE=utf8mb4_unicode_ci;
/*!40101 SET character_set_client = @saved_cs_client */;

--
-- Dumping data for table `courses`
--

LOCK TABLES `courses` WRITE;
/*!40000 ALTER TABLE `courses` DISABLE KEYS */;
INSERT INTO `courses` VALUES (1,'CS101',1,'Introduction to Programming','Theory','Undergraduate',1,4,'2026-05-15 17:09:05','2026-05-15 17:09:05'),(2,'CS201',1,'Data Structures and Algorithms','Theory','Undergraduate',1,4,'2026-05-15 17:09:05','2026-05-15 17:09:05'),(3,'CS301',1,'Database Management Systems','Theory','Undergraduate',1,3,'2026-05-15 17:09:05','2026-05-15 17:09:05'),(5,'CS401',1,'Operating Systems','Theory','Undergraduate',1,4,'2026-05-15 17:09:05','2026-05-15 17:09:05'),(6,'CS191',1,'Programming Lab','Lab','Undergraduate',1,2,'2026-05-15 17:09:05','2026-05-15 17:09:05'),(7,'EC101',2,'Digital Electronics','Theory','Undergraduate',1,4,'2026-05-15 17:09:05','2026-05-15 17:09:05'),(8,'EC201',2,'Signals and Systems','Theory','Undergraduate',1,4,'2026-05-15 17:09:05','2026-05-15 17:09:05'),(9,'CS206',1,'DESIGN AND ANALYSIS OF ALGORITHM','Theory','Undergraduate',1,3,'2026-05-15 18:33:20','2026-05-15 18:33:20'),(12,'CO315',1,'Computer Networks','Theory','Undergraduate',1,3,'2026-05-16 19:16:53','2026-05-16 19:16:53'),(13,'CO316',1,'Computer Networks Lab','Lab','Undergraduate',1,1,'2026-05-16 19:17:22','2026-05-16 19:17:22');
/*!40000 ALTER TABLE `courses` ENABLE KEYS */;
UNLOCK TABLES;

--
-- Table structure for table `dean_assignments`
--

DROP TABLE IF EXISTS `dean_assignments`;
/*!40101 SET @saved_cs_client     = @@character_set_client */;
/*!40101 SET character_set_client = utf8 */;
CREATE TABLE `dean_assignments` (
  `id` bigint(20) NOT NULL AUTO_INCREMENT,
  `school_id` int(11) NOT NULL,
  `employee_id` int(11) NOT NULL,
  `start_date` date NOT NULL,
  `end_date` date DEFAULT NULL,
  `appointment_order` varchar(50) DEFAULT NULL,
  `created_at` timestamp NOT NULL DEFAULT current_timestamp(),
  PRIMARY KEY (`id`),
  UNIQUE KEY `uk_school_emp_start` (`school_id`,`employee_id`,`start_date`),
  KEY `idx_school_active` (`school_id`,`end_date`),
  KEY `idx_employee` (`employee_id`),
  KEY `idx_dates` (`start_date`,`end_date`),
  CONSTRAINT `dean_assignments_ibfk_1` FOREIGN KEY (`school_id`) REFERENCES `schools` (`school_id`) ON DELETE CASCADE,
  CONSTRAINT `dean_assignments_ibfk_2` FOREIGN KEY (`employee_id`) REFERENCES `users` (`employee_id`)
) ENGINE=InnoDB AUTO_INCREMENT=2 DEFAULT CHARSET=utf8mb4 COLLATE=utf8mb4_unicode_ci;
/*!40101 SET character_set_client = @saved_cs_client */;

--
-- Dumping data for table `dean_assignments`
--

LOCK TABLES `dean_assignments` WRITE;
/*!40000 ALTER TABLE `dean_assignments` DISABLE KEYS */;
INSERT INTO `dean_assignments` VALUES (1,1,8000001,'2026-01-01',NULL,'APT/2026/DEAN/SOE/001','2026-05-15 17:09:05');
/*!40000 ALTER TABLE `dean_assignments` ENABLE KEYS */;
UNLOCK TABLES;

--
-- Table structure for table `departments`
--

DROP TABLE IF EXISTS `departments`;
/*!40101 SET @saved_cs_client     = @@character_set_client */;
/*!40101 SET character_set_client = utf8 */;
CREATE TABLE `departments` (
  `department_id` int(11) NOT NULL AUTO_INCREMENT,
  `school_id` int(11) DEFAULT NULL,
  `department_name` varchar(100) NOT NULL,
  `department_code` varchar(10) NOT NULL,
  `description` text DEFAULT NULL,
  `created_at` timestamp NOT NULL DEFAULT current_timestamp(),
  PRIMARY KEY (`department_id`),
  UNIQUE KEY `department_name` (`department_name`),
  UNIQUE KEY `department_code` (`department_code`),
  KEY `school_id` (`school_id`),
  CONSTRAINT `departments_ibfk_1` FOREIGN KEY (`school_id`) REFERENCES `schools` (`school_id`)
) ENGINE=InnoDB AUTO_INCREMENT=3 DEFAULT CHARSET=utf8mb4 COLLATE=utf8mb4_unicode_ci;
/*!40101 SET character_set_client = @saved_cs_client */;

--
-- Dumping data for table `departments`
--

LOCK TABLES `departments` WRITE;
/*!40000 ALTER TABLE `departments` DISABLE KEYS */;
INSERT INTO `departments` VALUES (1,1,'Computer Science & Engineering','CSE','Department of Computer Science & Engineering','2026-05-15 17:09:05'),(2,1,'Electronics & Communication Engineering','ECE','Department of Electronics & Communication Engineering','2026-05-15 17:09:05');
/*!40000 ALTER TABLE `departments` ENABLE KEYS */;
UNLOCK TABLES;

--
-- Table structure for table `enrollments`
--

DROP TABLE IF EXISTS `enrollments`;
/*!40101 SET @saved_cs_client     = @@character_set_client */;
/*!40101 SET character_set_client = utf8 */;
CREATE TABLE `enrollments` (
  `enrollment_id` bigint(20) NOT NULL AUTO_INCREMENT,
  `offering_id` bigint(20) NOT NULL,
  `enrollment_status` enum('Enrolled','Dropped','Completed') DEFAULT 'Enrolled',
  `enrolled_date` date DEFAULT (curdate()),
  `student_rollno` varchar(20) NOT NULL,
  `enrolled_at` timestamp NOT NULL DEFAULT current_timestamp(),
  PRIMARY KEY (`enrollment_id`),
  UNIQUE KEY `offering_id` (`offering_id`,`student_rollno`),
  KEY `offering_id_2` (`offering_id`),
  KEY `student_rollno` (`student_rollno`),
  CONSTRAINT `enrollments_ibfk_1` FOREIGN KEY (`offering_id`) REFERENCES `course_offerings` (`offering_id`) ON DELETE CASCADE,
  CONSTRAINT `enrollments_ibfk_2` FOREIGN KEY (`student_rollno`) REFERENCES `students` (`roll_no`) ON DELETE CASCADE
) ENGINE=InnoDB AUTO_INCREMENT=189 DEFAULT CHARSET=utf8mb4 COLLATE=utf8mb4_unicode_ci;
/*!40101 SET character_set_client = @saved_cs_client */;

--
-- Dumping data for table `enrollments`
--

LOCK TABLES `enrollments` WRITE;
/*!40000 ALTER TABLE `enrollments` DISABLE KEYS */;
INSERT INTO `enrollments` VALUES (45,10,'Completed','2026-05-16','CSB21013','2026-05-15 18:35:20'),(46,10,'Completed','2026-05-16','CSB21034','2026-05-15 18:35:20'),(47,10,'Completed','2026-05-16','CSB22031','2026-05-15 18:35:20'),(48,10,'Completed','2026-05-16','CSB22039','2026-05-15 18:35:20'),(49,10,'Completed','2026-05-16','CSB22040','2026-05-15 18:35:20'),(50,10,'Completed','2026-05-16','CSB22042','2026-05-15 18:35:20'),(51,10,'Completed','2026-05-16','CSB22045','2026-05-15 18:35:20'),(52,10,'Completed','2026-05-16','CSB22049','2026-05-15 18:35:20'),(53,10,'Completed','2026-05-16','CSB22051','2026-05-15 18:35:20'),(54,10,'Completed','2026-05-16','CSB22066','2026-05-15 18:35:20'),(55,10,'Completed','2026-05-16','CSB22080','2026-05-15 18:35:20'),(56,10,'Completed','2026-05-16','CSB23001','2026-05-15 18:35:20'),(57,10,'Completed','2026-05-16','CSB23003','2026-05-15 18:35:20'),(58,10,'Completed','2026-05-16','CSB23004','2026-05-15 18:35:20'),(59,10,'Completed','2026-05-16','CSB23005','2026-05-15 18:35:20'),(60,10,'Completed','2026-05-16','CSB23010','2026-05-15 18:35:20'),(61,10,'Completed','2026-05-16','CSB23012','2026-05-15 18:35:20'),(62,10,'Completed','2026-05-16','CSB23016','2026-05-15 18:35:20'),(63,10,'Completed','2026-05-16','CSB23017','2026-05-15 18:35:20'),(64,10,'Completed','2026-05-16','CSB23018','2026-05-15 18:35:20'),(65,10,'Completed','2026-05-16','CSB23019','2026-05-15 18:35:20'),(66,10,'Completed','2026-05-16','CSB23023','2026-05-15 18:35:20'),(67,10,'Completed','2026-05-16','CSB23024','2026-05-15 18:35:20'),(68,10,'Completed','2026-05-16','CSB23025','2026-05-15 18:35:20'),(69,10,'Completed','2026-05-16','CSB23026','2026-05-15 18:35:20'),(70,10,'Completed','2026-05-16','CSB23027','2026-05-15 18:35:20'),(71,10,'Completed','2026-05-16','CSB23028','2026-05-15 18:35:20'),(72,10,'Completed','2026-05-16','CSB23029','2026-05-15 18:35:20'),(73,10,'Completed','2026-05-16','CSB23031','2026-05-15 18:35:20'),(74,10,'Completed','2026-05-16','CSB23032','2026-05-15 18:35:20'),(75,10,'Completed','2026-05-16','CSB23033','2026-05-15 18:35:20'),(76,10,'Completed','2026-05-16','CSB23034','2026-05-15 18:35:20'),(77,10,'Completed','2026-05-16','CSB23035','2026-05-15 18:35:20'),(78,10,'Completed','2026-05-16','CSB23037','2026-05-15 18:35:20'),(79,10,'Completed','2026-05-16','CSB23038','2026-05-15 18:35:20'),(80,10,'Completed','2026-05-16','CSB23039','2026-05-15 18:35:20'),(81,10,'Completed','2026-05-16','CSB23040','2026-05-15 18:35:20'),(82,10,'Completed','2026-05-16','CSB23041','2026-05-15 18:35:20'),(83,10,'Completed','2026-05-16','CSB23042','2026-05-15 18:35:20'),(84,10,'Completed','2026-05-16','CSB23044','2026-05-15 18:35:20'),(85,10,'Completed','2026-05-16','CSB23045','2026-05-15 18:35:20'),(86,10,'Completed','2026-05-16','CSB23046','2026-05-15 18:35:20'),(87,10,'Completed','2026-05-16','CSB23047','2026-05-15 18:35:20'),(88,10,'Completed','2026-05-16','CSB23048','2026-05-15 18:35:20'),(89,10,'Completed','2026-05-16','CSB23050','2026-05-15 18:35:20'),(90,10,'Completed','2026-05-16','CSB23051','2026-05-15 18:35:20'),(91,10,'Completed','2026-05-16','CSB23052','2026-05-15 18:35:20'),(92,10,'Completed','2026-05-16','CSB23053','2026-05-15 18:35:20'),(93,10,'Completed','2026-05-16','CSB23054','2026-05-15 18:35:20'),(94,10,'Completed','2026-05-16','CSB23055','2026-05-15 18:35:20'),(95,10,'Completed','2026-05-16','CSB23056','2026-05-15 18:35:20'),(96,10,'Completed','2026-05-16','CSB23057','2026-05-15 18:35:20'),(97,10,'Completed','2026-05-16','CSB23059','2026-05-15 18:35:20'),(98,10,'Completed','2026-05-16','CSB23060','2026-05-15 18:35:20'),(99,10,'Completed','2026-05-16','CSB23061','2026-05-15 18:35:20'),(100,10,'Completed','2026-05-16','CSB23062','2026-05-15 18:35:20'),(101,10,'Completed','2026-05-16','CSB23063','2026-05-15 18:35:20'),(102,10,'Completed','2026-05-16','CSB23064','2026-05-15 18:35:20'),(103,10,'Completed','2026-05-16','CSB23065','2026-05-15 18:35:20'),(104,10,'Completed','2026-05-16','CSB23066','2026-05-15 18:35:20'),(105,10,'Completed','2026-05-16','CSB23067','2026-05-15 18:35:20'),(106,10,'Completed','2026-05-16','CSB23068','2026-05-15 18:35:20'),(107,10,'Completed','2026-05-16','CSB23069','2026-05-15 18:35:20'),(108,10,'Completed','2026-05-16','CSB23070','2026-05-15 18:35:20'),(109,10,'Completed','2026-05-16','CSB23071','2026-05-15 18:35:20'),(110,10,'Completed','2026-05-16','CSB23072','2026-05-15 18:35:20'),(111,10,'Completed','2026-05-16','CSB23073','2026-05-15 18:35:20'),(112,10,'Completed','2026-05-16','CSB23074','2026-05-15 18:35:20'),(113,10,'Completed','2026-05-16','CSB23075','2026-05-15 18:35:20'),(114,10,'Completed','2026-05-16','CSB23076','2026-05-15 18:35:20'),(115,10,'Completed','2026-05-16','CSB23078','2026-05-15 18:35:20'),(116,10,'Completed','2026-05-16','CSB23079','2026-05-15 18:35:20'),(117,10,'Completed','2026-05-16','CSB23080','2026-05-15 18:35:20'),(118,10,'Completed','2026-05-16','CSB23081','2026-05-15 18:35:20'),(119,10,'Completed','2026-05-16','CSB24201','2026-05-15 18:35:20'),(120,10,'Completed','2026-05-16','CSB24202','2026-05-15 18:35:20'),(121,10,'Completed','2026-05-16','CSB24203','2026-05-15 18:35:20'),(122,10,'Completed','2026-05-16','CSB24204','2026-05-15 18:35:20'),(123,10,'Completed','2026-05-16','CSB24205','2026-05-15 18:35:20'),(124,13,'Completed','2026-05-17','CSB22002','2026-05-16 19:19:25'),(125,13,'Completed','2026-05-17','CSB22003','2026-05-16 19:19:25'),(126,13,'Completed','2026-05-17','CSB22005','2026-05-16 19:19:25'),(127,13,'Completed','2026-05-17','CSB22006','2026-05-16 19:19:25'),(128,13,'Completed','2026-05-17','CSB22008','2026-05-16 19:19:25'),(129,13,'Completed','2026-05-17','CSB22012','2026-05-16 19:19:25'),(130,13,'Completed','2026-05-17','CSB22015','2026-05-16 19:19:25'),(131,13,'Completed','2026-05-17','CSB22018','2026-05-16 19:19:25'),(132,13,'Completed','2026-05-17','CSB22020','2026-05-16 19:19:25'),(133,13,'Completed','2026-05-17','CSB22021','2026-05-16 19:19:25'),(134,13,'Completed','2026-05-17','CSB22022','2026-05-16 19:19:25'),(135,13,'Completed','2026-05-17','CSB22023','2026-05-16 19:19:25'),(136,13,'Completed','2026-05-17','CSB22024','2026-05-16 19:19:25'),(137,13,'Completed','2026-05-17','CSB22025','2026-05-16 19:19:25'),(138,13,'Completed','2026-05-17','CSB22028','2026-05-16 19:19:25'),(139,13,'Completed','2026-05-17','CSB22031','2026-05-16 19:19:25'),(140,13,'Completed','2026-05-17','CSB22034','2026-05-16 19:19:25'),(141,13,'Completed','2026-05-17','CSB22035','2026-05-16 19:19:25'),(142,13,'Completed','2026-05-17','CSB22036','2026-05-16 19:19:25'),(143,13,'Completed','2026-05-17','CSB22039','2026-05-16 19:19:25'),(144,13,'Completed','2026-05-17','CSB22041','2026-05-16 19:19:25'),(145,13,'Completed','2026-05-17','CSB22042','2026-05-16 19:19:25'),(146,13,'Completed','2026-05-17','CSB22044','2026-05-16 19:19:25'),(147,13,'Completed','2026-05-17','CSB22045','2026-05-16 19:19:25'),(148,13,'Completed','2026-05-17','CSB22046','2026-05-16 19:19:25'),(149,13,'Completed','2026-05-17','CSB22047','2026-05-16 19:19:25'),(150,13,'Completed','2026-05-17','CSB22048','2026-05-16 19:19:25'),(151,13,'Completed','2026-05-17','CSB22049','2026-05-16 19:19:25'),(152,13,'Completed','2026-05-17','CSB22051','2026-05-16 19:19:25'),(153,13,'Completed','2026-05-17','CSB22052','2026-05-16 19:19:25'),(154,13,'Completed','2026-05-17','CSB22053','2026-05-16 19:19:25'),(155,13,'Completed','2026-05-17','CSB22054','2026-05-16 19:19:25'),(156,13,'Completed','2026-05-17','CSB22055','2026-05-16 19:19:25'),(157,13,'Completed','2026-05-17','CSB22056','2026-05-16 19:19:25'),(158,13,'Completed','2026-05-17','CSB22057','2026-05-16 19:19:25'),(159,13,'Completed','2026-05-17','CSB22058','2026-05-16 19:19:25'),(160,13,'Completed','2026-05-17','CSB22059','2026-05-16 19:19:25'),(161,13,'Completed','2026-05-17','CSB22060','2026-05-16 19:19:25'),(162,13,'Completed','2026-05-17','CSB22061','2026-05-16 19:19:25'),(163,13,'Completed','2026-05-17','CSB22062','2026-05-16 19:19:25'),(164,13,'Completed','2026-05-17','CSB22063','2026-05-16 19:19:25'),(165,13,'Completed','2026-05-17','CSB22064','2026-05-16 19:19:25'),(166,13,'Completed','2026-05-17','CSB22065','2026-05-16 19:19:25'),(167,13,'Completed','2026-05-17','CSB22067','2026-05-16 19:19:25'),(168,13,'Completed','2026-05-17','CSB22069','2026-05-16 19:19:25'),(169,13,'Completed','2026-05-17','CSB22070','2026-05-16 19:19:25'),(170,13,'Completed','2026-05-17','CSB22071','2026-05-16 19:19:25'),(171,13,'Completed','2026-05-17','CSB22072','2026-05-16 19:19:25'),(172,13,'Completed','2026-05-17','CSB22073','2026-05-16 19:19:25'),(173,13,'Completed','2026-05-17','CSB22075','2026-05-16 19:19:25'),(174,13,'Completed','2026-05-17','CSB22076','2026-05-16 19:19:25'),(175,13,'Completed','2026-05-17','CSB22078','2026-05-16 19:19:25'),(176,13,'Completed','2026-05-17','CSB22079','2026-05-16 19:19:25'),(177,13,'Completed','2026-05-17','CSB22080','2026-05-16 19:19:25'),(178,13,'Completed','2026-05-17','CSB22081','2026-05-16 19:19:25'),(179,13,'Completed','2026-05-17','CSB22082','2026-05-16 19:19:25'),(180,13,'Completed','2026-05-17','CSB22083','2026-05-16 19:19:25'),(181,13,'Completed','2026-05-17','CSB22084','2026-05-16 19:19:25'),(182,13,'Completed','2026-05-17','CSB23201','2026-05-16 19:19:25'),(183,13,'Completed','2026-05-17','CSB23202','2026-05-16 19:19:25'),(184,13,'Completed','2026-05-17','CSB23203','2026-05-16 19:19:25'),(185,13,'Completed','2026-05-17','CSB23204','2026-05-16 19:19:25'),(186,13,'Completed','2026-05-17','CSB23205','2026-05-16 19:19:25'),(187,13,'Completed','2026-05-17','CSB23206','2026-05-16 19:19:25'),(188,13,'Completed','2026-05-17','CSB23207','2026-05-16 19:19:25');
/*!40000 ALTER TABLE `enrollments` ENABLE KEYS */;
UNLOCK TABLES;

--
-- Table structure for table `hod_assignments`
--

DROP TABLE IF EXISTS `hod_assignments`;
/*!40101 SET @saved_cs_client     = @@character_set_client */;
/*!40101 SET character_set_client = utf8 */;
CREATE TABLE `hod_assignments` (
  `id` bigint(20) NOT NULL AUTO_INCREMENT,
  `department_id` int(11) NOT NULL,
  `employee_id` int(11) NOT NULL,
  `start_date` date NOT NULL,
  `end_date` date DEFAULT NULL,
  `appointment_order` varchar(50) DEFAULT NULL,
  `created_at` timestamp NOT NULL DEFAULT current_timestamp(),
  PRIMARY KEY (`id`),
  UNIQUE KEY `uk_dept_emp_start` (`department_id`,`employee_id`,`start_date`),
  KEY `idx_dept_active` (`department_id`,`end_date`),
  KEY `idx_employee` (`employee_id`),
  KEY `idx_dates` (`start_date`,`end_date`),
  CONSTRAINT `hod_assignments_ibfk_1` FOREIGN KEY (`department_id`) REFERENCES `departments` (`department_id`) ON DELETE CASCADE,
  CONSTRAINT `hod_assignments_ibfk_2` FOREIGN KEY (`employee_id`) REFERENCES `users` (`employee_id`)
) ENGINE=InnoDB AUTO_INCREMENT=3 DEFAULT CHARSET=utf8mb4 COLLATE=utf8mb4_unicode_ci;
/*!40101 SET character_set_client = @saved_cs_client */;

--
-- Dumping data for table `hod_assignments`
--

LOCK TABLES `hod_assignments` WRITE;
/*!40000 ALTER TABLE `hod_assignments` DISABLE KEYS */;
INSERT INTO `hod_assignments` VALUES (1,1,3001,'2026-01-01',NULL,'APT/2026/HOD/CSE/001','2026-05-15 17:09:05'),(2,2,3005,'2026-01-01',NULL,'APT/2026/HOD/ECE/001','2026-05-15 17:09:05');
/*!40000 ALTER TABLE `hod_assignments` ENABLE KEYS */;
UNLOCK TABLES;

--
-- Table structure for table `marks`
--

DROP TABLE IF EXISTS `marks`;
/*!40101 SET @saved_cs_client     = @@character_set_client */;
/*!40101 SET character_set_client = utf8 */;
CREATE TABLE `marks` (
  `id` bigint(20) NOT NULL AUTO_INCREMENT,
  `student_roll_no` varchar(20) NOT NULL,
  `test_id` bigint(20) NOT NULL,
  `co_number` tinyint(4) NOT NULL CHECK (`co_number` between 1 and 6),
  `marks_obtained` decimal(6,2) NOT NULL DEFAULT 0.00 CHECK (`marks_obtained` >= 0),
  PRIMARY KEY (`id`),
  UNIQUE KEY `uk_student_test_co` (`student_roll_no`,`test_id`,`co_number`),
  KEY `test_id` (`test_id`),
  CONSTRAINT `marks_ibfk_1` FOREIGN KEY (`student_roll_no`) REFERENCES `students` (`roll_no`) ON DELETE CASCADE,
  CONSTRAINT `marks_ibfk_2` FOREIGN KEY (`test_id`) REFERENCES `tests` (`test_id`) ON DELETE CASCADE
) ENGINE=InnoDB AUTO_INCREMENT=4627 DEFAULT CHARSET=utf8mb4 COLLATE=utf8mb4_unicode_ci;
/*!40101 SET character_set_client = @saved_cs_client */;

--
-- Dumping data for table `marks`
--

LOCK TABLES `marks` WRITE;
/*!40000 ALTER TABLE `marks` DISABLE KEYS */;
INSERT INTO `marks` VALUES (1,'CSB21013',9,1,0.00),(2,'CSB21013',9,2,0.00),(3,'CSB21013',9,3,1.00),(4,'CSB21013',9,4,0.00),(5,'CSB21013',9,5,0.00),(6,'CSB21013',9,6,0.00),(7,'CSB21034',9,1,0.00),(8,'CSB21034',9,2,0.00),(9,'CSB21034',9,3,0.00),(10,'CSB21034',9,4,0.00),(11,'CSB21034',9,5,0.00),(12,'CSB21034',9,6,0.00),(13,'CSB22031',9,1,0.00),(14,'CSB22031',9,2,1.00),(15,'CSB22031',9,3,0.00),(16,'CSB22031',9,4,0.00),(17,'CSB22031',9,5,0.00),(18,'CSB22031',9,6,0.00),(19,'CSB22039',9,1,0.00),(20,'CSB22039',9,2,0.00),(21,'CSB22039',9,3,4.00),(22,'CSB22039',9,4,0.00),(23,'CSB22039',9,5,0.00),(24,'CSB22039',9,6,0.00),(25,'CSB22040',9,1,0.00),(26,'CSB22040',9,2,2.00),(27,'CSB22040',9,3,0.00),(28,'CSB22040',9,4,0.00),(29,'CSB22040',9,5,0.00),(30,'CSB22040',9,6,0.00),(31,'CSB22042',9,1,0.00),(32,'CSB22042',9,2,0.00),(33,'CSB22042',9,3,0.00),(34,'CSB22042',9,4,1.00),(35,'CSB22042',9,5,0.00),(36,'CSB22042',9,6,0.00),(37,'CSB22045',9,1,0.00),(38,'CSB22045',9,2,0.00),(39,'CSB22045',9,3,2.00),(40,'CSB22045',9,4,0.00),(41,'CSB22045',9,5,0.00),(42,'CSB22045',9,6,0.00),(43,'CSB22049',9,1,0.00),(44,'CSB22049',9,2,0.00),(45,'CSB22049',9,3,1.00),(46,'CSB22049',9,4,0.00),(47,'CSB22049',9,5,0.00),(48,'CSB22049',9,6,0.00),(49,'CSB22051',9,1,0.00),(50,'CSB22051',9,2,1.00),(51,'CSB22051',9,3,0.00),(52,'CSB22051',9,4,0.00),(53,'CSB22051',9,5,0.00),(54,'CSB22051',9,6,0.00),(55,'CSB22066',9,1,0.00),(56,'CSB22066',9,2,0.00),(57,'CSB22066',9,3,0.00),(58,'CSB22066',9,4,3.00),(59,'CSB22066',9,5,0.00),(60,'CSB22066',9,6,0.00),(61,'CSB22080',9,1,0.00),(62,'CSB22080',9,2,2.00),(63,'CSB22080',9,3,0.00),(64,'CSB22080',9,4,0.00),(65,'CSB22080',9,5,0.00),(66,'CSB22080',9,6,0.00),(67,'CSB23001',9,1,0.00),(68,'CSB23001',9,2,0.00),(69,'CSB23001',9,3,2.00),(70,'CSB23001',9,4,0.00),(71,'CSB23001',9,5,0.00),(72,'CSB23001',9,6,0.00),(73,'CSB23003',9,1,0.00),(74,'CSB23003',9,2,1.00),(75,'CSB23003',9,3,4.00),(76,'CSB23003',9,4,0.00),(77,'CSB23003',9,5,0.00),(78,'CSB23003',9,6,0.00),(79,'CSB23004',9,1,0.00),(80,'CSB23004',9,2,2.00),(81,'CSB23004',9,3,4.00),(82,'CSB23004',9,4,0.00),(83,'CSB23004',9,5,0.00),(84,'CSB23004',9,6,0.00),(85,'CSB23005',9,1,0.00),(86,'CSB23005',9,2,3.00),(87,'CSB23005',9,3,0.00),(88,'CSB23005',9,4,3.00),(89,'CSB23005',9,5,0.00),(90,'CSB23005',9,6,0.00),(91,'CSB23010',9,1,0.00),(92,'CSB23010',9,2,3.00),(93,'CSB23010',9,3,0.00),(94,'CSB23010',9,4,3.00),(95,'CSB23010',9,5,0.00),(96,'CSB23010',9,6,0.00),(97,'CSB23012',9,1,0.00),(98,'CSB23012',9,2,0.00),(99,'CSB23012',9,3,4.00),(100,'CSB23012',9,4,0.00),(101,'CSB23012',9,5,0.00),(102,'CSB23012',9,6,0.00),(103,'CSB23016',9,1,0.00),(104,'CSB23016',9,2,2.00),(105,'CSB23016',9,3,3.00),(106,'CSB23016',9,4,0.00),(107,'CSB23016',9,5,0.00),(108,'CSB23016',9,6,0.00),(109,'CSB23017',9,1,0.00),(110,'CSB23017',9,2,0.00),(111,'CSB23017',9,3,0.00),(112,'CSB23017',9,4,2.00),(113,'CSB23017',9,5,0.00),(114,'CSB23017',9,6,0.00),(115,'CSB23018',9,1,0.00),(116,'CSB23018',9,2,0.00),(117,'CSB23018',9,3,4.00),(118,'CSB23018',9,4,2.00),(119,'CSB23018',9,5,0.00),(120,'CSB23018',9,6,0.00),(121,'CSB23019',9,1,0.00),(122,'CSB23019',9,2,3.00),(123,'CSB23019',9,3,0.00),(124,'CSB23019',9,4,0.00),(125,'CSB23019',9,5,0.00),(126,'CSB23019',9,6,0.00),(127,'CSB23023',9,1,0.00),(128,'CSB23023',9,2,0.00),(129,'CSB23023',9,3,4.00),(130,'CSB23023',9,4,1.00),(131,'CSB23023',9,5,0.00),(132,'CSB23023',9,6,0.00),(133,'CSB23024',9,1,0.00),(134,'CSB23024',9,2,1.00),(135,'CSB23024',9,3,1.00),(136,'CSB23024',9,4,1.00),(137,'CSB23024',9,5,0.00),(138,'CSB23024',9,6,0.00),(139,'CSB23025',9,1,0.00),(140,'CSB23025',9,2,0.00),(141,'CSB23025',9,3,2.00),(142,'CSB23025',9,4,1.00),(143,'CSB23025',9,5,0.00),(144,'CSB23025',9,6,0.00),(145,'CSB23026',9,1,0.00),(146,'CSB23026',9,2,1.00),(147,'CSB23026',9,3,2.00),(148,'CSB23026',9,4,0.00),(149,'CSB23026',9,5,0.00),(150,'CSB23026',9,6,0.00),(151,'CSB23027',9,1,0.00),(152,'CSB23027',9,2,1.00),(153,'CSB23027',9,3,1.00),(154,'CSB23027',9,4,0.00),(155,'CSB23027',9,5,0.00),(156,'CSB23027',9,6,0.00),(157,'CSB23028',9,1,0.00),(158,'CSB23028',9,2,0.00),(159,'CSB23028',9,3,2.00),(160,'CSB23028',9,4,0.00),(161,'CSB23028',9,5,0.00),(162,'CSB23028',9,6,0.00),(163,'CSB23029',9,1,0.00),(164,'CSB23029',9,2,1.00),(165,'CSB23029',9,3,3.00),(166,'CSB23029',9,4,1.00),(167,'CSB23029',9,5,0.00),(168,'CSB23029',9,6,0.00),(169,'CSB23031',9,1,0.00),(170,'CSB23031',9,2,1.00),(171,'CSB23031',9,3,0.00),(172,'CSB23031',9,4,1.00),(173,'CSB23031',9,5,0.00),(174,'CSB23031',9,6,0.00),(175,'CSB23032',9,1,0.00),(176,'CSB23032',9,2,0.00),(177,'CSB23032',9,3,1.00),(178,'CSB23032',9,4,1.00),(179,'CSB23032',9,5,0.00),(180,'CSB23032',9,6,0.00),(181,'CSB23033',9,1,0.00),(182,'CSB23033',9,2,1.00),(183,'CSB23033',9,3,1.00),(184,'CSB23033',9,4,1.00),(185,'CSB23033',9,5,0.00),(186,'CSB23033',9,6,0.00),(187,'CSB23034',9,1,0.00),(188,'CSB23034',9,2,1.00),(189,'CSB23034',9,3,2.00),(190,'CSB23034',9,4,1.00),(191,'CSB23034',9,5,0.00),(192,'CSB23034',9,6,0.00),(193,'CSB23035',9,1,0.00),(194,'CSB23035',9,2,2.00),(195,'CSB23035',9,3,3.00),(196,'CSB23035',9,4,0.00),(197,'CSB23035',9,5,0.00),(198,'CSB23035',9,6,0.00),(199,'CSB23037',9,1,0.00),(200,'CSB23037',9,2,1.00),(201,'CSB23037',9,3,1.00),(202,'CSB23037',9,4,0.00),(203,'CSB23037',9,5,0.00),(204,'CSB23037',9,6,0.00),(205,'CSB23038',9,1,0.00),(206,'CSB23038',9,2,2.00),(207,'CSB23038',9,3,2.00),(208,'CSB23038',9,4,0.00),(209,'CSB23038',9,5,0.00),(210,'CSB23038',9,6,0.00),(211,'CSB23039',9,1,0.00),(212,'CSB23039',9,2,1.00),(213,'CSB23039',9,3,0.00),(214,'CSB23039',9,4,2.00),(215,'CSB23039',9,5,0.00),(216,'CSB23039',9,6,0.00),(217,'CSB23040',9,1,0.00),(218,'CSB23040',9,2,1.00),(219,'CSB23040',9,3,1.00),(220,'CSB23040',9,4,0.00),(221,'CSB23040',9,5,0.00),(222,'CSB23040',9,6,0.00),(223,'CSB23041',9,1,0.00),(224,'CSB23041',9,2,2.00),(225,'CSB23041',9,3,1.00),(226,'CSB23041',9,4,2.00),(227,'CSB23041',9,5,0.00),(228,'CSB23041',9,6,0.00),(229,'CSB23042',9,1,0.00),(230,'CSB23042',9,2,0.00),(231,'CSB23042',9,3,2.00),(232,'CSB23042',9,4,0.00),(233,'CSB23042',9,5,0.00),(234,'CSB23042',9,6,0.00),(235,'CSB23044',9,1,0.00),(236,'CSB23044',9,2,1.00),(237,'CSB23044',9,3,0.00),(238,'CSB23044',9,4,1.00),(239,'CSB23044',9,5,0.00),(240,'CSB23044',9,6,0.00),(241,'CSB23045',9,1,0.00),(242,'CSB23045',9,2,1.00),(243,'CSB23045',9,3,3.00),(244,'CSB23045',9,4,0.00),(245,'CSB23045',9,5,0.00),(246,'CSB23045',9,6,0.00),(247,'CSB23046',9,1,0.00),(248,'CSB23046',9,2,0.00),(249,'CSB23046',9,3,1.00),(250,'CSB23046',9,4,0.00),(251,'CSB23046',9,5,0.00),(252,'CSB23046',9,6,0.00),(253,'CSB23047',9,1,0.00),(254,'CSB23047',9,2,1.00),(255,'CSB23047',9,3,2.00),(256,'CSB23047',9,4,1.00),(257,'CSB23047',9,5,0.00),(258,'CSB23047',9,6,0.00),(259,'CSB23048',9,1,0.00),(260,'CSB23048',9,2,1.00),(261,'CSB23048',9,3,1.00),(262,'CSB23048',9,4,1.00),(263,'CSB23048',9,5,0.00),(264,'CSB23048',9,6,0.00),(265,'CSB23050',9,1,0.00),(266,'CSB23050',9,2,0.00),(267,'CSB23050',9,3,1.00),(268,'CSB23050',9,4,1.00),(269,'CSB23050',9,5,0.00),(270,'CSB23050',9,6,0.00),(271,'CSB23051',9,1,0.00),(272,'CSB23051',9,2,2.00),(273,'CSB23051',9,3,2.00),(274,'CSB23051',9,4,1.00),(275,'CSB23051',9,5,0.00),(276,'CSB23051',9,6,0.00),(277,'CSB23052',9,1,0.00),(278,'CSB23052',9,2,2.00),(279,'CSB23052',9,3,2.00),(280,'CSB23052',9,4,0.00),(281,'CSB23052',9,5,0.00),(282,'CSB23052',9,6,0.00),(283,'CSB23053',9,1,0.00),(284,'CSB23053',9,2,0.00),(285,'CSB23053',9,3,1.00),(286,'CSB23053',9,4,0.00),(287,'CSB23053',9,5,0.00),(288,'CSB23053',9,6,0.00),(289,'CSB23054',9,1,0.00),(290,'CSB23054',9,2,1.00),(291,'CSB23054',9,3,0.00),(292,'CSB23054',9,4,0.00),(293,'CSB23054',9,5,0.00),(294,'CSB23054',9,6,0.00),(295,'CSB23055',9,1,0.00),(296,'CSB23055',9,2,1.00),(297,'CSB23055',9,3,1.00),(298,'CSB23055',9,4,1.00),(299,'CSB23055',9,5,0.00),(300,'CSB23055',9,6,0.00),(301,'CSB23056',9,1,0.00),(302,'CSB23056',9,2,1.00),(303,'CSB23056',9,3,2.00),(304,'CSB23056',9,4,0.00),(305,'CSB23056',9,5,0.00),(306,'CSB23056',9,6,0.00),(307,'CSB23057',9,1,0.00),(308,'CSB23057',9,2,0.00),(309,'CSB23057',9,3,2.00),(310,'CSB23057',9,4,1.00),(311,'CSB23057',9,5,0.00),(312,'CSB23057',9,6,0.00),(313,'CSB23059',9,1,0.00),(314,'CSB23059',9,2,1.00),(315,'CSB23059',9,3,1.00),(316,'CSB23059',9,4,0.00),(317,'CSB23059',9,5,0.00),(318,'CSB23059',9,6,0.00),(319,'CSB23060',9,1,0.00),(320,'CSB23060',9,2,2.00),(321,'CSB23060',9,3,2.00),(322,'CSB23060',9,4,0.00),(323,'CSB23060',9,5,0.00),(324,'CSB23060',9,6,0.00),(325,'CSB23061',9,1,0.00),(326,'CSB23061',9,2,0.00),(327,'CSB23061',9,3,2.00),(328,'CSB23061',9,4,0.00),(329,'CSB23061',9,5,0.00),(330,'CSB23061',9,6,0.00),(331,'CSB23062',9,1,0.00),(332,'CSB23062',9,2,1.00),(333,'CSB23062',9,3,0.00),(334,'CSB23062',9,4,1.00),(335,'CSB23062',9,5,0.00),(336,'CSB23062',9,6,0.00),(337,'CSB23063',9,1,0.00),(338,'CSB23063',9,2,1.00),(339,'CSB23063',9,3,1.00),(340,'CSB23063',9,4,1.00),(341,'CSB23063',9,5,0.00),(342,'CSB23063',9,6,0.00),(343,'CSB23064',9,1,0.00),(344,'CSB23064',9,2,2.00),(345,'CSB23064',9,3,1.00),(346,'CSB23064',9,4,0.00),(347,'CSB23064',9,5,0.00),(348,'CSB23064',9,6,0.00),(349,'CSB23065',9,1,0.00),(350,'CSB23065',9,2,0.00),(351,'CSB23065',9,3,1.00),(352,'CSB23065',9,4,1.00),(353,'CSB23065',9,5,0.00),(354,'CSB23065',9,6,0.00),(355,'CSB23066',9,1,0.00),(356,'CSB23066',9,2,1.00),(357,'CSB23066',9,3,3.00),(358,'CSB23066',9,4,0.00),(359,'CSB23066',9,5,0.00),(360,'CSB23066',9,6,0.00),(361,'CSB23067',9,1,0.00),(362,'CSB23067',9,2,0.00),(363,'CSB23067',9,3,0.00),(364,'CSB23067',9,4,1.00),(365,'CSB23067',9,5,0.00),(366,'CSB23067',9,6,0.00),(367,'CSB23068',9,1,0.00),(368,'CSB23068',9,2,0.00),(369,'CSB23068',9,3,1.00),(370,'CSB23068',9,4,0.00),(371,'CSB23068',9,5,0.00),(372,'CSB23068',9,6,0.00),(373,'CSB23069',9,1,0.00),(374,'CSB23069',9,2,1.00),(375,'CSB23069',9,3,1.00),(376,'CSB23069',9,4,1.00),(377,'CSB23069',9,5,0.00),(378,'CSB23069',9,6,0.00),(379,'CSB23070',9,1,0.00),(380,'CSB23070',9,2,1.00),(381,'CSB23070',9,3,0.00),(382,'CSB23070',9,4,0.00),(383,'CSB23070',9,5,0.00),(384,'CSB23070',9,6,0.00),(385,'CSB23071',9,1,0.00),(386,'CSB23071',9,2,1.00),(387,'CSB23071',9,3,1.00),(388,'CSB23071',9,4,0.00),(389,'CSB23071',9,5,0.00),(390,'CSB23071',9,6,0.00),(391,'CSB23072',9,1,0.00),(392,'CSB23072',9,2,0.00),(393,'CSB23072',9,3,2.00),(394,'CSB23072',9,4,0.00),(395,'CSB23072',9,5,0.00),(396,'CSB23072',9,6,0.00),(397,'CSB23073',9,1,0.00),(398,'CSB23073',9,2,0.00),(399,'CSB23073',9,3,1.00),(400,'CSB23073',9,4,0.00),(401,'CSB23073',9,5,0.00),(402,'CSB23073',9,6,0.00),(403,'CSB23074',9,1,0.00),(404,'CSB23074',9,2,1.00),(405,'CSB23074',9,3,1.00),(406,'CSB23074',9,4,0.00),(407,'CSB23074',9,5,0.00),(408,'CSB23074',9,6,0.00),(409,'CSB23075',9,1,0.00),(410,'CSB23075',9,2,1.00),(411,'CSB23075',9,3,1.00),(412,'CSB23075',9,4,1.00),(413,'CSB23075',9,5,0.00),(414,'CSB23075',9,6,0.00),(415,'CSB23076',9,1,0.00),(416,'CSB23076',9,2,0.00),(417,'CSB23076',9,3,2.00),(418,'CSB23076',9,4,1.00),(419,'CSB23076',9,5,0.00),(420,'CSB23076',9,6,0.00),(421,'CSB23078',9,1,0.00),(422,'CSB23078',9,2,1.00),(423,'CSB23078',9,3,0.00),(424,'CSB23078',9,4,1.00),(425,'CSB23078',9,5,0.00),(426,'CSB23078',9,6,0.00),(427,'CSB23079',9,1,0.00),(428,'CSB23079',9,2,2.00),(429,'CSB23079',9,3,4.00),(430,'CSB23079',9,4,2.00),(431,'CSB23079',9,5,0.00),(432,'CSB23079',9,6,0.00),(433,'CSB23080',9,1,0.00),(434,'CSB23080',9,2,2.00),(435,'CSB23080',9,3,2.00),(436,'CSB23080',9,4,2.00),(437,'CSB23080',9,5,0.00),(438,'CSB23080',9,6,0.00),(439,'CSB23081',9,1,0.00),(440,'CSB23081',9,2,1.00),(441,'CSB23081',9,3,2.00),(442,'CSB23081',9,4,1.00),(443,'CSB23081',9,5,0.00),(444,'CSB23081',9,6,0.00),(445,'CSB24201',9,1,0.00),(446,'CSB24201',9,2,2.00),(447,'CSB24201',9,3,2.00),(448,'CSB24201',9,4,1.00),(449,'CSB24201',9,5,0.00),(450,'CSB24201',9,6,0.00),(451,'CSB24202',9,1,0.00),(452,'CSB24202',9,2,1.00),(453,'CSB24202',9,3,0.00),(454,'CSB24202',9,4,0.00),(455,'CSB24202',9,5,0.00),(456,'CSB24202',9,6,0.00),(457,'CSB24203',9,1,0.00),(458,'CSB24203',9,2,1.00),(459,'CSB24203',9,3,1.00),(460,'CSB24203',9,4,1.00),(461,'CSB24203',9,5,0.00),(462,'CSB24203',9,6,0.00),(463,'CSB24204',9,1,0.00),(464,'CSB24204',9,2,1.00),(465,'CSB24204',9,3,3.00),(466,'CSB24204',9,4,0.00),(467,'CSB24204',9,5,0.00),(468,'CSB24204',9,6,0.00),(469,'CSB24205',9,1,0.00),(470,'CSB24205',9,2,0.00),(471,'CSB24205',9,3,0.00),(472,'CSB24205',9,4,1.00),(473,'CSB24205',9,5,0.00),(474,'CSB24205',9,6,0.00),(475,'CSB21013',10,1,0.00),(476,'CSB21013',10,2,0.00),(477,'CSB21013',10,3,0.00),(478,'CSB21013',10,4,4.00),(479,'CSB21013',10,5,0.00),(480,'CSB21013',10,6,0.00),(481,'CSB21034',10,1,2.00),(482,'CSB21034',10,2,0.00),(483,'CSB21034',10,3,0.00),(484,'CSB21034',10,4,0.00),(485,'CSB21034',10,5,0.00),(486,'CSB21034',10,6,0.00),(487,'CSB22031',10,1,4.00),(488,'CSB22031',10,2,0.00),(489,'CSB22031',10,3,0.00),(490,'CSB22031',10,4,0.00),(491,'CSB22031',10,5,0.00),(492,'CSB22031',10,6,0.00),(493,'CSB22039',10,1,0.00),(494,'CSB22039',10,2,3.00),(495,'CSB22039',10,3,0.00),(496,'CSB22039',10,4,2.00),(497,'CSB22039',10,5,0.00),(498,'CSB22039',10,6,0.00),(499,'CSB22040',10,1,0.00),(500,'CSB22040',10,2,0.00),(501,'CSB22040',10,3,5.00),(502,'CSB22040',10,4,0.00),(503,'CSB22040',10,5,0.00),(504,'CSB22040',10,6,0.00),(505,'CSB22042',10,1,0.00),(506,'CSB22042',10,2,0.00),(507,'CSB22042',10,3,6.00),(508,'CSB22042',10,4,2.00),(509,'CSB22042',10,5,0.00),(510,'CSB22042',10,6,0.00),(511,'CSB22045',10,1,2.00),(512,'CSB22045',10,2,3.00),(513,'CSB22045',10,3,0.00),(514,'CSB22045',10,4,0.00),(515,'CSB22045',10,5,3.00),(516,'CSB22045',10,6,0.00),(517,'CSB22049',10,1,0.00),(518,'CSB22049',10,2,0.00),(519,'CSB22049',10,3,6.00),(520,'CSB22049',10,4,2.00),(521,'CSB22049',10,5,2.00),(522,'CSB22049',10,6,0.00),(523,'CSB22051',10,1,2.00),(524,'CSB22051',10,2,0.00),(525,'CSB22051',10,3,0.00),(526,'CSB22051',10,4,0.00),(527,'CSB22051',10,5,3.00),(528,'CSB22051',10,6,0.00),(529,'CSB22066',10,1,3.00),(530,'CSB22066',10,2,3.00),(531,'CSB22066',10,3,0.00),(532,'CSB22066',10,4,4.00),(533,'CSB22066',10,5,0.00),(534,'CSB22066',10,6,0.00),(535,'CSB22080',10,1,4.00),(536,'CSB22080',10,2,3.00),(537,'CSB22080',10,3,0.00),(538,'CSB22080',10,4,4.00),(539,'CSB22080',10,5,0.00),(540,'CSB22080',10,6,0.00),(541,'CSB23001',10,1,4.00),(542,'CSB23001',10,2,0.00),(543,'CSB23001',10,3,0.00),(544,'CSB23001',10,4,0.00),(545,'CSB23001',10,5,3.00),(546,'CSB23001',10,6,0.00),(547,'CSB23003',10,1,4.00),(548,'CSB23003',10,2,0.00),(549,'CSB23003',10,3,0.00),(550,'CSB23003',10,4,0.00),(551,'CSB23003',10,5,3.00),(552,'CSB23003',10,6,0.00),(553,'CSB23004',10,1,4.00),(554,'CSB23004',10,2,3.00),(555,'CSB23004',10,3,6.00),(556,'CSB23004',10,4,1.00),(557,'CSB23004',10,5,2.00),(558,'CSB23004',10,6,0.00),(559,'CSB23005',10,1,1.00),(560,'CSB23005',10,2,3.00),(561,'CSB23005',10,3,0.00),(562,'CSB23005',10,4,4.00),(563,'CSB23005',10,5,0.00),(564,'CSB23005',10,6,0.00),(565,'CSB23010',10,1,4.00),(566,'CSB23010',10,2,3.00),(567,'CSB23010',10,3,2.00),(568,'CSB23010',10,4,4.00),(569,'CSB23010',10,5,3.00),(570,'CSB23010',10,6,0.00),(571,'CSB23012',10,1,4.00),(572,'CSB23012',10,2,3.00),(573,'CSB23012',10,3,6.00),(574,'CSB23012',10,4,4.00),(575,'CSB23012',10,5,2.00),(576,'CSB23012',10,6,0.00),(577,'CSB23016',10,1,4.00),(578,'CSB23016',10,2,0.00),(579,'CSB23016',10,3,2.00),(580,'CSB23016',10,4,4.00),(581,'CSB23016',10,5,2.00),(582,'CSB23016',10,6,0.00),(583,'CSB23017',10,1,4.00),(584,'CSB23017',10,2,3.00),(585,'CSB23017',10,3,2.00),(586,'CSB23017',10,4,2.00),(587,'CSB23017',10,5,1.00),(588,'CSB23017',10,6,0.00),(589,'CSB23018',10,1,1.00),(590,'CSB23018',10,2,3.00),(591,'CSB23018',10,3,0.00),(592,'CSB23018',10,4,0.00),(593,'CSB23018',10,5,3.00),(594,'CSB23018',10,6,0.00),(595,'CSB23019',10,1,4.00),(596,'CSB23019',10,2,3.00),(597,'CSB23019',10,3,2.00),(598,'CSB23019',10,4,4.00),(599,'CSB23019',10,5,3.00),(600,'CSB23019',10,6,0.00),(601,'CSB23023',10,1,4.00),(602,'CSB23023',10,2,2.00),(603,'CSB23023',10,3,6.00),(604,'CSB23023',10,4,2.00),(605,'CSB23023',10,5,0.00),(606,'CSB23023',10,6,0.00),(607,'CSB23024',10,1,2.00),(608,'CSB23024',10,2,0.00),(609,'CSB23024',10,3,0.00),(610,'CSB23024',10,4,0.00),(611,'CSB23024',10,5,0.00),(612,'CSB23024',10,6,0.00),(613,'CSB23025',10,1,2.00),(614,'CSB23025',10,2,0.00),(615,'CSB23025',10,3,0.00),(616,'CSB23025',10,4,0.00),(617,'CSB23025',10,5,2.00),(618,'CSB23025',10,6,0.00),(619,'CSB23026',10,1,0.00),(620,'CSB23026',10,2,3.00),(621,'CSB23026',10,3,1.00),(622,'CSB23026',10,4,0.00),(623,'CSB23026',10,5,3.00),(624,'CSB23026',10,6,0.00),(625,'CSB23027',10,1,0.00),(626,'CSB23027',10,2,0.00),(627,'CSB23027',10,3,3.00),(628,'CSB23027',10,4,0.00),(629,'CSB23027',10,5,3.00),(630,'CSB23027',10,6,0.00),(631,'CSB23028',10,1,4.00),(632,'CSB23028',10,2,2.00),(633,'CSB23028',10,3,0.00),(634,'CSB23028',10,4,0.00),(635,'CSB23028',10,5,0.00),(636,'CSB23028',10,6,0.00),(637,'CSB23029',10,1,0.00),(638,'CSB23029',10,2,0.00),(639,'CSB23029',10,3,4.00),(640,'CSB23029',10,4,0.00),(641,'CSB23029',10,5,3.00),(642,'CSB23029',10,6,0.00),(643,'CSB23031',10,1,3.00),(644,'CSB23031',10,2,0.00),(645,'CSB23031',10,3,0.00),(646,'CSB23031',10,4,0.00),(647,'CSB23031',10,5,0.00),(648,'CSB23031',10,6,0.00),(649,'CSB23032',10,1,4.00),(650,'CSB23032',10,2,1.00),(651,'CSB23032',10,3,5.00),(652,'CSB23032',10,4,0.00),(653,'CSB23032',10,5,3.00),(654,'CSB23032',10,6,0.00),(655,'CSB23033',10,1,3.00),(656,'CSB23033',10,2,0.00),(657,'CSB23033',10,3,1.00),(658,'CSB23033',10,4,0.00),(659,'CSB23033',10,5,3.00),(660,'CSB23033',10,6,0.00),(661,'CSB23034',10,1,2.00),(662,'CSB23034',10,2,3.00),(663,'CSB23034',10,3,3.00),(664,'CSB23034',10,4,2.00),(665,'CSB23034',10,5,2.00),(666,'CSB23034',10,6,0.00),(667,'CSB23035',10,1,4.00),(668,'CSB23035',10,2,0.00),(669,'CSB23035',10,3,1.00),(670,'CSB23035',10,4,3.00),(671,'CSB23035',10,5,0.00),(672,'CSB23035',10,6,0.00),(673,'CSB23037',10,1,4.00),(674,'CSB23037',10,2,0.00),(675,'CSB23037',10,3,3.00),(676,'CSB23037',10,4,0.00),(677,'CSB23037',10,5,3.00),(678,'CSB23037',10,6,0.00),(679,'CSB23038',10,1,0.00),(680,'CSB23038',10,2,3.00),(681,'CSB23038',10,3,4.00),(682,'CSB23038',10,4,2.00),(683,'CSB23038',10,5,3.00),(684,'CSB23038',10,6,0.00),(685,'CSB23039',10,1,4.00),(686,'CSB23039',10,2,3.00),(687,'CSB23039',10,3,3.00),(688,'CSB23039',10,4,4.00),(689,'CSB23039',10,5,0.00),(690,'CSB23039',10,6,0.00),(691,'CSB23040',10,1,1.00),(692,'CSB23040',10,2,0.00),(693,'CSB23040',10,3,5.00),(694,'CSB23040',10,4,0.00),(695,'CSB23040',10,5,0.00),(696,'CSB23040',10,6,0.00),(697,'CSB23041',10,1,4.00),(698,'CSB23041',10,2,1.00),(699,'CSB23041',10,3,2.00),(700,'CSB23041',10,4,2.00),(701,'CSB23041',10,5,1.00),(702,'CSB23041',10,6,0.00),(703,'CSB23042',10,1,1.00),(704,'CSB23042',10,2,1.00),(705,'CSB23042',10,3,6.00),(706,'CSB23042',10,4,4.00),(707,'CSB23042',10,5,2.00),(708,'CSB23042',10,6,0.00),(709,'CSB23044',10,1,4.00),(710,'CSB23044',10,2,3.00),(711,'CSB23044',10,3,4.00),(712,'CSB23044',10,4,0.00),(713,'CSB23044',10,5,0.00),(714,'CSB23044',10,6,0.00),(715,'CSB23045',10,1,4.00),(716,'CSB23045',10,2,0.00),(717,'CSB23045',10,3,2.00),(718,'CSB23045',10,4,4.00),(719,'CSB23045',10,5,3.00),(720,'CSB23045',10,6,0.00),(721,'CSB23046',10,1,3.00),(722,'CSB23046',10,2,1.00),(723,'CSB23046',10,3,0.00),(724,'CSB23046',10,4,0.00),(725,'CSB23046',10,5,0.00),(726,'CSB23046',10,6,0.00),(727,'CSB23047',10,1,2.00),(728,'CSB23047',10,2,2.00),(729,'CSB23047',10,3,1.00),(730,'CSB23047',10,4,2.00),(731,'CSB23047',10,5,3.00),(732,'CSB23047',10,6,0.00),(733,'CSB23048',10,1,4.00),(734,'CSB23048',10,2,3.00),(735,'CSB23048',10,3,0.00),(736,'CSB23048',10,4,2.00),(737,'CSB23048',10,5,2.00),(738,'CSB23048',10,6,0.00),(739,'CSB23050',10,1,3.00),(740,'CSB23050',10,2,3.00),(741,'CSB23050',10,3,5.00),(742,'CSB23050',10,4,4.00),(743,'CSB23050',10,5,3.00),(744,'CSB23050',10,6,0.00),(745,'CSB23051',10,1,4.00),(746,'CSB23051',10,2,2.00),(747,'CSB23051',10,3,1.00),(748,'CSB23051',10,4,2.00),(749,'CSB23051',10,5,1.00),(750,'CSB23051',10,6,0.00),(751,'CSB23052',10,1,4.00),(752,'CSB23052',10,2,1.00),(753,'CSB23052',10,3,6.00),(754,'CSB23052',10,4,2.00),(755,'CSB23052',10,5,3.00),(756,'CSB23052',10,6,0.00),(757,'CSB23053',10,1,0.00),(758,'CSB23053',10,2,2.00),(759,'CSB23053',10,3,0.00),(760,'CSB23053',10,4,0.00),(761,'CSB23053',10,5,3.00),(762,'CSB23053',10,6,0.00),(763,'CSB23054',10,1,4.00),(764,'CSB23054',10,2,3.00),(765,'CSB23054',10,3,3.00),(766,'CSB23054',10,4,4.00),(767,'CSB23054',10,5,1.00),(768,'CSB23054',10,6,0.00),(769,'CSB23055',10,1,2.00),(770,'CSB23055',10,2,1.00),(771,'CSB23055',10,3,5.00),(772,'CSB23055',10,4,4.00),(773,'CSB23055',10,5,2.00),(774,'CSB23055',10,6,0.00),(775,'CSB23056',10,1,3.00),(776,'CSB23056',10,2,2.00),(777,'CSB23056',10,3,2.00),(778,'CSB23056',10,4,2.00),(779,'CSB23056',10,5,3.00),(780,'CSB23056',10,6,0.00),(781,'CSB23057',10,1,2.00),(782,'CSB23057',10,2,2.00),(783,'CSB23057',10,3,1.00),(784,'CSB23057',10,4,2.00),(785,'CSB23057',10,5,3.00),(786,'CSB23057',10,6,0.00),(787,'CSB23059',10,1,4.00),(788,'CSB23059',10,2,0.00),(789,'CSB23059',10,3,0.00),(790,'CSB23059',10,4,4.00),(791,'CSB23059',10,5,0.00),(792,'CSB23059',10,6,0.00),(793,'CSB23060',10,1,1.00),(794,'CSB23060',10,2,0.00),(795,'CSB23060',10,3,5.00),(796,'CSB23060',10,4,3.00),(797,'CSB23060',10,5,3.00),(798,'CSB23060',10,6,0.00),(799,'CSB23061',10,1,4.00),(800,'CSB23061',10,2,2.00),(801,'CSB23061',10,3,1.00),(802,'CSB23061',10,4,4.00),(803,'CSB23061',10,5,3.00),(804,'CSB23061',10,6,0.00),(805,'CSB23062',10,1,4.00),(806,'CSB23062',10,2,0.00),(807,'CSB23062',10,3,2.00),(808,'CSB23062',10,4,0.00),(809,'CSB23062',10,5,2.00),(810,'CSB23062',10,6,0.00),(811,'CSB23063',10,1,0.00),(812,'CSB23063',10,2,0.00),(813,'CSB23063',10,3,6.00),(814,'CSB23063',10,4,4.00),(815,'CSB23063',10,5,0.00),(816,'CSB23063',10,6,0.00),(817,'CSB23064',10,1,4.00),(818,'CSB23064',10,2,0.00),(819,'CSB23064',10,3,4.00),(820,'CSB23064',10,4,0.00),(821,'CSB23064',10,5,2.00),(822,'CSB23064',10,6,0.00),(823,'CSB23065',10,1,0.00),(824,'CSB23065',10,2,2.00),(825,'CSB23065',10,3,3.00),(826,'CSB23065',10,4,4.00),(827,'CSB23065',10,5,2.00),(828,'CSB23065',10,6,0.00),(829,'CSB23066',10,1,4.00),(830,'CSB23066',10,2,3.00),(831,'CSB23066',10,3,2.00),(832,'CSB23066',10,4,0.00),(833,'CSB23066',10,5,3.00),(834,'CSB23066',10,6,0.00),(835,'CSB23067',10,1,3.00),(836,'CSB23067',10,2,3.00),(837,'CSB23067',10,3,4.00),(838,'CSB23067',10,4,0.00),(839,'CSB23067',10,5,0.00),(840,'CSB23067',10,6,0.00),(841,'CSB23068',10,1,4.00),(842,'CSB23068',10,2,3.00),(843,'CSB23068',10,3,0.00),(844,'CSB23068',10,4,4.00),(845,'CSB23068',10,5,2.00),(846,'CSB23068',10,6,0.00),(847,'CSB23069',10,1,4.00),(848,'CSB23069',10,2,2.00),(849,'CSB23069',10,3,4.00),(850,'CSB23069',10,4,4.00),(851,'CSB23069',10,5,0.00),(852,'CSB23069',10,6,0.00),(853,'CSB23070',10,1,3.00),(854,'CSB23070',10,2,2.00),(855,'CSB23070',10,3,0.00),(856,'CSB23070',10,4,4.00),(857,'CSB23070',10,5,3.00),(858,'CSB23070',10,6,0.00),(859,'CSB23071',10,1,4.00),(860,'CSB23071',10,2,0.00),(861,'CSB23071',10,3,0.00),(862,'CSB23071',10,4,0.00),(863,'CSB23071',10,5,1.00),(864,'CSB23071',10,6,0.00),(865,'CSB23072',10,1,4.00),(866,'CSB23072',10,2,1.00),(867,'CSB23072',10,3,3.00),(868,'CSB23072',10,4,4.00),(869,'CSB23072',10,5,3.00),(870,'CSB23072',10,6,0.00),(871,'CSB23073',10,1,0.00),(872,'CSB23073',10,2,0.00),(873,'CSB23073',10,3,0.00),(874,'CSB23073',10,4,0.00),(875,'CSB23073',10,5,0.00),(876,'CSB23073',10,6,0.00),(877,'CSB23074',10,1,3.00),(878,'CSB23074',10,2,3.00),(879,'CSB23074',10,3,5.00),(880,'CSB23074',10,4,4.00),(881,'CSB23074',10,5,3.00),(882,'CSB23074',10,6,0.00),(883,'CSB23075',10,1,4.00),(884,'CSB23075',10,2,3.00),(885,'CSB23075',10,3,5.00),(886,'CSB23075',10,4,1.00),(887,'CSB23075',10,5,3.00),(888,'CSB23075',10,6,0.00),(889,'CSB23076',10,1,3.00),(890,'CSB23076',10,2,3.00),(891,'CSB23076',10,3,1.00),(892,'CSB23076',10,4,4.00),(893,'CSB23076',10,5,1.00),(894,'CSB23076',10,6,0.00),(895,'CSB23078',10,1,0.00),(896,'CSB23078',10,2,3.00),(897,'CSB23078',10,3,0.00),(898,'CSB23078',10,4,0.00),(899,'CSB23078',10,5,2.00),(900,'CSB23078',10,6,0.00),(901,'CSB23079',10,1,4.00),(902,'CSB23079',10,2,0.00),(903,'CSB23079',10,3,0.00),(904,'CSB23079',10,4,3.00),(905,'CSB23079',10,5,2.00),(906,'CSB23079',10,6,0.00),(907,'CSB23080',10,1,0.00),(908,'CSB23080',10,2,0.00),(909,'CSB23080',10,3,0.00),(910,'CSB23080',10,4,3.00),(911,'CSB23080',10,5,0.00),(912,'CSB23080',10,6,0.00),(913,'CSB23081',10,1,3.00),(914,'CSB23081',10,2,1.00),(915,'CSB23081',10,3,3.00),(916,'CSB23081',10,4,4.00),(917,'CSB23081',10,5,1.00),(918,'CSB23081',10,6,0.00),(919,'CSB24201',10,1,2.00),(920,'CSB24201',10,2,2.00),(921,'CSB24201',10,3,1.00),(922,'CSB24201',10,4,1.00),(923,'CSB24201',10,5,3.00),(924,'CSB24201',10,6,0.00),(925,'CSB24202',10,1,1.00),(926,'CSB24202',10,2,0.00),(927,'CSB24202',10,3,3.00),(928,'CSB24202',10,4,0.00),(929,'CSB24202',10,5,0.00),(930,'CSB24202',10,6,0.00),(931,'CSB24203',10,1,0.00),(932,'CSB24203',10,2,3.00),(933,'CSB24203',10,3,0.00),(934,'CSB24203',10,4,0.00),(935,'CSB24203',10,5,1.00),(936,'CSB24203',10,6,0.00),(937,'CSB24204',10,1,4.00),(938,'CSB24204',10,2,2.00),(939,'CSB24204',10,3,5.00),(940,'CSB24204',10,4,4.00),(941,'CSB24204',10,5,1.00),(942,'CSB24204',10,6,0.00),(943,'CSB24205',10,1,4.00),(944,'CSB24205',10,2,0.00),(945,'CSB24205',10,3,0.00),(946,'CSB24205',10,4,4.00),(947,'CSB24205',10,5,0.00),(948,'CSB24205',10,6,0.00),(949,'CSB21013',11,1,2.00),(950,'CSB21013',11,2,5.00),(951,'CSB21013',11,3,7.00),(952,'CSB21013',11,4,3.00),(953,'CSB21013',11,5,4.00),(954,'CSB21013',11,6,0.00),(955,'CSB21034',11,1,0.00),(956,'CSB21034',11,2,0.00),(957,'CSB21034',11,3,0.00),(958,'CSB21034',11,4,0.00),(959,'CSB21034',11,5,0.00),(960,'CSB21034',11,6,0.00),(961,'CSB22031',11,1,3.00),(962,'CSB22031',11,2,5.00),(963,'CSB22031',11,3,8.00),(964,'CSB22031',11,4,4.00),(965,'CSB22031',11,5,4.00),(966,'CSB22031',11,6,0.00),(967,'CSB22039',11,1,3.00),(968,'CSB22039',11,2,6.00),(969,'CSB22039',11,3,8.00),(970,'CSB22039',11,4,5.00),(971,'CSB22039',11,5,4.00),(972,'CSB22039',11,6,0.00),(973,'CSB22040',11,1,2.00),(974,'CSB22040',11,2,6.00),(975,'CSB22040',11,3,7.00),(976,'CSB22040',11,4,4.00),(977,'CSB22040',11,5,5.00),(978,'CSB22040',11,6,0.00),(979,'CSB22042',11,1,1.00),(980,'CSB22042',11,2,4.00),(981,'CSB22042',11,3,6.00),(982,'CSB22042',11,4,3.00),(983,'CSB22042',11,5,4.00),(984,'CSB22042',11,6,0.00),(985,'CSB22045',11,1,2.00),(986,'CSB22045',11,2,4.00),(987,'CSB22045',11,3,7.00),(988,'CSB22045',11,4,3.00),(989,'CSB22045',11,5,4.00),(990,'CSB22045',11,6,0.00),(991,'CSB22049',11,1,1.00),(992,'CSB22049',11,2,3.00),(993,'CSB22049',11,3,5.00),(994,'CSB22049',11,4,3.00),(995,'CSB22049',11,5,4.00),(996,'CSB22049',11,6,0.00),(997,'CSB22051',11,1,3.00),(998,'CSB22051',11,2,5.00),(999,'CSB22051',11,3,8.00),(1000,'CSB22051',11,4,4.00),(1001,'CSB22051',11,5,5.00),(1002,'CSB22051',11,6,0.00),(1003,'CSB22066',11,1,3.00),(1004,'CSB22066',11,2,6.00),(1005,'CSB22066',11,3,9.00),(1006,'CSB22066',11,4,5.00),(1007,'CSB22066',11,5,6.00),(1008,'CSB22066',11,6,0.00),(1009,'CSB22080',11,1,3.00),(1010,'CSB22080',11,2,5.00),(1011,'CSB22080',11,3,7.00),(1012,'CSB22080',11,4,5.00),(1013,'CSB22080',11,5,4.00),(1014,'CSB22080',11,6,0.00),(1015,'CSB23001',11,1,2.00),(1016,'CSB23001',11,2,3.00),(1017,'CSB23001',11,3,6.00),(1018,'CSB23001',11,4,3.00),(1019,'CSB23001',11,5,3.00),(1020,'CSB23001',11,6,0.00),(1021,'CSB23003',11,1,2.00),(1022,'CSB23003',11,2,4.00),(1023,'CSB23003',11,3,6.00),(1024,'CSB23003',11,4,4.00),(1025,'CSB23003',11,5,4.00),(1026,'CSB23003',11,6,0.00),(1027,'CSB23004',11,1,3.00),(1028,'CSB23004',11,2,7.00),(1029,'CSB23004',11,3,10.00),(1030,'CSB23004',11,4,6.00),(1031,'CSB23004',11,5,8.00),(1032,'CSB23004',11,6,0.00),(1033,'CSB23005',11,1,3.00),(1034,'CSB23005',11,2,6.00),(1035,'CSB23005',11,3,10.00),(1036,'CSB23005',11,4,5.00),(1037,'CSB23005',11,5,7.00),(1038,'CSB23005',11,6,0.00),(1039,'CSB23010',11,1,3.00),(1040,'CSB23010',11,2,7.00),(1041,'CSB23010',11,3,12.00),(1042,'CSB23010',11,4,7.00),(1043,'CSB23010',11,5,10.00),(1044,'CSB23010',11,6,0.00),(1045,'CSB23012',11,1,3.00),(1046,'CSB23012',11,2,7.00),(1047,'CSB23012',11,3,11.00),(1048,'CSB23012',11,4,6.00),(1049,'CSB23012',11,5,8.00),(1050,'CSB23012',11,6,0.00),(1051,'CSB23016',11,1,3.00),(1052,'CSB23016',11,2,6.00),(1053,'CSB23016',11,3,10.00),(1054,'CSB23016',11,4,6.00),(1055,'CSB23016',11,5,7.00),(1056,'CSB23016',11,6,0.00),(1057,'CSB23017',11,1,3.00),(1058,'CSB23017',11,2,5.00),(1059,'CSB23017',11,3,8.00),(1060,'CSB23017',11,4,4.00),(1061,'CSB23017',11,5,5.00),(1062,'CSB23017',11,6,0.00),(1063,'CSB23018',11,1,2.00),(1064,'CSB23018',11,2,6.00),(1065,'CSB23018',11,3,9.00),(1066,'CSB23018',11,4,5.00),(1067,'CSB23018',11,5,4.00),(1068,'CSB23018',11,6,0.00),(1069,'CSB23019',11,1,3.00),(1070,'CSB23019',11,2,6.00),(1071,'CSB23019',11,3,9.00),(1072,'CSB23019',11,4,6.00),(1073,'CSB23019',11,5,6.00),(1074,'CSB23019',11,6,0.00),(1075,'CSB23023',11,1,3.00),(1076,'CSB23023',11,2,7.00),(1077,'CSB23023',11,3,10.00),(1078,'CSB23023',11,4,6.00),(1079,'CSB23023',11,5,6.00),(1080,'CSB23023',11,6,0.00),(1081,'CSB23024',11,1,3.00),(1082,'CSB23024',11,2,6.00),(1083,'CSB23024',11,3,9.00),(1084,'CSB23024',11,4,6.00),(1085,'CSB23024',11,5,7.00),(1086,'CSB23024',11,6,0.00),(1087,'CSB23025',11,1,2.00),(1088,'CSB23025',11,2,4.00),(1089,'CSB23025',11,3,7.00),(1090,'CSB23025',11,4,4.00),(1091,'CSB23025',11,5,3.00),(1092,'CSB23025',11,6,0.00),(1093,'CSB23026',11,1,3.00),(1094,'CSB23026',11,2,6.00),(1095,'CSB23026',11,3,8.00),(1096,'CSB23026',11,4,5.00),(1097,'CSB23026',11,5,6.00),(1098,'CSB23026',11,6,0.00),(1099,'CSB23027',11,1,2.00),(1100,'CSB23027',11,2,5.00),(1101,'CSB23027',11,3,8.00),(1102,'CSB23027',11,4,4.00),(1103,'CSB23027',11,5,5.00),(1104,'CSB23027',11,6,0.00),(1105,'CSB23028',11,1,3.00),(1106,'CSB23028',11,2,5.00),(1107,'CSB23028',11,3,7.00),(1108,'CSB23028',11,4,5.00),(1109,'CSB23028',11,5,5.00),(1110,'CSB23028',11,6,0.00),(1111,'CSB23029',11,1,3.00),(1112,'CSB23029',11,2,7.00),(1113,'CSB23029',11,3,10.00),(1114,'CSB23029',11,4,6.00),(1115,'CSB23029',11,5,6.00),(1116,'CSB23029',11,6,0.00),(1117,'CSB23031',11,1,3.00),(1118,'CSB23031',11,2,6.00),(1119,'CSB23031',11,3,10.00),(1120,'CSB23031',11,4,5.00),(1121,'CSB23031',11,5,7.00),(1122,'CSB23031',11,6,0.00),(1123,'CSB23032',11,1,3.00),(1124,'CSB23032',11,2,6.00),(1125,'CSB23032',11,3,10.00),(1126,'CSB23032',11,4,6.00),(1127,'CSB23032',11,5,7.00),(1128,'CSB23032',11,6,0.00),(1129,'CSB23033',11,1,2.00),(1130,'CSB23033',11,2,4.00),(1131,'CSB23033',11,3,6.00),(1132,'CSB23033',11,4,4.00),(1133,'CSB23033',11,5,4.00),(1134,'CSB23033',11,6,0.00),(1135,'CSB23034',11,1,3.00),(1136,'CSB23034',11,2,6.00),(1137,'CSB23034',11,3,9.00),(1138,'CSB23034',11,4,5.00),(1139,'CSB23034',11,5,5.00),(1140,'CSB23034',11,6,0.00),(1141,'CSB23035',11,1,3.00),(1142,'CSB23035',11,2,6.00),(1143,'CSB23035',11,3,9.00),(1144,'CSB23035',11,4,5.00),(1145,'CSB23035',11,5,5.00),(1146,'CSB23035',11,6,0.00),(1147,'CSB23037',11,1,2.00),(1148,'CSB23037',11,2,5.00),(1149,'CSB23037',11,3,8.00),(1150,'CSB23037',11,4,5.00),(1151,'CSB23037',11,5,6.00),(1152,'CSB23037',11,6,0.00),(1153,'CSB23038',11,1,3.00),(1154,'CSB23038',11,2,5.00),(1155,'CSB23038',11,3,8.00),(1156,'CSB23038',11,4,4.00),(1157,'CSB23038',11,5,5.00),(1158,'CSB23038',11,6,0.00),(1159,'CSB23039',11,1,3.00),(1160,'CSB23039',11,2,6.00),(1161,'CSB23039',11,3,9.00),(1162,'CSB23039',11,4,6.00),(1163,'CSB23039',11,5,6.00),(1164,'CSB23039',11,6,0.00),(1165,'CSB23040',11,1,3.00),(1166,'CSB23040',11,2,6.00),(1167,'CSB23040',11,3,10.00),(1168,'CSB23040',11,4,5.00),(1169,'CSB23040',11,5,7.00),(1170,'CSB23040',11,6,0.00),(1171,'CSB23041',11,1,3.00),(1172,'CSB23041',11,2,7.00),(1173,'CSB23041',11,3,10.00),(1174,'CSB23041',11,4,6.00),(1175,'CSB23041',11,5,7.00),(1176,'CSB23041',11,6,0.00),(1177,'CSB23042',11,1,3.00),(1178,'CSB23042',11,2,7.00),(1179,'CSB23042',11,3,12.00),(1180,'CSB23042',11,4,7.00),(1181,'CSB23042',11,5,9.00),(1182,'CSB23042',11,6,0.00),(1183,'CSB23044',11,1,2.00),(1184,'CSB23044',11,2,5.00),(1185,'CSB23044',11,3,8.00),(1186,'CSB23044',11,4,5.00),(1187,'CSB23044',11,5,6.00),(1188,'CSB23044',11,6,0.00),(1189,'CSB23045',11,1,3.00),(1190,'CSB23045',11,2,6.00),(1191,'CSB23045',11,3,9.00),(1192,'CSB23045',11,4,6.00),(1193,'CSB23045',11,5,6.00),(1194,'CSB23045',11,6,0.00),(1195,'CSB23046',11,1,2.00),(1196,'CSB23046',11,2,4.00),(1197,'CSB23046',11,3,6.00),(1198,'CSB23046',11,4,4.00),(1199,'CSB23046',11,5,4.00),(1200,'CSB23046',11,6,0.00),(1201,'CSB23047',11,1,3.00),(1202,'CSB23047',11,2,6.00),(1203,'CSB23047',11,3,10.00),(1204,'CSB23047',11,4,6.00),(1205,'CSB23047',11,5,7.00),(1206,'CSB23047',11,6,0.00),(1207,'CSB23048',11,1,2.00),(1208,'CSB23048',11,2,4.00),(1209,'CSB23048',11,3,7.00),(1210,'CSB23048',11,4,4.00),(1211,'CSB23048',11,5,5.00),(1212,'CSB23048',11,6,0.00),(1213,'CSB23050',11,1,3.00),(1214,'CSB23050',11,2,7.00),(1215,'CSB23050',11,3,11.00),(1216,'CSB23050',11,4,7.00),(1217,'CSB23050',11,5,9.00),(1218,'CSB23050',11,6,0.00),(1219,'CSB23051',11,1,3.00),(1220,'CSB23051',11,2,7.00),(1221,'CSB23051',11,3,8.00),(1222,'CSB23051',11,4,6.00),(1223,'CSB23051',11,5,7.00),(1224,'CSB23051',11,6,0.00),(1225,'CSB23052',11,1,3.00),(1226,'CSB23052',11,2,7.00),(1227,'CSB23052',11,3,6.00),(1228,'CSB23052',11,4,7.00),(1229,'CSB23052',11,5,6.00),(1230,'CSB23052',11,6,0.00),(1231,'CSB23053',11,1,3.00),(1232,'CSB23053',11,2,5.00),(1233,'CSB23053',11,3,7.00),(1234,'CSB23053',11,4,4.00),(1235,'CSB23053',11,5,4.00),(1236,'CSB23053',11,6,0.00),(1237,'CSB23054',11,1,3.00),(1238,'CSB23054',11,2,7.00),(1239,'CSB23054',11,3,6.00),(1240,'CSB23054',11,4,7.00),(1241,'CSB23054',11,5,9.00),(1242,'CSB23054',11,6,0.00),(1243,'CSB23055',11,1,3.00),(1244,'CSB23055',11,2,7.00),(1245,'CSB23055',11,3,9.00),(1246,'CSB23055',11,4,7.00),(1247,'CSB23055',11,5,9.00),(1248,'CSB23055',11,6,0.00),(1249,'CSB23056',11,1,3.00),(1250,'CSB23056',11,2,7.00),(1251,'CSB23056',11,3,6.00),(1252,'CSB23056',11,4,4.00),(1253,'CSB23056',11,5,10.00),(1254,'CSB23056',11,6,0.00),(1255,'CSB23057',11,1,3.00),(1256,'CSB23057',11,2,6.00),(1257,'CSB23057',11,3,5.00),(1258,'CSB23057',11,4,4.00),(1259,'CSB23057',11,5,10.00),(1260,'CSB23057',11,6,0.00),(1261,'CSB23059',11,1,3.00),(1262,'CSB23059',11,2,7.00),(1263,'CSB23059',11,3,3.00),(1264,'CSB23059',11,4,5.00),(1265,'CSB23059',11,5,5.00),(1266,'CSB23059',11,6,0.00),(1267,'CSB23060',11,1,3.00),(1268,'CSB23060',11,2,7.00),(1269,'CSB23060',11,3,5.00),(1270,'CSB23060',11,4,7.00),(1271,'CSB23060',11,5,11.00),(1272,'CSB23060',11,6,0.00),(1273,'CSB23061',11,1,3.00),(1274,'CSB23061',11,2,5.00),(1275,'CSB23061',11,3,10.00),(1276,'CSB23061',11,4,7.00),(1277,'CSB23061',11,5,9.00),(1278,'CSB23061',11,6,0.00),(1279,'CSB23062',11,1,3.00),(1280,'CSB23062',11,2,7.00),(1281,'CSB23062',11,3,7.00),(1282,'CSB23062',11,4,7.00),(1283,'CSB23062',11,5,10.00),(1284,'CSB23062',11,6,0.00),(1285,'CSB23063',11,1,3.00),(1286,'CSB23063',11,2,7.00),(1287,'CSB23063',11,3,12.00),(1288,'CSB23063',11,4,7.00),(1289,'CSB23063',11,5,8.00),(1290,'CSB23063',11,6,0.00),(1291,'CSB23064',11,1,3.00),(1292,'CSB23064',11,2,7.00),(1293,'CSB23064',11,3,5.00),(1294,'CSB23064',11,4,7.00),(1295,'CSB23064',11,5,10.00),(1296,'CSB23064',11,6,0.00),(1297,'CSB23065',11,1,3.00),(1298,'CSB23065',11,2,7.00),(1299,'CSB23065',11,3,7.00),(1300,'CSB23065',11,4,7.00),(1301,'CSB23065',11,5,5.00),(1302,'CSB23065',11,6,0.00),(1303,'CSB23066',11,1,3.00),(1304,'CSB23066',11,2,6.00),(1305,'CSB23066',11,3,5.00),(1306,'CSB23066',11,4,7.00),(1307,'CSB23066',11,5,8.00),(1308,'CSB23066',11,6,0.00),(1309,'CSB23067',11,1,3.00),(1310,'CSB23067',11,2,7.00),(1311,'CSB23067',11,3,9.00),(1312,'CSB23067',11,4,7.00),(1313,'CSB23067',11,5,9.00),(1314,'CSB23067',11,6,0.00),(1315,'CSB23068',11,1,3.00),(1316,'CSB23068',11,2,7.00),(1317,'CSB23068',11,3,7.00),(1318,'CSB23068',11,4,7.00),(1319,'CSB23068',11,5,9.00),(1320,'CSB23068',11,6,0.00),(1321,'CSB23069',11,1,3.00),(1322,'CSB23069',11,2,7.00),(1323,'CSB23069',11,3,10.00),(1324,'CSB23069',11,4,6.00),(1325,'CSB23069',11,5,7.00),(1326,'CSB23069',11,6,0.00),(1327,'CSB23070',11,1,3.00),(1328,'CSB23070',11,2,3.00),(1329,'CSB23070',11,3,6.00),(1330,'CSB23070',11,4,6.00),(1331,'CSB23070',11,5,4.00),(1332,'CSB23070',11,6,0.00),(1333,'CSB23071',11,1,3.00),(1334,'CSB23071',11,2,2.00),(1335,'CSB23071',11,3,3.00),(1336,'CSB23071',11,4,6.00),(1337,'CSB23071',11,5,4.00),(1338,'CSB23071',11,6,0.00),(1339,'CSB23072',11,1,3.00),(1340,'CSB23072',11,2,7.00),(1341,'CSB23072',11,3,11.00),(1342,'CSB23072',11,4,7.00),(1343,'CSB23072',11,5,9.00),(1344,'CSB23072',11,6,0.00),(1345,'CSB23073',11,1,0.00),(1346,'CSB23073',11,2,0.00),(1347,'CSB23073',11,3,0.00),(1348,'CSB23073',11,4,7.00),(1349,'CSB23073',11,5,5.00),(1350,'CSB23073',11,6,0.00),(1351,'CSB23074',11,1,3.00),(1352,'CSB23074',11,2,7.00),(1353,'CSB23074',11,3,8.00),(1354,'CSB23074',11,4,7.00),(1355,'CSB23074',11,5,9.00),(1356,'CSB23074',11,6,0.00),(1357,'CSB23075',11,1,3.00),(1358,'CSB23075',11,2,7.00),(1359,'CSB23075',11,3,12.00),(1360,'CSB23075',11,4,4.00),(1361,'CSB23075',11,5,11.00),(1362,'CSB23075',11,6,0.00),(1363,'CSB23076',11,1,3.00),(1364,'CSB23076',11,2,7.00),(1365,'CSB23076',11,3,7.00),(1366,'CSB23076',11,4,7.00),(1367,'CSB23076',11,5,9.00),(1368,'CSB23076',11,6,0.00),(1369,'CSB23078',11,1,3.00),(1370,'CSB23078',11,2,7.00),(1371,'CSB23078',11,3,4.00),(1372,'CSB23078',11,4,7.00),(1373,'CSB23078',11,5,8.00),(1374,'CSB23078',11,6,0.00),(1375,'CSB23079',11,1,3.00),(1376,'CSB23079',11,2,6.00),(1377,'CSB23079',11,3,5.00),(1378,'CSB23079',11,4,7.00),(1379,'CSB23079',11,5,11.00),(1380,'CSB23079',11,6,0.00),(1381,'CSB23080',11,1,3.00),(1382,'CSB23080',11,2,3.00),(1383,'CSB23080',11,3,8.00),(1384,'CSB23080',11,4,7.00),(1385,'CSB23080',11,5,8.00),(1386,'CSB23080',11,6,0.00),(1387,'CSB23081',11,1,3.00),(1388,'CSB23081',11,2,7.00),(1389,'CSB23081',11,3,12.00),(1390,'CSB23081',11,4,7.00),(1391,'CSB23081',11,5,10.00),(1392,'CSB23081',11,6,0.00),(1393,'CSB24201',11,1,3.00),(1394,'CSB24201',11,2,5.00),(1395,'CSB24201',11,3,10.00),(1396,'CSB24201',11,4,6.00),(1397,'CSB24201',11,5,10.00),(1398,'CSB24201',11,6,0.00),(1399,'CSB24202',11,1,2.00),(1400,'CSB24202',11,2,3.00),(1401,'CSB24202',11,3,3.00),(1402,'CSB24202',11,4,7.00),(1403,'CSB24202',11,5,3.00),(1404,'CSB24202',11,6,0.00),(1405,'CSB24203',11,1,3.00),(1406,'CSB24203',11,2,4.00),(1407,'CSB24203',11,3,6.00),(1408,'CSB24203',11,4,5.00),(1409,'CSB24203',11,5,1.00),(1410,'CSB24203',11,6,0.00),(1411,'CSB24204',11,1,3.00),(1412,'CSB24204',11,2,7.00),(1413,'CSB24204',11,3,12.00),(1414,'CSB24204',11,4,7.00),(1415,'CSB24204',11,5,8.00),(1416,'CSB24204',11,6,0.00),(1417,'CSB24205',11,1,3.00),(1418,'CSB24205',11,2,7.00),(1419,'CSB24205',11,3,5.00),(1420,'CSB24205',11,4,7.00),(1421,'CSB24205',11,5,7.00),(1422,'CSB24205',11,6,0.00),(1423,'CSB21013',12,1,2.00),(1424,'CSB21013',12,2,3.00),(1425,'CSB21013',12,3,0.00),(1426,'CSB21013',12,4,0.00),(1427,'CSB21013',12,5,0.00),(1428,'CSB21013',12,6,0.00),(1429,'CSB21034',12,1,2.00),(1430,'CSB21034',12,2,0.00),(1431,'CSB21034',12,3,0.00),(1432,'CSB21034',12,4,0.00),(1433,'CSB21034',12,5,0.00),(1434,'CSB21034',12,6,0.00),(1435,'CSB22031',12,1,0.00),(1436,'CSB22031',12,2,3.00),(1437,'CSB22031',12,3,0.00),(1438,'CSB22031',12,4,0.00),(1439,'CSB22031',12,5,2.00),(1440,'CSB22031',12,6,0.00),(1441,'CSB22039',12,1,0.00),(1442,'CSB22039',12,2,0.00),(1443,'CSB22039',12,3,3.00),(1444,'CSB22039',12,4,0.00),(1445,'CSB22039',12,5,0.00),(1446,'CSB22039',12,6,0.00),(1447,'CSB22040',12,1,0.00),(1448,'CSB22040',12,2,0.00),(1449,'CSB22040',12,3,2.00),(1450,'CSB22040',12,4,3.00),(1451,'CSB22040',12,5,0.00),(1452,'CSB22040',12,6,0.00),(1453,'CSB22042',12,1,6.00),(1454,'CSB22042',12,2,3.00),(1455,'CSB22042',12,3,0.00),(1456,'CSB22042',12,4,0.00),(1457,'CSB22042',12,5,0.00),(1458,'CSB22042',12,6,0.00),(1459,'CSB22045',12,1,0.00),(1460,'CSB22045',12,2,0.00),(1461,'CSB22045',12,3,5.00),(1462,'CSB22045',12,4,0.00),(1463,'CSB22045',12,5,0.00),(1464,'CSB22045',12,6,0.00),(1465,'CSB22049',12,1,2.00),(1466,'CSB22049',12,2,0.00),(1467,'CSB22049',12,3,0.00),(1468,'CSB22049',12,4,0.00),(1469,'CSB22049',12,5,4.00),(1470,'CSB22049',12,6,0.00),(1471,'CSB22051',12,1,4.00),(1472,'CSB22051',12,2,2.00),(1473,'CSB22051',12,3,0.00),(1474,'CSB22051',12,4,0.00),(1475,'CSB22051',12,5,0.00),(1476,'CSB22051',12,6,0.00),(1477,'CSB22066',12,1,4.00),(1478,'CSB22066',12,2,3.00),(1479,'CSB22066',12,3,3.00),(1480,'CSB22066',12,4,7.00),(1481,'CSB22066',12,5,4.00),(1482,'CSB22066',12,6,0.00),(1483,'CSB22080',12,1,4.00),(1484,'CSB22080',12,2,2.00),(1485,'CSB22080',12,3,1.00),(1486,'CSB22080',12,4,3.00),(1487,'CSB22080',12,5,2.00),(1488,'CSB22080',12,6,0.00),(1489,'CSB23001',12,1,4.00),(1490,'CSB23001',12,2,2.00),(1491,'CSB23001',12,3,2.00),(1492,'CSB23001',12,4,3.00),(1493,'CSB23001',12,5,1.00),(1494,'CSB23001',12,6,0.00),(1495,'CSB23003',12,1,4.00),(1496,'CSB23003',12,2,1.00),(1497,'CSB23003',12,3,1.00),(1498,'CSB23003',12,4,0.00),(1499,'CSB23003',12,5,3.00),(1500,'CSB23003',12,6,0.00),(1501,'CSB23004',12,1,4.00),(1502,'CSB23004',12,2,3.00),(1503,'CSB23004',12,3,4.00),(1504,'CSB23004',12,4,8.00),(1505,'CSB23004',12,5,4.00),(1506,'CSB23004',12,6,0.00),(1507,'CSB23005',12,1,2.00),(1508,'CSB23005',12,2,3.00),(1509,'CSB23005',12,3,3.00),(1510,'CSB23005',12,4,3.00),(1511,'CSB23005',12,5,4.00),(1512,'CSB23005',12,6,0.00),(1513,'CSB23010',12,1,6.00),(1514,'CSB23010',12,2,3.00),(1515,'CSB23010',12,3,8.00),(1516,'CSB23010',12,4,9.00),(1517,'CSB23010',12,5,4.00),(1518,'CSB23010',12,6,0.00),(1519,'CSB23012',12,1,6.00),(1520,'CSB23012',12,2,3.00),(1521,'CSB23012',12,3,8.00),(1522,'CSB23012',12,4,8.00),(1523,'CSB23012',12,5,4.00),(1524,'CSB23012',12,6,0.00),(1525,'CSB23016',12,1,6.00),(1526,'CSB23016',12,2,3.00),(1527,'CSB23016',12,3,3.00),(1528,'CSB23016',12,4,2.00),(1529,'CSB23016',12,5,4.00),(1530,'CSB23016',12,6,0.00),(1531,'CSB23017',12,1,6.00),(1532,'CSB23017',12,2,3.00),(1533,'CSB23017',12,3,5.00),(1534,'CSB23017',12,4,5.00),(1535,'CSB23017',12,5,4.00),(1536,'CSB23017',12,6,0.00),(1537,'CSB23018',12,1,3.00),(1538,'CSB23018',12,2,3.00),(1539,'CSB23018',12,3,5.00),(1540,'CSB23018',12,4,6.00),(1541,'CSB23018',12,5,3.00),(1542,'CSB23018',12,6,0.00),(1543,'CSB23019',12,1,2.00),(1544,'CSB23019',12,2,3.00),(1545,'CSB23019',12,3,6.00),(1546,'CSB23019',12,4,9.00),(1547,'CSB23019',12,5,4.00),(1548,'CSB23019',12,6,0.00),(1549,'CSB23023',12,1,6.00),(1550,'CSB23023',12,2,3.00),(1551,'CSB23023',12,3,8.00),(1552,'CSB23023',12,4,7.00),(1553,'CSB23023',12,5,4.00),(1554,'CSB23023',12,6,0.00),(1555,'CSB23024',12,1,4.00),(1556,'CSB23024',12,2,3.00),(1557,'CSB23024',12,3,4.00),(1558,'CSB23024',12,4,3.00),(1559,'CSB23024',12,5,3.00),(1560,'CSB23024',12,6,0.00),(1561,'CSB23025',12,1,0.00),(1562,'CSB23025',12,2,0.00),(1563,'CSB23025',12,3,0.00),(1564,'CSB23025',12,4,1.00),(1565,'CSB23025',12,5,4.00),(1566,'CSB23025',12,6,0.00),(1567,'CSB23026',12,1,5.00),(1568,'CSB23026',12,2,3.00),(1569,'CSB23026',12,3,5.00),(1570,'CSB23026',12,4,7.00),(1571,'CSB23026',12,5,4.00),(1572,'CSB23026',12,6,0.00),(1573,'CSB23027',12,1,6.00),(1574,'CSB23027',12,2,3.00),(1575,'CSB23027',12,3,4.00),(1576,'CSB23027',12,4,2.00),(1577,'CSB23027',12,5,2.00),(1578,'CSB23027',12,6,0.00),(1579,'CSB23028',12,1,6.00),(1580,'CSB23028',12,2,1.00),(1581,'CSB23028',12,3,0.00),(1582,'CSB23028',12,4,0.00),(1583,'CSB23028',12,5,0.00),(1584,'CSB23028',12,6,0.00),(1585,'CSB23029',12,1,3.00),(1586,'CSB23029',12,2,3.00),(1587,'CSB23029',12,3,5.00),(1588,'CSB23029',12,4,4.00),(1589,'CSB23029',12,5,4.00),(1590,'CSB23029',12,6,0.00),(1591,'CSB23031',12,1,6.00),(1592,'CSB23031',12,2,3.00),(1593,'CSB23031',12,3,7.00),(1594,'CSB23031',12,4,8.00),(1595,'CSB23031',12,5,4.00),(1596,'CSB23031',12,6,0.00),(1597,'CSB23032',12,1,4.00),(1598,'CSB23032',12,2,3.00),(1599,'CSB23032',12,3,6.00),(1600,'CSB23032',12,4,4.00),(1601,'CSB23032',12,5,4.00),(1602,'CSB23032',12,6,0.00),(1603,'CSB23033',12,1,1.00),(1604,'CSB23033',12,2,2.00),(1605,'CSB23033',12,3,4.00),(1606,'CSB23033',12,4,4.00),(1607,'CSB23033',12,5,4.00),(1608,'CSB23033',12,6,0.00),(1609,'CSB23034',12,1,4.00),(1610,'CSB23034',12,2,3.00),(1611,'CSB23034',12,3,5.00),(1612,'CSB23034',12,4,5.00),(1613,'CSB23034',12,5,4.00),(1614,'CSB23034',12,6,0.00),(1615,'CSB23035',12,1,4.00),(1616,'CSB23035',12,2,3.00),(1617,'CSB23035',12,3,5.00),(1618,'CSB23035',12,4,9.00),(1619,'CSB23035',12,5,3.00),(1620,'CSB23035',12,6,0.00),(1621,'CSB23037',12,1,6.00),(1622,'CSB23037',12,2,3.00),(1623,'CSB23037',12,3,8.00),(1624,'CSB23037',12,4,8.00),(1625,'CSB23037',12,5,4.00),(1626,'CSB23037',12,6,0.00),(1627,'CSB23038',12,1,1.00),(1628,'CSB23038',12,2,1.00),(1629,'CSB23038',12,3,4.00),(1630,'CSB23038',12,4,2.00),(1631,'CSB23038',12,5,4.00),(1632,'CSB23038',12,6,0.00),(1633,'CSB23039',12,1,6.00),(1634,'CSB23039',12,2,3.00),(1635,'CSB23039',12,3,3.00),(1636,'CSB23039',12,4,2.00),(1637,'CSB23039',12,5,4.00),(1638,'CSB23039',12,6,0.00),(1639,'CSB23040',12,1,6.00),(1640,'CSB23040',12,2,3.00),(1641,'CSB23040',12,3,5.00),(1642,'CSB23040',12,4,3.00),(1643,'CSB23040',12,5,4.00),(1644,'CSB23040',12,6,0.00),(1645,'CSB23041',12,1,6.00),(1646,'CSB23041',12,2,3.00),(1647,'CSB23041',12,3,3.00),(1648,'CSB23041',12,4,4.00),(1649,'CSB23041',12,5,4.00),(1650,'CSB23041',12,6,0.00),(1651,'CSB23042',12,1,6.00),(1652,'CSB23042',12,2,3.00),(1653,'CSB23042',12,3,5.00),(1654,'CSB23042',12,4,9.00),(1655,'CSB23042',12,5,4.00),(1656,'CSB23042',12,6,0.00),(1657,'CSB23044',12,1,3.00),(1658,'CSB23044',12,2,3.00),(1659,'CSB23044',12,3,3.00),(1660,'CSB23044',12,4,4.00),(1661,'CSB23044',12,5,4.00),(1662,'CSB23044',12,6,0.00),(1663,'CSB23045',12,1,6.00),(1664,'CSB23045',12,2,3.00),(1665,'CSB23045',12,3,5.00),(1666,'CSB23045',12,4,8.00),(1667,'CSB23045',12,5,4.00),(1668,'CSB23045',12,6,0.00),(1669,'CSB23046',12,1,2.00),(1670,'CSB23046',12,2,0.00),(1671,'CSB23046',12,3,3.00),(1672,'CSB23046',12,4,2.00),(1673,'CSB23046',12,5,4.00),(1674,'CSB23046',12,6,0.00),(1675,'CSB23047',12,1,4.00),(1676,'CSB23047',12,2,3.00),(1677,'CSB23047',12,3,5.00),(1678,'CSB23047',12,4,2.00),(1679,'CSB23047',12,5,4.00),(1680,'CSB23047',12,6,0.00),(1681,'CSB23048',12,1,0.00),(1682,'CSB23048',12,2,0.00),(1683,'CSB23048',12,3,0.00),(1684,'CSB23048',12,4,5.00),(1685,'CSB23048',12,5,4.00),(1686,'CSB23048',12,6,0.00),(1687,'CSB23050',12,1,6.00),(1688,'CSB23050',12,2,3.00),(1689,'CSB23050',12,3,8.00),(1690,'CSB23050',12,4,4.00),(1691,'CSB23050',12,5,4.00),(1692,'CSB23050',12,6,0.00),(1693,'CSB23051',12,1,4.00),(1694,'CSB23051',12,2,3.00),(1695,'CSB23051',12,3,7.00),(1696,'CSB23051',12,4,5.00),(1697,'CSB23051',12,5,4.00),(1698,'CSB23051',12,6,0.00),(1699,'CSB23052',12,1,0.00),(1700,'CSB23052',12,2,0.00),(1701,'CSB23052',12,3,0.00),(1702,'CSB23052',12,4,0.00),(1703,'CSB23052',12,5,0.00),(1704,'CSB23052',12,6,0.00),(1705,'CSB23053',12,1,2.00),(1706,'CSB23053',12,2,3.00),(1707,'CSB23053',12,3,5.00),(1708,'CSB23053',12,4,4.00),(1709,'CSB23053',12,5,4.00),(1710,'CSB23053',12,6,0.00),(1711,'CSB23054',12,1,4.00),(1712,'CSB23054',12,2,3.00),(1713,'CSB23054',12,3,6.00),(1714,'CSB23054',12,4,9.00),(1715,'CSB23054',12,5,4.00),(1716,'CSB23054',12,6,0.00),(1717,'CSB23055',12,1,6.00),(1718,'CSB23055',12,2,3.00),(1719,'CSB23055',12,3,7.00),(1720,'CSB23055',12,4,6.00),(1721,'CSB23055',12,5,4.00),(1722,'CSB23055',12,6,0.00),(1723,'CSB23056',12,1,4.00),(1724,'CSB23056',12,2,3.00),(1725,'CSB23056',12,3,8.00),(1726,'CSB23056',12,4,5.00),(1727,'CSB23056',12,5,4.00),(1728,'CSB23056',12,6,0.00),(1729,'CSB23057',12,1,6.00),(1730,'CSB23057',12,2,3.00),(1731,'CSB23057',12,3,5.00),(1732,'CSB23057',12,4,6.00),(1733,'CSB23057',12,5,4.00),(1734,'CSB23057',12,6,0.00),(1735,'CSB23059',12,1,5.00),(1736,'CSB23059',12,2,2.00),(1737,'CSB23059',12,3,1.00),(1738,'CSB23059',12,4,3.00),(1739,'CSB23059',12,5,1.00),(1740,'CSB23059',12,6,0.00),(1741,'CSB23060',12,1,2.00),(1742,'CSB23060',12,2,1.00),(1743,'CSB23060',12,3,5.00),(1744,'CSB23060',12,4,4.00),(1745,'CSB23060',12,5,3.00),(1746,'CSB23060',12,6,0.00),(1747,'CSB23061',12,1,6.00),(1748,'CSB23061',12,2,3.00),(1749,'CSB23061',12,3,7.00),(1750,'CSB23061',12,4,7.00),(1751,'CSB23061',12,5,4.00),(1752,'CSB23061',12,6,0.00),(1753,'CSB23062',12,1,3.00),(1754,'CSB23062',12,2,3.00),(1755,'CSB23062',12,3,7.00),(1756,'CSB23062',12,4,5.00),(1757,'CSB23062',12,5,3.00),(1758,'CSB23062',12,6,0.00),(1759,'CSB23063',12,1,6.00),(1760,'CSB23063',12,2,3.00),(1761,'CSB23063',12,3,5.00),(1762,'CSB23063',12,4,2.00),(1763,'CSB23063',12,5,4.00),(1764,'CSB23063',12,6,0.00),(1765,'CSB23064',12,1,4.00),(1766,'CSB23064',12,2,3.00),(1767,'CSB23064',12,3,7.00),(1768,'CSB23064',12,4,2.00),(1769,'CSB23064',12,5,4.00),(1770,'CSB23064',12,6,0.00),(1771,'CSB23065',12,1,6.00),(1772,'CSB23065',12,2,3.00),(1773,'CSB23065',12,3,8.00),(1774,'CSB23065',12,4,9.00),(1775,'CSB23065',12,5,4.00),(1776,'CSB23065',12,6,0.00),(1777,'CSB23066',12,1,6.00),(1778,'CSB23066',12,2,3.00),(1779,'CSB23066',12,3,6.00),(1780,'CSB23066',12,4,7.00),(1781,'CSB23066',12,5,4.00),(1782,'CSB23066',12,6,0.00),(1783,'CSB23067',12,1,6.00),(1784,'CSB23067',12,2,3.00),(1785,'CSB23067',12,3,7.00),(1786,'CSB23067',12,4,8.00),(1787,'CSB23067',12,5,4.00),(1788,'CSB23067',12,6,0.00),(1789,'CSB23068',12,1,4.00),(1790,'CSB23068',12,2,2.00),(1791,'CSB23068',12,3,7.00),(1792,'CSB23068',12,4,4.00),(1793,'CSB23068',12,5,4.00),(1794,'CSB23068',12,6,0.00),(1795,'CSB23069',12,1,4.00),(1796,'CSB23069',12,2,2.00),(1797,'CSB23069',12,3,8.00),(1798,'CSB23069',12,4,6.00),(1799,'CSB23069',12,5,1.00),(1800,'CSB23069',12,6,0.00),(1801,'CSB23070',12,1,1.00),(1802,'CSB23070',12,2,3.00),(1803,'CSB23070',12,3,1.00),(1804,'CSB23070',12,4,2.00),(1805,'CSB23070',12,5,4.00),(1806,'CSB23070',12,6,0.00),(1807,'CSB23071',12,1,0.00),(1808,'CSB23071',12,2,0.00),(1809,'CSB23071',12,3,4.00),(1810,'CSB23071',12,4,0.00),(1811,'CSB23071',12,5,4.00),(1812,'CSB23071',12,6,0.00),(1813,'CSB23072',12,1,6.00),(1814,'CSB23072',12,2,3.00),(1815,'CSB23072',12,3,8.00),(1816,'CSB23072',12,4,9.00),(1817,'CSB23072',12,5,4.00),(1818,'CSB23072',12,6,0.00),(1819,'CSB23073',12,1,0.00),(1820,'CSB23073',12,2,0.00),(1821,'CSB23073',12,3,0.00),(1822,'CSB23073',12,4,0.00),(1823,'CSB23073',12,5,0.00),(1824,'CSB23073',12,6,0.00),(1825,'CSB23074',12,1,6.00),(1826,'CSB23074',12,2,3.00),(1827,'CSB23074',12,3,8.00),(1828,'CSB23074',12,4,9.00),(1829,'CSB23074',12,5,4.00),(1830,'CSB23074',12,6,0.00),(1831,'CSB23075',12,1,3.00),(1832,'CSB23075',12,2,3.00),(1833,'CSB23075',12,3,5.00),(1834,'CSB23075',12,4,9.00),(1835,'CSB23075',12,5,4.00),(1836,'CSB23075',12,6,0.00),(1837,'CSB23076',12,1,6.00),(1838,'CSB23076',12,2,3.00),(1839,'CSB23076',12,3,6.00),(1840,'CSB23076',12,4,7.00),(1841,'CSB23076',12,5,4.00),(1842,'CSB23076',12,6,0.00),(1843,'CSB23078',12,1,4.00),(1844,'CSB23078',12,2,3.00),(1845,'CSB23078',12,3,3.00),(1846,'CSB23078',12,4,2.00),(1847,'CSB23078',12,5,4.00),(1848,'CSB23078',12,6,0.00),(1849,'CSB23079',12,1,1.00),(1850,'CSB23079',12,2,3.00),(1851,'CSB23079',12,3,4.00),(1852,'CSB23079',12,4,4.00),(1853,'CSB23079',12,5,2.00),(1854,'CSB23079',12,6,0.00),(1855,'CSB23080',12,1,2.00),(1856,'CSB23080',12,2,0.00),(1857,'CSB23080',12,3,0.00),(1858,'CSB23080',12,4,4.00),(1859,'CSB23080',12,5,0.00),(1860,'CSB23080',12,6,0.00),(1861,'CSB23081',12,1,6.00),(1862,'CSB23081',12,2,3.00),(1863,'CSB23081',12,3,5.00),(1864,'CSB23081',12,4,6.00),(1865,'CSB23081',12,5,4.00),(1866,'CSB23081',12,6,0.00),(1867,'CSB24201',12,1,6.00),(1868,'CSB24201',12,2,3.00),(1869,'CSB24201',12,3,3.00),(1870,'CSB24201',12,4,4.00),(1871,'CSB24201',12,5,2.00),(1872,'CSB24201',12,6,0.00),(1873,'CSB24202',12,1,4.00),(1874,'CSB24202',12,2,3.00),(1875,'CSB24202',12,3,2.00),(1876,'CSB24202',12,4,2.00),(1877,'CSB24202',12,5,2.00),(1878,'CSB24202',12,6,0.00),(1879,'CSB24203',12,1,0.00),(1880,'CSB24203',12,2,3.00),(1881,'CSB24203',12,3,6.00),(1882,'CSB24203',12,4,5.00),(1883,'CSB24203',12,5,4.00),(1884,'CSB24203',12,6,0.00),(1885,'CSB24204',12,1,6.00),(1886,'CSB24204',12,2,3.00),(1887,'CSB24204',12,3,8.00),(1888,'CSB24204',12,4,9.00),(1889,'CSB24204',12,5,4.00),(1890,'CSB24204',12,6,0.00),(1891,'CSB24205',12,1,3.00),(1892,'CSB24205',12,2,3.00),(1893,'CSB24205',12,3,5.00),(1894,'CSB24205',12,4,1.00),(1895,'CSB24205',12,5,2.00),(1896,'CSB24205',12,6,0.00),(1897,'CSB22002',13,1,9.00),(1898,'CSB22002',13,2,0.00),(1899,'CSB22002',13,3,0.00),(1900,'CSB22002',13,4,0.00),(1901,'CSB22002',13,5,0.00),(1902,'CSB22002',13,6,0.00),(1903,'CSB22003',13,1,9.00),(1904,'CSB22003',13,2,0.00),(1905,'CSB22003',13,3,0.00),(1906,'CSB22003',13,4,0.00),(1907,'CSB22003',13,5,0.00),(1908,'CSB22003',13,6,0.00),(1909,'CSB22005',13,1,4.00),(1910,'CSB22005',13,2,0.00),(1911,'CSB22005',13,3,0.00),(1912,'CSB22005',13,4,0.00),(1913,'CSB22005',13,5,0.00),(1914,'CSB22005',13,6,0.00),(1915,'CSB22006',13,1,7.00),(1916,'CSB22006',13,2,0.00),(1917,'CSB22006',13,3,0.00),(1918,'CSB22006',13,4,0.00),(1919,'CSB22006',13,5,0.00),(1920,'CSB22006',13,6,0.00),(1921,'CSB22008',13,1,1.00),(1922,'CSB22008',13,2,0.00),(1923,'CSB22008',13,3,0.00),(1924,'CSB22008',13,4,0.00),(1925,'CSB22008',13,5,0.00),(1926,'CSB22008',13,6,0.00),(1927,'CSB22012',13,1,6.00),(1928,'CSB22012',13,2,0.00),(1929,'CSB22012',13,3,0.00),(1930,'CSB22012',13,4,0.00),(1931,'CSB22012',13,5,0.00),(1932,'CSB22012',13,6,0.00),(1933,'CSB22015',13,1,5.00),(1934,'CSB22015',13,2,0.00),(1935,'CSB22015',13,3,0.00),(1936,'CSB22015',13,4,0.00),(1937,'CSB22015',13,5,0.00),(1938,'CSB22015',13,6,0.00),(1939,'CSB22018',13,1,8.00),(1940,'CSB22018',13,2,0.00),(1941,'CSB22018',13,3,0.00),(1942,'CSB22018',13,4,0.00),(1943,'CSB22018',13,5,0.00),(1944,'CSB22018',13,6,0.00),(1945,'CSB22020',13,1,6.00),(1946,'CSB22020',13,2,0.00),(1947,'CSB22020',13,3,0.00),(1948,'CSB22020',13,4,0.00),(1949,'CSB22020',13,5,0.00),(1950,'CSB22020',13,6,0.00),(1951,'CSB22021',13,1,8.00),(1952,'CSB22021',13,2,0.00),(1953,'CSB22021',13,3,0.00),(1954,'CSB22021',13,4,0.00),(1955,'CSB22021',13,5,0.00),(1956,'CSB22021',13,6,0.00),(1957,'CSB22022',13,1,8.00),(1958,'CSB22022',13,2,0.00),(1959,'CSB22022',13,3,0.00),(1960,'CSB22022',13,4,0.00),(1961,'CSB22022',13,5,0.00),(1962,'CSB22022',13,6,0.00),(1963,'CSB22023',13,1,9.00),(1964,'CSB22023',13,2,0.00),(1965,'CSB22023',13,3,0.00),(1966,'CSB22023',13,4,0.00),(1967,'CSB22023',13,5,0.00),(1968,'CSB22023',13,6,0.00),(1969,'CSB22024',13,1,6.00),(1970,'CSB22024',13,2,0.00),(1971,'CSB22024',13,3,0.00),(1972,'CSB22024',13,4,0.00),(1973,'CSB22024',13,5,0.00),(1974,'CSB22024',13,6,0.00),(1975,'CSB22025',13,1,8.00),(1976,'CSB22025',13,2,0.00),(1977,'CSB22025',13,3,0.00),(1978,'CSB22025',13,4,0.00),(1979,'CSB22025',13,5,0.00),(1980,'CSB22025',13,6,0.00),(1981,'CSB22028',13,1,2.00),(1982,'CSB22028',13,2,0.00),(1983,'CSB22028',13,3,0.00),(1984,'CSB22028',13,4,0.00),(1985,'CSB22028',13,5,0.00),(1986,'CSB22028',13,6,0.00),(1987,'CSB22031',13,1,2.00),(1988,'CSB22031',13,2,0.00),(1989,'CSB22031',13,3,0.00),(1990,'CSB22031',13,4,0.00),(1991,'CSB22031',13,5,0.00),(1992,'CSB22031',13,6,0.00),(1993,'CSB22034',13,1,7.00),(1994,'CSB22034',13,2,0.00),(1995,'CSB22034',13,3,0.00),(1996,'CSB22034',13,4,0.00),(1997,'CSB22034',13,5,0.00),(1998,'CSB22034',13,6,0.00),(1999,'CSB22035',13,1,2.00),(2000,'CSB22035',13,2,0.00),(2001,'CSB22035',13,3,0.00),(2002,'CSB22035',13,4,0.00),(2003,'CSB22035',13,5,0.00),(2004,'CSB22035',13,6,0.00),(2005,'CSB22036',13,1,7.00),(2006,'CSB22036',13,2,0.00),(2007,'CSB22036',13,3,0.00),(2008,'CSB22036',13,4,0.00),(2009,'CSB22036',13,5,0.00),(2010,'CSB22036',13,6,0.00),(2011,'CSB22039',13,1,2.00),(2012,'CSB22039',13,2,0.00),(2013,'CSB22039',13,3,0.00),(2014,'CSB22039',13,4,0.00),(2015,'CSB22039',13,5,0.00),(2016,'CSB22039',13,6,0.00),(2017,'CSB22041',13,1,5.00),(2018,'CSB22041',13,2,0.00),(2019,'CSB22041',13,3,0.00),(2020,'CSB22041',13,4,0.00),(2021,'CSB22041',13,5,0.00),(2022,'CSB22041',13,6,0.00),(2023,'CSB22042',13,1,6.00),(2024,'CSB22042',13,2,0.00),(2025,'CSB22042',13,3,0.00),(2026,'CSB22042',13,4,0.00),(2027,'CSB22042',13,5,0.00),(2028,'CSB22042',13,6,0.00),(2029,'CSB22044',13,1,6.00),(2030,'CSB22044',13,2,0.00),(2031,'CSB22044',13,3,0.00),(2032,'CSB22044',13,4,0.00),(2033,'CSB22044',13,5,0.00),(2034,'CSB22044',13,6,0.00),(2035,'CSB22045',13,1,2.00),(2036,'CSB22045',13,2,0.00),(2037,'CSB22045',13,3,0.00),(2038,'CSB22045',13,4,0.00),(2039,'CSB22045',13,5,0.00),(2040,'CSB22045',13,6,0.00),(2041,'CSB22046',13,1,8.00),(2042,'CSB22046',13,2,0.00),(2043,'CSB22046',13,3,0.00),(2044,'CSB22046',13,4,0.00),(2045,'CSB22046',13,5,0.00),(2046,'CSB22046',13,6,0.00),(2047,'CSB22047',13,1,5.00),(2048,'CSB22047',13,2,0.00),(2049,'CSB22047',13,3,0.00),(2050,'CSB22047',13,4,0.00),(2051,'CSB22047',13,5,0.00),(2052,'CSB22047',13,6,0.00),(2053,'CSB22048',13,1,6.00),(2054,'CSB22048',13,2,0.00),(2055,'CSB22048',13,3,0.00),(2056,'CSB22048',13,4,0.00),(2057,'CSB22048',13,5,0.00),(2058,'CSB22048',13,6,0.00),(2059,'CSB22049',13,1,4.00),(2060,'CSB22049',13,2,0.00),(2061,'CSB22049',13,3,0.00),(2062,'CSB22049',13,4,0.00),(2063,'CSB22049',13,5,0.00),(2064,'CSB22049',13,6,0.00),(2065,'CSB22051',13,1,8.00),(2066,'CSB22051',13,2,0.00),(2067,'CSB22051',13,3,0.00),(2068,'CSB22051',13,4,0.00),(2069,'CSB22051',13,5,0.00),(2070,'CSB22051',13,6,0.00),(2071,'CSB22052',13,1,5.00),(2072,'CSB22052',13,2,0.00),(2073,'CSB22052',13,3,0.00),(2074,'CSB22052',13,4,0.00),(2075,'CSB22052',13,5,0.00),(2076,'CSB22052',13,6,0.00),(2077,'CSB22053',13,1,6.00),(2078,'CSB22053',13,2,0.00),(2079,'CSB22053',13,3,0.00),(2080,'CSB22053',13,4,0.00),(2081,'CSB22053',13,5,0.00),(2082,'CSB22053',13,6,0.00),(2083,'CSB22054',13,1,9.00),(2084,'CSB22054',13,2,0.00),(2085,'CSB22054',13,3,0.00),(2086,'CSB22054',13,4,0.00),(2087,'CSB22054',13,5,0.00),(2088,'CSB22054',13,6,0.00),(2089,'CSB22055',13,1,8.00),(2090,'CSB22055',13,2,0.00),(2091,'CSB22055',13,3,0.00),(2092,'CSB22055',13,4,0.00),(2093,'CSB22055',13,5,0.00),(2094,'CSB22055',13,6,0.00),(2095,'CSB22056',13,1,7.00),(2096,'CSB22056',13,2,0.00),(2097,'CSB22056',13,3,0.00),(2098,'CSB22056',13,4,0.00),(2099,'CSB22056',13,5,0.00),(2100,'CSB22056',13,6,0.00),(2101,'CSB22057',13,1,5.00),(2102,'CSB22057',13,2,0.00),(2103,'CSB22057',13,3,0.00),(2104,'CSB22057',13,4,0.00),(2105,'CSB22057',13,5,0.00),(2106,'CSB22057',13,6,0.00),(2107,'CSB22058',13,1,6.00),(2108,'CSB22058',13,2,0.00),(2109,'CSB22058',13,3,0.00),(2110,'CSB22058',13,4,0.00),(2111,'CSB22058',13,5,0.00),(2112,'CSB22058',13,6,0.00),(2113,'CSB22059',13,1,7.00),(2114,'CSB22059',13,2,0.00),(2115,'CSB22059',13,3,0.00),(2116,'CSB22059',13,4,0.00),(2117,'CSB22059',13,5,0.00),(2118,'CSB22059',13,6,0.00),(2119,'CSB22060',13,1,5.00),(2120,'CSB22060',13,2,0.00),(2121,'CSB22060',13,3,0.00),(2122,'CSB22060',13,4,0.00),(2123,'CSB22060',13,5,0.00),(2124,'CSB22060',13,6,0.00),(2125,'CSB22061',13,1,6.00),(2126,'CSB22061',13,2,0.00),(2127,'CSB22061',13,3,0.00),(2128,'CSB22061',13,4,0.00),(2129,'CSB22061',13,5,0.00),(2130,'CSB22061',13,6,0.00),(2131,'CSB22062',13,1,7.00),(2132,'CSB22062',13,2,0.00),(2133,'CSB22062',13,3,0.00),(2134,'CSB22062',13,4,0.00),(2135,'CSB22062',13,5,0.00),(2136,'CSB22062',13,6,0.00),(2137,'CSB22063',13,1,3.00),(2138,'CSB22063',13,2,0.00),(2139,'CSB22063',13,3,0.00),(2140,'CSB22063',13,4,0.00),(2141,'CSB22063',13,5,0.00),(2142,'CSB22063',13,6,0.00),(2143,'CSB22064',13,1,9.00),(2144,'CSB22064',13,2,0.00),(2145,'CSB22064',13,3,0.00),(2146,'CSB22064',13,4,0.00),(2147,'CSB22064',13,5,0.00),(2148,'CSB22064',13,6,0.00),(2149,'CSB22065',13,1,8.00),(2150,'CSB22065',13,2,0.00),(2151,'CSB22065',13,3,0.00),(2152,'CSB22065',13,4,0.00),(2153,'CSB22065',13,5,0.00),(2154,'CSB22065',13,6,0.00),(2155,'CSB22067',13,1,4.00),(2156,'CSB22067',13,2,0.00),(2157,'CSB22067',13,3,0.00),(2158,'CSB22067',13,4,0.00),(2159,'CSB22067',13,5,0.00),(2160,'CSB22067',13,6,0.00),(2161,'CSB22069',13,1,6.00),(2162,'CSB22069',13,2,0.00),(2163,'CSB22069',13,3,0.00),(2164,'CSB22069',13,4,0.00),(2165,'CSB22069',13,5,0.00),(2166,'CSB22069',13,6,0.00),(2167,'CSB22070',13,1,7.00),(2168,'CSB22070',13,2,0.00),(2169,'CSB22070',13,3,0.00),(2170,'CSB22070',13,4,0.00),(2171,'CSB22070',13,5,0.00),(2172,'CSB22070',13,6,0.00),(2173,'CSB22071',13,1,5.00),(2174,'CSB22071',13,2,0.00),(2175,'CSB22071',13,3,0.00),(2176,'CSB22071',13,4,0.00),(2177,'CSB22071',13,5,0.00),(2178,'CSB22071',13,6,0.00),(2179,'CSB22072',13,1,6.00),(2180,'CSB22072',13,2,0.00),(2181,'CSB22072',13,3,0.00),(2182,'CSB22072',13,4,0.00),(2183,'CSB22072',13,5,0.00),(2184,'CSB22072',13,6,0.00),(2185,'CSB22073',13,1,7.00),(2186,'CSB22073',13,2,0.00),(2187,'CSB22073',13,3,0.00),(2188,'CSB22073',13,4,0.00),(2189,'CSB22073',13,5,0.00),(2190,'CSB22073',13,6,0.00),(2191,'CSB22075',13,1,7.00),(2192,'CSB22075',13,2,0.00),(2193,'CSB22075',13,3,0.00),(2194,'CSB22075',13,4,0.00),(2195,'CSB22075',13,5,0.00),(2196,'CSB22075',13,6,0.00),(2197,'CSB22076',13,1,4.00),(2198,'CSB22076',13,2,0.00),(2199,'CSB22076',13,3,0.00),(2200,'CSB22076',13,4,0.00),(2201,'CSB22076',13,5,0.00),(2202,'CSB22076',13,6,0.00),(2203,'CSB22078',13,1,6.00),(2204,'CSB22078',13,2,0.00),(2205,'CSB22078',13,3,0.00),(2206,'CSB22078',13,4,0.00),(2207,'CSB22078',13,5,0.00),(2208,'CSB22078',13,6,0.00),(2209,'CSB22079',13,1,9.00),(2210,'CSB22079',13,2,0.00),(2211,'CSB22079',13,3,0.00),(2212,'CSB22079',13,4,0.00),(2213,'CSB22079',13,5,0.00),(2214,'CSB22079',13,6,0.00),(2215,'CSB22080',13,1,4.00),(2216,'CSB22080',13,2,0.00),(2217,'CSB22080',13,3,0.00),(2218,'CSB22080',13,4,0.00),(2219,'CSB22080',13,5,0.00),(2220,'CSB22080',13,6,0.00),(2221,'CSB22081',13,1,6.00),(2222,'CSB22081',13,2,0.00),(2223,'CSB22081',13,3,0.00),(2224,'CSB22081',13,4,0.00),(2225,'CSB22081',13,5,0.00),(2226,'CSB22081',13,6,0.00),(2227,'CSB22082',13,1,6.00),(2228,'CSB22082',13,2,0.00),(2229,'CSB22082',13,3,0.00),(2230,'CSB22082',13,4,0.00),(2231,'CSB22082',13,5,0.00),(2232,'CSB22082',13,6,0.00),(2233,'CSB22083',13,1,6.00),(2234,'CSB22083',13,2,0.00),(2235,'CSB22083',13,3,0.00),(2236,'CSB22083',13,4,0.00),(2237,'CSB22083',13,5,0.00),(2238,'CSB22083',13,6,0.00),(2239,'CSB22084',13,1,6.00),(2240,'CSB22084',13,2,0.00),(2241,'CSB22084',13,3,0.00),(2242,'CSB22084',13,4,0.00),(2243,'CSB22084',13,5,0.00),(2244,'CSB22084',13,6,0.00),(2245,'CSB23201',13,1,4.00),(2246,'CSB23201',13,2,0.00),(2247,'CSB23201',13,3,0.00),(2248,'CSB23201',13,4,0.00),(2249,'CSB23201',13,5,0.00),(2250,'CSB23201',13,6,0.00),(2251,'CSB23202',13,1,8.00),(2252,'CSB23202',13,2,0.00),(2253,'CSB23202',13,3,0.00),(2254,'CSB23202',13,4,0.00),(2255,'CSB23202',13,5,0.00),(2256,'CSB23202',13,6,0.00),(2257,'CSB23203',13,1,9.00),(2258,'CSB23203',13,2,0.00),(2259,'CSB23203',13,3,0.00),(2260,'CSB23203',13,4,0.00),(2261,'CSB23203',13,5,0.00),(2262,'CSB23203',13,6,0.00),(2263,'CSB23204',13,1,9.00),(2264,'CSB23204',13,2,0.00),(2265,'CSB23204',13,3,0.00),(2266,'CSB23204',13,4,0.00),(2267,'CSB23204',13,5,0.00),(2268,'CSB23204',13,6,0.00),(2269,'CSB23205',13,1,6.00),(2270,'CSB23205',13,2,0.00),(2271,'CSB23205',13,3,0.00),(2272,'CSB23205',13,4,0.00),(2273,'CSB23205',13,5,0.00),(2274,'CSB23205',13,6,0.00),(2275,'CSB23206',13,1,8.00),(2276,'CSB23206',13,2,0.00),(2277,'CSB23206',13,3,0.00),(2278,'CSB23206',13,4,0.00),(2279,'CSB23206',13,5,0.00),(2280,'CSB23206',13,6,0.00),(2281,'CSB23207',13,1,9.00),(2282,'CSB23207',13,2,0.00),(2283,'CSB23207',13,3,0.00),(2284,'CSB23207',13,4,0.00),(2285,'CSB23207',13,5,0.00),(2286,'CSB23207',13,6,0.00),(2287,'CSB22002',14,1,0.00),(2288,'CSB22002',14,2,12.00),(2289,'CSB22002',14,3,7.00),(2290,'CSB22002',14,4,0.00),(2291,'CSB22002',14,5,0.00),(2292,'CSB22002',14,6,0.00),(2293,'CSB22003',14,1,3.00),(2294,'CSB22003',14,2,11.00),(2295,'CSB22003',14,3,11.00),(2296,'CSB22003',14,4,0.00),(2297,'CSB22003',14,5,0.00),(2298,'CSB22003',14,6,0.00),(2299,'CSB22005',14,1,2.00),(2300,'CSB22005',14,2,13.00),(2301,'CSB22005',14,3,11.00),(2302,'CSB22005',14,4,0.00),(2303,'CSB22005',14,5,0.00),(2304,'CSB22005',14,6,0.00),(2305,'CSB22006',14,1,1.00),(2306,'CSB22006',14,2,12.00),(2307,'CSB22006',14,3,4.00),(2308,'CSB22006',14,4,0.00),(2309,'CSB22006',14,5,0.00),(2310,'CSB22006',14,6,0.00),(2311,'CSB22008',14,1,0.00),(2312,'CSB22008',14,2,2.00),(2313,'CSB22008',14,3,1.00),(2314,'CSB22008',14,4,0.00),(2315,'CSB22008',14,5,0.00),(2316,'CSB22008',14,6,0.00),(2317,'CSB22012',14,1,0.00),(2318,'CSB22012',14,2,5.00),(2319,'CSB22012',14,3,2.00),(2320,'CSB22012',14,4,0.00),(2321,'CSB22012',14,5,0.00),(2322,'CSB22012',14,6,0.00),(2323,'CSB22015',14,1,0.00),(2324,'CSB22015',14,2,4.00),(2325,'CSB22015',14,3,2.00),(2326,'CSB22015',14,4,0.00),(2327,'CSB22015',14,5,0.00),(2328,'CSB22015',14,6,0.00),(2329,'CSB22018',14,1,0.00),(2330,'CSB22018',14,2,9.00),(2331,'CSB22018',14,3,2.00),(2332,'CSB22018',14,4,0.00),(2333,'CSB22018',14,5,0.00),(2334,'CSB22018',14,6,0.00),(2335,'CSB22020',14,1,4.00),(2336,'CSB22020',14,2,10.00),(2337,'CSB22020',14,3,9.00),(2338,'CSB22020',14,4,0.00),(2339,'CSB22020',14,5,0.00),(2340,'CSB22020',14,6,0.00),(2341,'CSB22021',14,1,0.00),(2342,'CSB22021',14,2,5.00),(2343,'CSB22021',14,3,3.00),(2344,'CSB22021',14,4,0.00),(2345,'CSB22021',14,5,0.00),(2346,'CSB22021',14,6,0.00),(2347,'CSB22022',14,1,0.00),(2348,'CSB22022',14,2,11.00),(2349,'CSB22022',14,3,2.00),(2350,'CSB22022',14,4,0.00),(2351,'CSB22022',14,5,0.00),(2352,'CSB22022',14,6,0.00),(2353,'CSB22023',14,1,1.00),(2354,'CSB22023',14,2,11.00),(2355,'CSB22023',14,3,2.00),(2356,'CSB22023',14,4,0.00),(2357,'CSB22023',14,5,0.00),(2358,'CSB22023',14,6,0.00),(2359,'CSB22024',14,1,0.00),(2360,'CSB22024',14,2,8.00),(2361,'CSB22024',14,3,1.00),(2362,'CSB22024',14,4,0.00),(2363,'CSB22024',14,5,0.00),(2364,'CSB22024',14,6,0.00),(2365,'CSB22025',14,1,0.00),(2366,'CSB22025',14,2,11.00),(2367,'CSB22025',14,3,2.00),(2368,'CSB22025',14,4,0.00),(2369,'CSB22025',14,5,0.00),(2370,'CSB22025',14,6,0.00),(2371,'CSB22028',14,1,0.00),(2372,'CSB22028',14,2,5.00),(2373,'CSB22028',14,3,0.00),(2374,'CSB22028',14,4,0.00),(2375,'CSB22028',14,5,0.00),(2376,'CSB22028',14,6,0.00),(2377,'CSB22031',14,1,0.00),(2378,'CSB22031',14,2,1.00),(2379,'CSB22031',14,3,0.00),(2380,'CSB22031',14,4,0.00),(2381,'CSB22031',14,5,0.00),(2382,'CSB22031',14,6,0.00),(2383,'CSB22034',14,1,0.00),(2384,'CSB22034',14,2,9.00),(2385,'CSB22034',14,3,3.00),(2386,'CSB22034',14,4,0.00),(2387,'CSB22034',14,5,0.00),(2388,'CSB22034',14,6,0.00),(2389,'CSB22035',14,1,0.00),(2390,'CSB22035',14,2,6.00),(2391,'CSB22035',14,3,3.00),(2392,'CSB22035',14,4,0.00),(2393,'CSB22035',14,5,0.00),(2394,'CSB22035',14,6,0.00),(2395,'CSB22036',14,1,0.00),(2396,'CSB22036',14,2,12.00),(2397,'CSB22036',14,3,5.00),(2398,'CSB22036',14,4,0.00),(2399,'CSB22036',14,5,0.00),(2400,'CSB22036',14,6,0.00),(2401,'CSB22039',14,1,0.00),(2402,'CSB22039',14,2,1.00),(2403,'CSB22039',14,3,0.00),(2404,'CSB22039',14,4,0.00),(2405,'CSB22039',14,5,0.00),(2406,'CSB22039',14,6,0.00),(2407,'CSB22041',14,1,2.00),(2408,'CSB22041',14,2,1.00),(2409,'CSB22041',14,3,3.00),(2410,'CSB22041',14,4,0.00),(2411,'CSB22041',14,5,0.00),(2412,'CSB22041',14,6,0.00),(2413,'CSB22042',14,1,0.00),(2414,'CSB22042',14,2,4.00),(2415,'CSB22042',14,3,2.00),(2416,'CSB22042',14,4,0.00),(2417,'CSB22042',14,5,0.00),(2418,'CSB22042',14,6,0.00),(2419,'CSB22044',14,1,1.00),(2420,'CSB22044',14,2,3.00),(2421,'CSB22044',14,3,1.00),(2422,'CSB22044',14,4,0.00),(2423,'CSB22044',14,5,0.00),(2424,'CSB22044',14,6,0.00),(2425,'CSB22045',14,1,1.00),(2426,'CSB22045',14,2,1.00),(2427,'CSB22045',14,3,0.00),(2428,'CSB22045',14,4,0.00),(2429,'CSB22045',14,5,0.00),(2430,'CSB22045',14,6,0.00),(2431,'CSB22046',14,1,1.00),(2432,'CSB22046',14,2,7.00),(2433,'CSB22046',14,3,3.00),(2434,'CSB22046',14,4,0.00),(2435,'CSB22046',14,5,0.00),(2436,'CSB22046',14,6,0.00),(2437,'CSB22047',14,1,1.00),(2438,'CSB22047',14,2,4.00),(2439,'CSB22047',14,3,2.00),(2440,'CSB22047',14,4,0.00),(2441,'CSB22047',14,5,0.00),(2442,'CSB22047',14,6,0.00),(2443,'CSB22048',14,1,1.00),(2444,'CSB22048',14,2,12.00),(2445,'CSB22048',14,3,8.00),(2446,'CSB22048',14,4,0.00),(2447,'CSB22048',14,5,0.00),(2448,'CSB22048',14,6,0.00),(2449,'CSB22049',14,1,0.00),(2450,'CSB22049',14,2,6.00),(2451,'CSB22049',14,3,0.00),(2452,'CSB22049',14,4,0.00),(2453,'CSB22049',14,5,0.00),(2454,'CSB22049',14,6,0.00),(2455,'CSB22051',14,1,0.00),(2456,'CSB22051',14,2,5.00),(2457,'CSB22051',14,3,1.00),(2458,'CSB22051',14,4,0.00),(2459,'CSB22051',14,5,0.00),(2460,'CSB22051',14,6,0.00),(2461,'CSB22052',14,1,0.00),(2462,'CSB22052',14,2,7.00),(2463,'CSB22052',14,3,5.00),(2464,'CSB22052',14,4,0.00),(2465,'CSB22052',14,5,0.00),(2466,'CSB22052',14,6,0.00),(2467,'CSB22053',14,1,0.00),(2468,'CSB22053',14,2,5.00),(2469,'CSB22053',14,3,3.00),(2470,'CSB22053',14,4,0.00),(2471,'CSB22053',14,5,0.00),(2472,'CSB22053',14,6,0.00),(2473,'CSB22054',14,1,0.00),(2474,'CSB22054',14,2,8.00),(2475,'CSB22054',14,3,3.00),(2476,'CSB22054',14,4,0.00),(2477,'CSB22054',14,5,0.00),(2478,'CSB22054',14,6,0.00),(2479,'CSB22055',14,1,4.00),(2480,'CSB22055',14,2,9.00),(2481,'CSB22055',14,3,8.00),(2482,'CSB22055',14,4,0.00),(2483,'CSB22055',14,5,0.00),(2484,'CSB22055',14,6,0.00),(2485,'CSB22056',14,1,1.00),(2486,'CSB22056',14,2,7.00),(2487,'CSB22056',14,3,9.00),(2488,'CSB22056',14,4,0.00),(2489,'CSB22056',14,5,0.00),(2490,'CSB22056',14,6,0.00),(2491,'CSB22057',14,1,1.00),(2492,'CSB22057',14,2,7.00),(2493,'CSB22057',14,3,1.00),(2494,'CSB22057',14,4,0.00),(2495,'CSB22057',14,5,0.00),(2496,'CSB22057',14,6,0.00),(2497,'CSB22058',14,1,2.00),(2498,'CSB22058',14,2,2.00),(2499,'CSB22058',14,3,3.00),(2500,'CSB22058',14,4,0.00),(2501,'CSB22058',14,5,0.00),(2502,'CSB22058',14,6,0.00),(2503,'CSB22059',14,1,1.00),(2504,'CSB22059',14,2,12.00),(2505,'CSB22059',14,3,3.00),(2506,'CSB22059',14,4,0.00),(2507,'CSB22059',14,5,0.00),(2508,'CSB22059',14,6,0.00),(2509,'CSB22060',14,1,0.00),(2510,'CSB22060',14,2,12.00),(2511,'CSB22060',14,3,2.00),(2512,'CSB22060',14,4,0.00),(2513,'CSB22060',14,5,0.00),(2514,'CSB22060',14,6,0.00),(2515,'CSB22061',14,1,0.00),(2516,'CSB22061',14,2,6.00),(2517,'CSB22061',14,3,0.00),(2518,'CSB22061',14,4,0.00),(2519,'CSB22061',14,5,0.00),(2520,'CSB22061',14,6,0.00),(2521,'CSB22062',14,1,1.00),(2522,'CSB22062',14,2,5.00),(2523,'CSB22062',14,3,3.00),(2524,'CSB22062',14,4,0.00),(2525,'CSB22062',14,5,0.00),(2526,'CSB22062',14,6,0.00),(2527,'CSB22063',14,1,0.00),(2528,'CSB22063',14,2,8.00),(2529,'CSB22063',14,3,0.00),(2530,'CSB22063',14,4,0.00),(2531,'CSB22063',14,5,0.00),(2532,'CSB22063',14,6,0.00),(2533,'CSB22064',14,1,4.00),(2534,'CSB22064',14,2,14.00),(2535,'CSB22064',14,3,9.00),(2536,'CSB22064',14,4,0.00),(2537,'CSB22064',14,5,0.00),(2538,'CSB22064',14,6,0.00),(2539,'CSB22065',14,1,2.00),(2540,'CSB22065',14,2,4.00),(2541,'CSB22065',14,3,2.00),(2542,'CSB22065',14,4,0.00),(2543,'CSB22065',14,5,0.00),(2544,'CSB22065',14,6,0.00),(2545,'CSB22067',14,1,2.00),(2546,'CSB22067',14,2,5.00),(2547,'CSB22067',14,3,6.00),(2548,'CSB22067',14,4,0.00),(2549,'CSB22067',14,5,0.00),(2550,'CSB22067',14,6,0.00),(2551,'CSB22069',14,1,4.00),(2552,'CSB22069',14,2,5.00),(2553,'CSB22069',14,3,10.00),(2554,'CSB22069',14,4,0.00),(2555,'CSB22069',14,5,0.00),(2556,'CSB22069',14,6,0.00),(2557,'CSB22070',14,1,4.00),(2558,'CSB22070',14,2,7.00),(2559,'CSB22070',14,3,2.00),(2560,'CSB22070',14,4,0.00),(2561,'CSB22070',14,5,0.00),(2562,'CSB22070',14,6,0.00),(2563,'CSB22071',14,1,0.00),(2564,'CSB22071',14,2,9.00),(2565,'CSB22071',14,3,6.00),(2566,'CSB22071',14,4,0.00),(2567,'CSB22071',14,5,0.00),(2568,'CSB22071',14,6,0.00),(2569,'CSB22072',14,1,0.00),(2570,'CSB22072',14,2,8.00),(2571,'CSB22072',14,3,4.00),(2572,'CSB22072',14,4,0.00),(2573,'CSB22072',14,5,0.00),(2574,'CSB22072',14,6,0.00),(2575,'CSB22073',14,1,0.00),(2576,'CSB22073',14,2,8.00),(2577,'CSB22073',14,3,1.00),(2578,'CSB22073',14,4,0.00),(2579,'CSB22073',14,5,0.00),(2580,'CSB22073',14,6,0.00),(2581,'CSB22075',14,1,1.00),(2582,'CSB22075',14,2,3.00),(2583,'CSB22075',14,3,1.00),(2584,'CSB22075',14,4,0.00),(2585,'CSB22075',14,5,0.00),(2586,'CSB22075',14,6,0.00),(2587,'CSB22076',14,1,1.00),(2588,'CSB22076',14,2,5.00),(2589,'CSB22076',14,3,2.00),(2590,'CSB22076',14,4,0.00),(2591,'CSB22076',14,5,0.00),(2592,'CSB22076',14,6,0.00),(2593,'CSB22078',14,1,1.00),(2594,'CSB22078',14,2,10.00),(2595,'CSB22078',14,3,3.00),(2596,'CSB22078',14,4,0.00),(2597,'CSB22078',14,5,0.00),(2598,'CSB22078',14,6,0.00),(2599,'CSB22079',14,1,0.00),(2600,'CSB22079',14,2,4.00),(2601,'CSB22079',14,3,0.00),(2602,'CSB22079',14,4,0.00),(2603,'CSB22079',14,5,0.00),(2604,'CSB22079',14,6,0.00),(2605,'CSB22080',14,1,0.00),(2606,'CSB22080',14,2,6.00),(2607,'CSB22080',14,3,3.00),(2608,'CSB22080',14,4,0.00),(2609,'CSB22080',14,5,0.00),(2610,'CSB22080',14,6,0.00),(2611,'CSB22081',14,1,2.00),(2612,'CSB22081',14,2,11.00),(2613,'CSB22081',14,3,6.00),(2614,'CSB22081',14,4,0.00),(2615,'CSB22081',14,5,0.00),(2616,'CSB22081',14,6,0.00),(2617,'CSB22082',14,1,0.00),(2618,'CSB22082',14,2,5.00),(2619,'CSB22082',14,3,0.00),(2620,'CSB22082',14,4,0.00),(2621,'CSB22082',14,5,0.00),(2622,'CSB22082',14,6,0.00),(2623,'CSB22083',14,1,0.00),(2624,'CSB22083',14,2,5.00),(2625,'CSB22083',14,3,0.00),(2626,'CSB22083',14,4,0.00),(2627,'CSB22083',14,5,0.00),(2628,'CSB22083',14,6,0.00),(2629,'CSB22084',14,1,0.00),(2630,'CSB22084',14,2,10.00),(2631,'CSB22084',14,3,4.00),(2632,'CSB22084',14,4,0.00),(2633,'CSB22084',14,5,0.00),(2634,'CSB22084',14,6,0.00),(2635,'CSB23201',14,1,0.00),(2636,'CSB23201',14,2,3.00),(2637,'CSB23201',14,3,2.00),(2638,'CSB23201',14,4,0.00),(2639,'CSB23201',14,5,0.00),(2640,'CSB23201',14,6,0.00),(2641,'CSB23202',14,1,0.00),(2642,'CSB23202',14,2,11.00),(2643,'CSB23202',14,3,2.00),(2644,'CSB23202',14,4,0.00),(2645,'CSB23202',14,5,0.00),(2646,'CSB23202',14,6,0.00),(2647,'CSB23203',14,1,0.00),(2648,'CSB23203',14,2,1.00),(2649,'CSB23203',14,3,1.00),(2650,'CSB23203',14,4,0.00),(2651,'CSB23203',14,5,0.00),(2652,'CSB23203',14,6,0.00),(2653,'CSB23204',14,1,0.00),(2654,'CSB23204',14,2,10.00),(2655,'CSB23204',14,3,6.00),(2656,'CSB23204',14,4,0.00),(2657,'CSB23204',14,5,0.00),(2658,'CSB23204',14,6,0.00),(2659,'CSB23205',14,1,0.00),(2660,'CSB23205',14,2,1.00),(2661,'CSB23205',14,3,0.00),(2662,'CSB23205',14,4,0.00),(2663,'CSB23205',14,5,0.00),(2664,'CSB23205',14,6,0.00),(2665,'CSB23206',14,1,0.00),(2666,'CSB23206',14,2,12.00),(2667,'CSB23206',14,3,2.00),(2668,'CSB23206',14,4,0.00),(2669,'CSB23206',14,5,0.00),(2670,'CSB23206',14,6,0.00),(2671,'CSB23207',14,1,0.00),(2672,'CSB23207',14,2,8.00),(2673,'CSB23207',14,3,4.00),(2674,'CSB23207',14,4,0.00),(2675,'CSB23207',14,5,0.00),(2676,'CSB23207',14,6,0.00),(2677,'CSB22002',15,1,0.00),(2678,'CSB22002',15,2,0.00),(2679,'CSB22002',15,3,0.00),(2680,'CSB22002',15,4,6.00),(2681,'CSB22002',15,5,0.00),(2682,'CSB22002',15,6,0.00),(2683,'CSB22003',15,1,0.00),(2684,'CSB22003',15,2,0.00),(2685,'CSB22003',15,3,0.00),(2686,'CSB22003',15,4,7.00),(2687,'CSB22003',15,5,0.00),(2688,'CSB22003',15,6,0.00),(2689,'CSB22005',15,1,0.00),(2690,'CSB22005',15,2,0.00),(2691,'CSB22005',15,3,0.00),(2692,'CSB22005',15,4,7.00),(2693,'CSB22005',15,5,0.00),(2694,'CSB22005',15,6,0.00),(2695,'CSB22006',15,1,0.00),(2696,'CSB22006',15,2,0.00),(2697,'CSB22006',15,3,0.00),(2698,'CSB22006',15,4,7.00),(2699,'CSB22006',15,5,0.00),(2700,'CSB22006',15,6,0.00),(2701,'CSB22008',15,1,0.00),(2702,'CSB22008',15,2,0.00),(2703,'CSB22008',15,3,0.00),(2704,'CSB22008',15,4,6.00),(2705,'CSB22008',15,5,0.00),(2706,'CSB22008',15,6,0.00),(2707,'CSB22012',15,1,0.00),(2708,'CSB22012',15,2,0.00),(2709,'CSB22012',15,3,0.00),(2710,'CSB22012',15,4,6.00),(2711,'CSB22012',15,5,0.00),(2712,'CSB22012',15,6,0.00),(2713,'CSB22015',15,1,0.00),(2714,'CSB22015',15,2,0.00),(2715,'CSB22015',15,3,0.00),(2716,'CSB22015',15,4,6.00),(2717,'CSB22015',15,5,0.00),(2718,'CSB22015',15,6,0.00),(2719,'CSB22018',15,1,0.00),(2720,'CSB22018',15,2,0.00),(2721,'CSB22018',15,3,0.00),(2722,'CSB22018',15,4,6.00),(2723,'CSB22018',15,5,0.00),(2724,'CSB22018',15,6,0.00),(2725,'CSB22020',15,1,0.00),(2726,'CSB22020',15,2,0.00),(2727,'CSB22020',15,3,0.00),(2728,'CSB22020',15,4,7.00),(2729,'CSB22020',15,5,0.00),(2730,'CSB22020',15,6,0.00),(2731,'CSB22021',15,1,0.00),(2732,'CSB22021',15,2,0.00),(2733,'CSB22021',15,3,0.00),(2734,'CSB22021',15,4,7.00),(2735,'CSB22021',15,5,0.00),(2736,'CSB22021',15,6,0.00),(2737,'CSB22022',15,1,0.00),(2738,'CSB22022',15,2,0.00),(2739,'CSB22022',15,3,0.00),(2740,'CSB22022',15,4,6.00),(2741,'CSB22022',15,5,0.00),(2742,'CSB22022',15,6,0.00),(2743,'CSB22023',15,1,0.00),(2744,'CSB22023',15,2,0.00),(2745,'CSB22023',15,3,0.00),(2746,'CSB22023',15,4,6.00),(2747,'CSB22023',15,5,0.00),(2748,'CSB22023',15,6,0.00),(2749,'CSB22024',15,1,0.00),(2750,'CSB22024',15,2,0.00),(2751,'CSB22024',15,3,0.00),(2752,'CSB22024',15,4,7.00),(2753,'CSB22024',15,5,0.00),(2754,'CSB22024',15,6,0.00),(2755,'CSB22025',15,1,0.00),(2756,'CSB22025',15,2,0.00),(2757,'CSB22025',15,3,0.00),(2758,'CSB22025',15,4,6.00),(2759,'CSB22025',15,5,0.00),(2760,'CSB22025',15,6,0.00),(2761,'CSB22028',15,1,0.00),(2762,'CSB22028',15,2,0.00),(2763,'CSB22028',15,3,0.00),(2764,'CSB22028',15,4,6.00),(2765,'CSB22028',15,5,0.00),(2766,'CSB22028',15,6,0.00),(2767,'CSB22031',15,1,0.00),(2768,'CSB22031',15,2,0.00),(2769,'CSB22031',15,3,0.00),(2770,'CSB22031',15,4,7.00),(2771,'CSB22031',15,5,0.00),(2772,'CSB22031',15,6,0.00),(2773,'CSB22034',15,1,0.00),(2774,'CSB22034',15,2,0.00),(2775,'CSB22034',15,3,0.00),(2776,'CSB22034',15,4,7.00),(2777,'CSB22034',15,5,0.00),(2778,'CSB22034',15,6,0.00),(2779,'CSB22035',15,1,0.00),(2780,'CSB22035',15,2,0.00),(2781,'CSB22035',15,3,0.00),(2782,'CSB22035',15,4,6.00),(2783,'CSB22035',15,5,0.00),(2784,'CSB22035',15,6,0.00),(2785,'CSB22036',15,1,0.00),(2786,'CSB22036',15,2,0.00),(2787,'CSB22036',15,3,0.00),(2788,'CSB22036',15,4,6.00),(2789,'CSB22036',15,5,0.00),(2790,'CSB22036',15,6,0.00),(2791,'CSB22039',15,1,0.00),(2792,'CSB22039',15,2,0.00),(2793,'CSB22039',15,3,0.00),(2794,'CSB22039',15,4,6.00),(2795,'CSB22039',15,5,0.00),(2796,'CSB22039',15,6,0.00),(2797,'CSB22041',15,1,0.00),(2798,'CSB22041',15,2,0.00),(2799,'CSB22041',15,3,0.00),(2800,'CSB22041',15,4,7.00),(2801,'CSB22041',15,5,0.00),(2802,'CSB22041',15,6,0.00),(2803,'CSB22042',15,1,0.00),(2804,'CSB22042',15,2,0.00),(2805,'CSB22042',15,3,0.00),(2806,'CSB22042',15,4,6.00),(2807,'CSB22042',15,5,0.00),(2808,'CSB22042',15,6,0.00),(2809,'CSB22044',15,1,0.00),(2810,'CSB22044',15,2,0.00),(2811,'CSB22044',15,3,0.00),(2812,'CSB22044',15,4,7.00),(2813,'CSB22044',15,5,0.00),(2814,'CSB22044',15,6,0.00),(2815,'CSB22045',15,1,0.00),(2816,'CSB22045',15,2,0.00),(2817,'CSB22045',15,3,0.00),(2818,'CSB22045',15,4,7.00),(2819,'CSB22045',15,5,0.00),(2820,'CSB22045',15,6,0.00),(2821,'CSB22046',15,1,0.00),(2822,'CSB22046',15,2,0.00),(2823,'CSB22046',15,3,0.00),(2824,'CSB22046',15,4,7.00),(2825,'CSB22046',15,5,0.00),(2826,'CSB22046',15,6,0.00),(2827,'CSB22047',15,1,0.00),(2828,'CSB22047',15,2,0.00),(2829,'CSB22047',15,3,0.00),(2830,'CSB22047',15,4,6.00),(2831,'CSB22047',15,5,0.00),(2832,'CSB22047',15,6,0.00),(2833,'CSB22048',15,1,0.00),(2834,'CSB22048',15,2,0.00),(2835,'CSB22048',15,3,0.00),(2836,'CSB22048',15,4,7.00),(2837,'CSB22048',15,5,0.00),(2838,'CSB22048',15,6,0.00),(2839,'CSB22049',15,1,0.00),(2840,'CSB22049',15,2,0.00),(2841,'CSB22049',15,3,0.00),(2842,'CSB22049',15,4,7.00),(2843,'CSB22049',15,5,0.00),(2844,'CSB22049',15,6,0.00),(2845,'CSB22051',15,1,0.00),(2846,'CSB22051',15,2,0.00),(2847,'CSB22051',15,3,0.00),(2848,'CSB22051',15,4,6.00),(2849,'CSB22051',15,5,0.00),(2850,'CSB22051',15,6,0.00),(2851,'CSB22052',15,1,0.00),(2852,'CSB22052',15,2,0.00),(2853,'CSB22052',15,3,0.00),(2854,'CSB22052',15,4,6.00),(2855,'CSB22052',15,5,0.00),(2856,'CSB22052',15,6,0.00),(2857,'CSB22053',15,1,0.00),(2858,'CSB22053',15,2,0.00),(2859,'CSB22053',15,3,0.00),(2860,'CSB22053',15,4,6.00),(2861,'CSB22053',15,5,0.00),(2862,'CSB22053',15,6,0.00),(2863,'CSB22054',15,1,0.00),(2864,'CSB22054',15,2,0.00),(2865,'CSB22054',15,3,0.00),(2866,'CSB22054',15,4,7.00),(2867,'CSB22054',15,5,0.00),(2868,'CSB22054',15,6,0.00),(2869,'CSB22055',15,1,0.00),(2870,'CSB22055',15,2,0.00),(2871,'CSB22055',15,3,0.00),(2872,'CSB22055',15,4,7.00),(2873,'CSB22055',15,5,0.00),(2874,'CSB22055',15,6,0.00),(2875,'CSB22056',15,1,0.00),(2876,'CSB22056',15,2,0.00),(2877,'CSB22056',15,3,0.00),(2878,'CSB22056',15,4,6.00),(2879,'CSB22056',15,5,0.00),(2880,'CSB22056',15,6,0.00),(2881,'CSB22057',15,1,0.00),(2882,'CSB22057',15,2,0.00),(2883,'CSB22057',15,3,0.00),(2884,'CSB22057',15,4,7.00),(2885,'CSB22057',15,5,0.00),(2886,'CSB22057',15,6,0.00),(2887,'CSB22058',15,1,0.00),(2888,'CSB22058',15,2,0.00),(2889,'CSB22058',15,3,0.00),(2890,'CSB22058',15,4,6.00),(2891,'CSB22058',15,5,0.00),(2892,'CSB22058',15,6,0.00),(2893,'CSB22059',15,1,0.00),(2894,'CSB22059',15,2,0.00),(2895,'CSB22059',15,3,0.00),(2896,'CSB22059',15,4,6.00),(2897,'CSB22059',15,5,0.00),(2898,'CSB22059',15,6,0.00),(2899,'CSB22060',15,1,0.00),(2900,'CSB22060',15,2,0.00),(2901,'CSB22060',15,3,0.00),(2902,'CSB22060',15,4,9.00),(2903,'CSB22060',15,5,0.00),(2904,'CSB22060',15,6,0.00),(2905,'CSB22061',15,1,0.00),(2906,'CSB22061',15,2,0.00),(2907,'CSB22061',15,3,0.00),(2908,'CSB22061',15,4,7.00),(2909,'CSB22061',15,5,0.00),(2910,'CSB22061',15,6,0.00),(2911,'CSB22062',15,1,0.00),(2912,'CSB22062',15,2,0.00),(2913,'CSB22062',15,3,0.00),(2914,'CSB22062',15,4,6.00),(2915,'CSB22062',15,5,0.00),(2916,'CSB22062',15,6,0.00),(2917,'CSB22063',15,1,0.00),(2918,'CSB22063',15,2,0.00),(2919,'CSB22063',15,3,0.00),(2920,'CSB22063',15,4,6.00),(2921,'CSB22063',15,5,0.00),(2922,'CSB22063',15,6,0.00),(2923,'CSB22064',15,1,0.00),(2924,'CSB22064',15,2,0.00),(2925,'CSB22064',15,3,0.00),(2926,'CSB22064',15,4,6.00),(2927,'CSB22064',15,5,0.00),(2928,'CSB22064',15,6,0.00),(2929,'CSB22065',15,1,0.00),(2930,'CSB22065',15,2,0.00),(2931,'CSB22065',15,3,0.00),(2932,'CSB22065',15,4,6.00),(2933,'CSB22065',15,5,0.00),(2934,'CSB22065',15,6,0.00),(2935,'CSB22067',15,1,0.00),(2936,'CSB22067',15,2,0.00),(2937,'CSB22067',15,3,0.00),(2938,'CSB22067',15,4,7.00),(2939,'CSB22067',15,5,0.00),(2940,'CSB22067',15,6,0.00),(2941,'CSB22069',15,1,0.00),(2942,'CSB22069',15,2,0.00),(2943,'CSB22069',15,3,0.00),(2944,'CSB22069',15,4,8.00),(2945,'CSB22069',15,5,0.00),(2946,'CSB22069',15,6,0.00),(2947,'CSB22070',15,1,0.00),(2948,'CSB22070',15,2,0.00),(2949,'CSB22070',15,3,0.00),(2950,'CSB22070',15,4,6.00),(2951,'CSB22070',15,5,0.00),(2952,'CSB22070',15,6,0.00),(2953,'CSB22071',15,1,0.00),(2954,'CSB22071',15,2,0.00),(2955,'CSB22071',15,3,0.00),(2956,'CSB22071',15,4,7.00),(2957,'CSB22071',15,5,0.00),(2958,'CSB22071',15,6,0.00),(2959,'CSB22072',15,1,0.00),(2960,'CSB22072',15,2,0.00),(2961,'CSB22072',15,3,0.00),(2962,'CSB22072',15,4,7.00),(2963,'CSB22072',15,5,0.00),(2964,'CSB22072',15,6,0.00),(2965,'CSB22073',15,1,0.00),(2966,'CSB22073',15,2,0.00),(2967,'CSB22073',15,3,0.00),(2968,'CSB22073',15,4,6.00),(2969,'CSB22073',15,5,0.00),(2970,'CSB22073',15,6,0.00),(2971,'CSB22075',15,1,0.00),(2972,'CSB22075',15,2,0.00),(2973,'CSB22075',15,3,0.00),(2974,'CSB22075',15,4,7.00),(2975,'CSB22075',15,5,0.00),(2976,'CSB22075',15,6,0.00),(2977,'CSB22076',15,1,0.00),(2978,'CSB22076',15,2,0.00),(2979,'CSB22076',15,3,0.00),(2980,'CSB22076',15,4,7.00),(2981,'CSB22076',15,5,0.00),(2982,'CSB22076',15,6,0.00),(2983,'CSB22078',15,1,0.00),(2984,'CSB22078',15,2,0.00),(2985,'CSB22078',15,3,0.00),(2986,'CSB22078',15,4,6.00),(2987,'CSB22078',15,5,0.00),(2988,'CSB22078',15,6,0.00),(2989,'CSB22079',15,1,0.00),(2990,'CSB22079',15,2,0.00),(2991,'CSB22079',15,3,0.00),(2992,'CSB22079',15,4,6.00),(2993,'CSB22079',15,5,0.00),(2994,'CSB22079',15,6,0.00),(2995,'CSB22080',15,1,0.00),(2996,'CSB22080',15,2,0.00),(2997,'CSB22080',15,3,0.00),(2998,'CSB22080',15,4,7.00),(2999,'CSB22080',15,5,0.00),(3000,'CSB22080',15,6,0.00),(3001,'CSB22081',15,1,0.00),(3002,'CSB22081',15,2,0.00),(3003,'CSB22081',15,3,0.00),(3004,'CSB22081',15,4,6.00),(3005,'CSB22081',15,5,0.00),(3006,'CSB22081',15,6,0.00),(3007,'CSB22082',15,1,0.00),(3008,'CSB22082',15,2,0.00),(3009,'CSB22082',15,3,0.00),(3010,'CSB22082',15,4,7.00),(3011,'CSB22082',15,5,0.00),(3012,'CSB22082',15,6,0.00),(3013,'CSB22083',15,1,0.00),(3014,'CSB22083',15,2,0.00),(3015,'CSB22083',15,3,0.00),(3016,'CSB22083',15,4,7.00),(3017,'CSB22083',15,5,0.00),(3018,'CSB22083',15,6,0.00),(3019,'CSB22084',15,1,0.00),(3020,'CSB22084',15,2,0.00),(3021,'CSB22084',15,3,0.00),(3022,'CSB22084',15,4,6.00),(3023,'CSB22084',15,5,0.00),(3024,'CSB22084',15,6,0.00),(3025,'CSB23201',15,1,0.00),(3026,'CSB23201',15,2,0.00),(3027,'CSB23201',15,3,0.00),(3028,'CSB23201',15,4,7.00),(3029,'CSB23201',15,5,0.00),(3030,'CSB23201',15,6,0.00),(3031,'CSB23202',15,1,0.00),(3032,'CSB23202',15,2,0.00),(3033,'CSB23202',15,3,0.00),(3034,'CSB23202',15,4,7.00),(3035,'CSB23202',15,5,0.00),(3036,'CSB23202',15,6,0.00),(3037,'CSB23203',15,1,0.00),(3038,'CSB23203',15,2,0.00),(3039,'CSB23203',15,3,0.00),(3040,'CSB23203',15,4,6.00),(3041,'CSB23203',15,5,0.00),(3042,'CSB23203',15,6,0.00),(3043,'CSB23204',15,1,0.00),(3044,'CSB23204',15,2,0.00),(3045,'CSB23204',15,3,0.00),(3046,'CSB23204',15,4,6.00),(3047,'CSB23204',15,5,0.00),(3048,'CSB23204',15,6,0.00),(3049,'CSB23205',15,1,0.00),(3050,'CSB23205',15,2,0.00),(3051,'CSB23205',15,3,0.00),(3052,'CSB23205',15,4,6.00),(3053,'CSB23205',15,5,0.00),(3054,'CSB23205',15,6,0.00),(3055,'CSB23206',15,1,0.00),(3056,'CSB23206',15,2,0.00),(3057,'CSB23206',15,3,0.00),(3058,'CSB23206',15,4,6.00),(3059,'CSB23206',15,5,0.00),(3060,'CSB23206',15,6,0.00),(3061,'CSB23207',15,1,0.00),(3062,'CSB23207',15,2,0.00),(3063,'CSB23207',15,3,0.00),(3064,'CSB23207',15,4,6.00),(3065,'CSB23207',15,5,0.00),(3066,'CSB23207',15,6,0.00),(3067,'CSB22002',16,1,0.00),(3068,'CSB22002',16,2,14.00),(3069,'CSB22002',16,3,3.00),(3070,'CSB22002',16,4,0.00),(3071,'CSB22002',16,5,0.00),(3072,'CSB22002',16,6,0.00),(3073,'CSB22003',16,1,0.00),(3074,'CSB22003',16,2,23.00),(3075,'CSB22003',16,3,9.00),(3076,'CSB22003',16,4,0.00),(3077,'CSB22003',16,5,0.00),(3078,'CSB22003',16,6,0.00),(3079,'CSB22005',16,1,0.00),(3080,'CSB22005',16,2,29.00),(3081,'CSB22005',16,3,6.00),(3082,'CSB22005',16,4,0.00),(3083,'CSB22005',16,5,0.00),(3084,'CSB22005',16,6,0.00),(3085,'CSB22006',16,1,0.00),(3086,'CSB22006',16,2,12.00),(3087,'CSB22006',16,3,5.00),(3088,'CSB22006',16,4,0.00),(3089,'CSB22006',16,5,0.00),(3090,'CSB22006',16,6,0.00),(3091,'CSB22008',16,1,0.00),(3092,'CSB22008',16,2,4.00),(3093,'CSB22008',16,3,0.00),(3094,'CSB22008',16,4,0.00),(3095,'CSB22008',16,5,0.00),(3096,'CSB22008',16,6,0.00),(3097,'CSB22012',16,1,0.00),(3098,'CSB22012',16,2,8.00),(3099,'CSB22012',16,3,0.00),(3100,'CSB22012',16,4,0.00),(3101,'CSB22012',16,5,0.00),(3102,'CSB22012',16,6,0.00),(3103,'CSB22015',16,1,0.00),(3104,'CSB22015',16,2,2.00),(3105,'CSB22015',16,3,2.00),(3106,'CSB22015',16,4,0.00),(3107,'CSB22015',16,5,0.00),(3108,'CSB22015',16,6,0.00),(3109,'CSB22018',16,1,0.00),(3110,'CSB22018',16,2,5.00),(3111,'CSB22018',16,3,3.00),(3112,'CSB22018',16,4,0.00),(3113,'CSB22018',16,5,0.00),(3114,'CSB22018',16,6,0.00),(3115,'CSB22020',16,1,0.00),(3116,'CSB22020',16,2,27.00),(3117,'CSB22020',16,3,9.00),(3118,'CSB22020',16,4,0.00),(3119,'CSB22020',16,5,0.00),(3120,'CSB22020',16,6,0.00),(3121,'CSB22021',16,1,0.00),(3122,'CSB22021',16,2,5.00),(3123,'CSB22021',16,3,0.00),(3124,'CSB22021',16,4,0.00),(3125,'CSB22021',16,5,0.00),(3126,'CSB22021',16,6,0.00),(3127,'CSB22022',16,1,0.00),(3128,'CSB22022',16,2,6.00),(3129,'CSB22022',16,3,5.00),(3130,'CSB22022',16,4,0.00),(3131,'CSB22022',16,5,0.00),(3132,'CSB22022',16,6,0.00),(3133,'CSB22023',16,1,0.00),(3134,'CSB22023',16,2,14.00),(3135,'CSB22023',16,3,5.00),(3136,'CSB22023',16,4,0.00),(3137,'CSB22023',16,5,0.00),(3138,'CSB22023',16,6,0.00),(3139,'CSB22024',16,1,0.00),(3140,'CSB22024',16,2,2.00),(3141,'CSB22024',16,3,1.00),(3142,'CSB22024',16,4,0.00),(3143,'CSB22024',16,5,0.00),(3144,'CSB22024',16,6,0.00),(3145,'CSB22025',16,1,0.00),(3146,'CSB22025',16,2,3.00),(3147,'CSB22025',16,3,2.00),(3148,'CSB22025',16,4,0.00),(3149,'CSB22025',16,5,0.00),(3150,'CSB22025',16,6,0.00),(3151,'CSB22028',16,1,0.00),(3152,'CSB22028',16,2,1.00),(3153,'CSB22028',16,3,0.00),(3154,'CSB22028',16,4,0.00),(3155,'CSB22028',16,5,0.00),(3156,'CSB22028',16,6,0.00),(3157,'CSB22031',16,1,0.00),(3158,'CSB22031',16,2,4.00),(3159,'CSB22031',16,3,2.00),(3160,'CSB22031',16,4,0.00),(3161,'CSB22031',16,5,0.00),(3162,'CSB22031',16,6,0.00),(3163,'CSB22034',16,1,0.00),(3164,'CSB22034',16,2,5.00),(3165,'CSB22034',16,3,3.00),(3166,'CSB22034',16,4,0.00),(3167,'CSB22034',16,5,0.00),(3168,'CSB22034',16,6,0.00),(3169,'CSB22035',16,1,0.00),(3170,'CSB22035',16,2,4.00),(3171,'CSB22035',16,3,3.00),(3172,'CSB22035',16,4,0.00),(3173,'CSB22035',16,5,0.00),(3174,'CSB22035',16,6,0.00),(3175,'CSB22036',16,1,0.00),(3176,'CSB22036',16,2,8.00),(3177,'CSB22036',16,3,4.00),(3178,'CSB22036',16,4,0.00),(3179,'CSB22036',16,5,0.00),(3180,'CSB22036',16,6,0.00),(3181,'CSB22039',16,1,0.00),(3182,'CSB22039',16,2,3.00),(3183,'CSB22039',16,3,1.00),(3184,'CSB22039',16,4,0.00),(3185,'CSB22039',16,5,0.00),(3186,'CSB22039',16,6,0.00),(3187,'CSB22041',16,1,0.00),(3188,'CSB22041',16,2,5.00),(3189,'CSB22041',16,3,1.00),(3190,'CSB22041',16,4,0.00),(3191,'CSB22041',16,5,0.00),(3192,'CSB22041',16,6,0.00),(3193,'CSB22042',16,1,0.00),(3194,'CSB22042',16,2,2.00),(3195,'CSB22042',16,3,2.00),(3196,'CSB22042',16,4,0.00),(3197,'CSB22042',16,5,0.00),(3198,'CSB22042',16,6,0.00),(3199,'CSB22044',16,1,0.00),(3200,'CSB22044',16,2,4.00),(3201,'CSB22044',16,3,1.00),(3202,'CSB22044',16,4,0.00),(3203,'CSB22044',16,5,0.00),(3204,'CSB22044',16,6,0.00),(3205,'CSB22045',16,1,0.00),(3206,'CSB22045',16,2,0.00),(3207,'CSB22045',16,3,3.00),(3208,'CSB22045',16,4,0.00),(3209,'CSB22045',16,5,0.00),(3210,'CSB22045',16,6,0.00),(3211,'CSB22046',16,1,0.00),(3212,'CSB22046',16,2,7.00),(3213,'CSB22046',16,3,3.00),(3214,'CSB22046',16,4,0.00),(3215,'CSB22046',16,5,0.00),(3216,'CSB22046',16,6,0.00),(3217,'CSB22047',16,1,0.00),(3218,'CSB22047',16,2,14.00),(3219,'CSB22047',16,3,0.00),(3220,'CSB22047',16,4,0.00),(3221,'CSB22047',16,5,0.00),(3222,'CSB22047',16,6,0.00),(3223,'CSB22048',16,1,0.00),(3224,'CSB22048',16,2,18.00),(3225,'CSB22048',16,3,3.00),(3226,'CSB22048',16,4,0.00),(3227,'CSB22048',16,5,0.00),(3228,'CSB22048',16,6,0.00),(3229,'CSB22049',16,1,0.00),(3230,'CSB22049',16,2,8.00),(3231,'CSB22049',16,3,3.00),(3232,'CSB22049',16,4,0.00),(3233,'CSB22049',16,5,0.00),(3234,'CSB22049',16,6,0.00),(3235,'CSB22051',16,1,0.00),(3236,'CSB22051',16,2,1.00),(3237,'CSB22051',16,3,0.00),(3238,'CSB22051',16,4,0.00),(3239,'CSB22051',16,5,0.00),(3240,'CSB22051',16,6,0.00),(3241,'CSB22052',16,1,0.00),(3242,'CSB22052',16,2,6.00),(3243,'CSB22052',16,3,3.00),(3244,'CSB22052',16,4,0.00),(3245,'CSB22052',16,5,0.00),(3246,'CSB22052',16,6,0.00),(3247,'CSB22053',16,1,0.00),(3248,'CSB22053',16,2,1.00),(3249,'CSB22053',16,3,1.00),(3250,'CSB22053',16,4,0.00),(3251,'CSB22053',16,5,0.00),(3252,'CSB22053',16,6,0.00),(3253,'CSB22054',16,1,0.00),(3254,'CSB22054',16,2,7.00),(3255,'CSB22054',16,3,1.00),(3256,'CSB22054',16,4,0.00),(3257,'CSB22054',16,5,0.00),(3258,'CSB22054',16,6,0.00),(3259,'CSB22055',16,1,0.00),(3260,'CSB22055',16,2,11.00),(3261,'CSB22055',16,3,7.00),(3262,'CSB22055',16,4,0.00),(3263,'CSB22055',16,5,0.00),(3264,'CSB22055',16,6,0.00),(3265,'CSB22056',16,1,0.00),(3266,'CSB22056',16,2,6.00),(3267,'CSB22056',16,3,2.00),(3268,'CSB22056',16,4,0.00),(3269,'CSB22056',16,5,0.00),(3270,'CSB22056',16,6,0.00),(3271,'CSB22057',16,1,0.00),(3272,'CSB22057',16,2,2.00),(3273,'CSB22057',16,3,1.00),(3274,'CSB22057',16,4,0.00),(3275,'CSB22057',16,5,0.00),(3276,'CSB22057',16,6,0.00),(3277,'CSB22058',16,1,0.00),(3278,'CSB22058',16,2,2.00),(3279,'CSB22058',16,3,0.00),(3280,'CSB22058',16,4,0.00),(3281,'CSB22058',16,5,0.00),(3282,'CSB22058',16,6,0.00),(3283,'CSB22059',16,1,0.00),(3284,'CSB22059',16,2,4.00),(3285,'CSB22059',16,3,5.00),(3286,'CSB22059',16,4,0.00),(3287,'CSB22059',16,5,0.00),(3288,'CSB22059',16,6,0.00),(3289,'CSB22060',16,1,0.00),(3290,'CSB22060',16,2,6.00),(3291,'CSB22060',16,3,7.00),(3292,'CSB22060',16,4,0.00),(3293,'CSB22060',16,5,0.00),(3294,'CSB22060',16,6,0.00),(3295,'CSB22061',16,1,0.00),(3296,'CSB22061',16,2,2.00),(3297,'CSB22061',16,3,1.00),(3298,'CSB22061',16,4,0.00),(3299,'CSB22061',16,5,0.00),(3300,'CSB22061',16,6,0.00),(3301,'CSB22062',16,1,0.00),(3302,'CSB22062',16,2,0.00),(3303,'CSB22062',16,3,5.00),(3304,'CSB22062',16,4,0.00),(3305,'CSB22062',16,5,0.00),(3306,'CSB22062',16,6,0.00),(3307,'CSB22063',16,1,0.00),(3308,'CSB22063',16,2,21.00),(3309,'CSB22063',16,3,6.00),(3310,'CSB22063',16,4,0.00),(3311,'CSB22063',16,5,0.00),(3312,'CSB22063',16,6,0.00),(3313,'CSB22064',16,1,0.00),(3314,'CSB22064',16,2,27.00),(3315,'CSB22064',16,3,10.00),(3316,'CSB22064',16,4,0.00),(3317,'CSB22064',16,5,0.00),(3318,'CSB22064',16,6,0.00),(3319,'CSB22065',16,1,0.00),(3320,'CSB22065',16,2,9.00),(3321,'CSB22065',16,3,1.00),(3322,'CSB22065',16,4,0.00),(3323,'CSB22065',16,5,0.00),(3324,'CSB22065',16,6,0.00),(3325,'CSB22067',16,1,0.00),(3326,'CSB22067',16,2,25.00),(3327,'CSB22067',16,3,2.00),(3328,'CSB22067',16,4,0.00),(3329,'CSB22067',16,5,0.00),(3330,'CSB22067',16,6,0.00),(3331,'CSB22069',16,1,0.00),(3332,'CSB22069',16,2,12.00),(3333,'CSB22069',16,3,2.00),(3334,'CSB22069',16,4,0.00),(3335,'CSB22069',16,5,0.00),(3336,'CSB22069',16,6,0.00),(3337,'CSB22070',16,1,0.00),(3338,'CSB22070',16,2,7.00),(3339,'CSB22070',16,3,5.00),(3340,'CSB22070',16,4,0.00),(3341,'CSB22070',16,5,0.00),(3342,'CSB22070',16,6,0.00),(3343,'CSB22071',16,1,0.00),(3344,'CSB22071',16,2,17.00),(3345,'CSB22071',16,3,3.00),(3346,'CSB22071',16,4,0.00),(3347,'CSB22071',16,5,0.00),(3348,'CSB22071',16,6,0.00),(3349,'CSB22072',16,1,0.00),(3350,'CSB22072',16,2,6.00),(3351,'CSB22072',16,3,3.00),(3352,'CSB22072',16,4,0.00),(3353,'CSB22072',16,5,0.00),(3354,'CSB22072',16,6,0.00),(3355,'CSB22073',16,1,0.00),(3356,'CSB22073',16,2,1.00),(3357,'CSB22073',16,3,3.00),(3358,'CSB22073',16,4,0.00),(3359,'CSB22073',16,5,0.00),(3360,'CSB22073',16,6,0.00),(3361,'CSB22075',16,1,0.00),(3362,'CSB22075',16,2,6.00),(3363,'CSB22075',16,3,0.00),(3364,'CSB22075',16,4,0.00),(3365,'CSB22075',16,5,0.00),(3366,'CSB22075',16,6,0.00),(3367,'CSB22076',16,1,0.00),(3368,'CSB22076',16,2,7.00),(3369,'CSB22076',16,3,0.00),(3370,'CSB22076',16,4,0.00),(3371,'CSB22076',16,5,0.00),(3372,'CSB22076',16,6,0.00),(3373,'CSB22078',16,1,0.00),(3374,'CSB22078',16,2,6.00),(3375,'CSB22078',16,3,3.00),(3376,'CSB22078',16,4,0.00),(3377,'CSB22078',16,5,0.00),(3378,'CSB22078',16,6,0.00),(3379,'CSB22079',16,1,0.00),(3380,'CSB22079',16,2,1.00),(3381,'CSB22079',16,3,4.00),(3382,'CSB22079',16,4,0.00),(3383,'CSB22079',16,5,0.00),(3384,'CSB22079',16,6,0.00),(3385,'CSB22080',16,1,0.00),(3386,'CSB22080',16,2,11.00),(3387,'CSB22080',16,3,4.00),(3388,'CSB22080',16,4,0.00),(3389,'CSB22080',16,5,0.00),(3390,'CSB22080',16,6,0.00),(3391,'CSB22081',16,1,0.00),(3392,'CSB22081',16,2,17.00),(3393,'CSB22081',16,3,5.00),(3394,'CSB22081',16,4,0.00),(3395,'CSB22081',16,5,0.00),(3396,'CSB22081',16,6,0.00),(3397,'CSB22082',16,1,0.00),(3398,'CSB22082',16,2,6.00),(3399,'CSB22082',16,3,2.00),(3400,'CSB22082',16,4,0.00),(3401,'CSB22082',16,5,0.00),(3402,'CSB22082',16,6,0.00),(3403,'CSB22083',16,1,0.00),(3404,'CSB22083',16,2,2.00),(3405,'CSB22083',16,3,1.00),(3406,'CSB22083',16,4,0.00),(3407,'CSB22083',16,5,0.00),(3408,'CSB22083',16,6,0.00),(3409,'CSB22084',16,1,0.00),(3410,'CSB22084',16,2,19.00),(3411,'CSB22084',16,3,1.00),(3412,'CSB22084',16,4,0.00),(3413,'CSB22084',16,5,0.00),(3414,'CSB22084',16,6,0.00),(3415,'CSB23201',16,1,0.00),(3416,'CSB23201',16,2,9.00),(3417,'CSB23201',16,3,6.00),(3418,'CSB23201',16,4,0.00),(3419,'CSB23201',16,5,0.00),(3420,'CSB23201',16,6,0.00),(3421,'CSB23202',16,1,0.00),(3422,'CSB23202',16,2,19.00),(3423,'CSB23202',16,3,6.00),(3424,'CSB23202',16,4,0.00),(3425,'CSB23202',16,5,0.00),(3426,'CSB23202',16,6,0.00),(3427,'CSB23203',16,1,0.00),(3428,'CSB23203',16,2,1.00),(3429,'CSB23203',16,3,0.00),(3430,'CSB23203',16,4,0.00),(3431,'CSB23203',16,5,0.00),(3432,'CSB23203',16,6,0.00),(3433,'CSB23204',16,1,0.00),(3434,'CSB23204',16,2,2.00),(3435,'CSB23204',16,3,1.00),(3436,'CSB23204',16,4,0.00),(3437,'CSB23204',16,5,0.00),(3438,'CSB23204',16,6,0.00),(3439,'CSB23205',16,1,0.00),(3440,'CSB23205',16,2,2.00),(3441,'CSB23205',16,3,0.00),(3442,'CSB23205',16,4,0.00),(3443,'CSB23205',16,5,0.00),(3444,'CSB23205',16,6,0.00),(3445,'CSB23206',16,1,0.00),(3446,'CSB23206',16,2,6.00),(3447,'CSB23206',16,3,2.00),(3448,'CSB23206',16,4,0.00),(3449,'CSB23206',16,5,0.00),(3450,'CSB23206',16,6,0.00),(3451,'CSB23207',16,1,0.00),(3452,'CSB23207',16,2,3.00),(3453,'CSB23207',16,3,1.00),(3454,'CSB23207',16,4,0.00),(3455,'CSB23207',16,5,0.00),(3456,'CSB23207',16,6,0.00);
/*!40000 ALTER TABLE `marks` ENABLE KEYS */;
UNLOCK TABLES;

--
-- Table structure for table `offering_co_attainment`
--

DROP TABLE IF EXISTS `offering_co_attainment`;
/*!40101 SET @saved_cs_client     = @@character_set_client */;
/*!40101 SET character_set_client = utf8 */;
CREATE TABLE `offering_co_attainment` (
  `offering_id` bigint(20) NOT NULL,
  `co_number` tinyint(4) NOT NULL CHECK (`co_number` between 1 and 6),
  `attainment_percentage` decimal(5,2) NOT NULL DEFAULT 0.00,
  `attainment_level` decimal(5,2) NOT NULL DEFAULT 0.00,
  `indirect_attainment_percentage` decimal(5,2) DEFAULT NULL,
  `indirect_attainment_level` decimal(5,2) DEFAULT NULL,
  `final_attainment_percentage` decimal(5,2) DEFAULT NULL,
  `final_attainment_level` decimal(5,2) DEFAULT NULL,
  `calculated_at` timestamp NOT NULL DEFAULT current_timestamp(),
  PRIMARY KEY (`offering_id`,`co_number`),
  KEY `idx_oca_offering` (`offering_id`),
  CONSTRAINT `offering_co_attainment_ibfk_1` FOREIGN KEY (`offering_id`) REFERENCES `course_offerings` (`offering_id`) ON DELETE CASCADE
) ENGINE=InnoDB DEFAULT CHARSET=utf8mb4 COLLATE=utf8mb4_unicode_ci;
/*!40101 SET character_set_client = @saved_cs_client */;

--
-- Dumping data for table `offering_co_attainment`
--

LOCK TABLES `offering_co_attainment` WRITE;
/*!40000 ALTER TABLE `offering_co_attainment` DISABLE KEYS */;
INSERT INTO `offering_co_attainment` VALUES (13,1,76.92,3.00,NULL,NULL,76.92,3.00,'2026-05-16 19:50:55'),(13,2,24.62,0.00,NULL,NULL,24.62,0.00,'2026-05-16 19:50:55'),(13,3,13.85,0.00,NULL,NULL,13.85,0.00,'2026-05-16 19:50:55'),(13,4,100.00,3.00,NULL,NULL,100.00,3.00,'2026-05-16 19:50:55'),(13,5,0.00,0.00,NULL,NULL,0.00,0.00,'2026-05-16 19:50:55'),(13,6,0.00,0.00,NULL,NULL,0.00,0.00,'2026-05-16 19:50:55');
/*!40000 ALTER TABLE `offering_co_attainment` ENABLE KEYS */;
UNLOCK TABLES;

--
-- Table structure for table `offering_po_attainment`
--

DROP TABLE IF EXISTS `offering_po_attainment`;
/*!40101 SET @saved_cs_client     = @@character_set_client */;
/*!40101 SET character_set_client = utf8 */;
CREATE TABLE `offering_po_attainment` (
  `offering_id` bigint(20) NOT NULL,
  `po_name` varchar(5) NOT NULL,
  `attainment_value` decimal(5,2) NOT NULL DEFAULT 0.00,
  `indirect_attainment_value` decimal(5,2) DEFAULT NULL,
  `final_attainment_value` decimal(5,2) DEFAULT NULL,
  `calculated_at` timestamp NOT NULL DEFAULT current_timestamp(),
  PRIMARY KEY (`offering_id`,`po_name`),
  KEY `idx_opa_offering` (`offering_id`),
  KEY `idx_opa_po_name` (`po_name`),
  CONSTRAINT `offering_po_attainment_ibfk_1` FOREIGN KEY (`offering_id`) REFERENCES `course_offerings` (`offering_id`) ON DELETE CASCADE
) ENGINE=InnoDB DEFAULT CHARSET=utf8mb4 COLLATE=utf8mb4_unicode_ci;
/*!40101 SET character_set_client = @saved_cs_client */;

--
-- Dumping data for table `offering_po_attainment`
--

LOCK TABLES `offering_po_attainment` WRITE;
/*!40000 ALTER TABLE `offering_po_attainment` DISABLE KEYS */;
INSERT INTO `offering_po_attainment` VALUES (13,'PO1',1.00,0.00,1.00,'2026-05-16 19:50:55'),(13,'PO12',0.00,0.00,0.00,'2026-05-16 19:50:55'),(13,'PO2',0.00,0.00,0.00,'2026-05-16 19:50:55'),(13,'PO3',0.00,0.00,0.00,'2026-05-16 19:50:55'),(13,'PO4',1.00,0.00,1.00,'2026-05-16 19:50:55'),(13,'PO5',1.00,0.00,1.00,'2026-05-16 19:50:55'),(13,'PO6',0.50,0.00,0.50,'2026-05-16 19:50:55'),(13,'PO7',0.00,0.00,0.00,'2026-05-16 19:50:55'),(13,'PO8',0.00,0.00,0.00,'2026-05-16 19:50:55'),(13,'PSO2',1.00,0.00,1.00,'2026-05-16 19:50:55');
/*!40000 ALTER TABLE `offering_po_attainment` ENABLE KEYS */;
UNLOCK TABLES;

--
-- Table structure for table `programme_batch_attainments`
--

DROP TABLE IF EXISTS `programme_batch_attainments`;
/*!40101 SET @saved_cs_client     = @@character_set_client */;
/*!40101 SET character_set_client = utf8 */;
CREATE TABLE `programme_batch_attainments` (
  `id` bigint(20) NOT NULL AUTO_INCREMENT,
  `programme_id` int(11) NOT NULL,
  `batch_id` int(11) DEFAULT NULL,
  `batch_year` int(11) NOT NULL,
  `po_name` varchar(5) NOT NULL,
  `direct_attainment` decimal(5,2) DEFAULT 0.00,
  `indirect_attainment` decimal(5,2) DEFAULT 0.00,
  `final_attainment` decimal(5,2) DEFAULT 0.00,
  `target` decimal(5,2) DEFAULT 0.00,
  `calculated_at` timestamp NOT NULL DEFAULT current_timestamp(),
  PRIMARY KEY (`id`),
  UNIQUE KEY `uk_programme_batch_po` (`programme_id`,`batch_year`,`po_name`),
  KEY `idx_pba_batch` (`batch_id`),
  CONSTRAINT `programme_batch_attainments_ibfk_1` FOREIGN KEY (`programme_id`) REFERENCES `programmes` (`programme_id`) ON DELETE CASCADE,
  CONSTRAINT `programme_batch_attainments_ibfk_2` FOREIGN KEY (`batch_id`) REFERENCES `programme_batches` (`batch_id`) ON DELETE CASCADE
) ENGINE=InnoDB AUTO_INCREMENT=205 DEFAULT CHARSET=utf8mb4 COLLATE=utf8mb4_unicode_ci;
/*!40101 SET character_set_client = @saved_cs_client */;

--
-- Dumping data for table `programme_batch_attainments`
--

LOCK TABLES `programme_batch_attainments` WRITE;
/*!40000 ALTER TABLE `programme_batch_attainments` DISABLE KEYS */;
INSERT INTO `programme_batch_attainments` VALUES (190,1,NULL,2022,'PO1',1.00,2.45,1.29,1.00,'2026-05-22 12:02:56'),(191,1,NULL,2022,'PO2',0.00,2.85,0.57,0.50,'2026-05-22 12:02:56'),(192,1,NULL,2022,'PO3',0.00,0.00,0.00,0.50,'2026-05-22 12:02:56'),(193,1,NULL,2022,'PO4',1.00,0.00,0.80,1.00,'2026-05-22 12:02:56'),(194,1,NULL,2022,'PO5',1.00,0.00,0.80,1.00,'2026-05-22 12:02:56'),(195,1,NULL,2022,'PO6',0.50,0.00,0.40,0.00,'2026-05-22 12:02:56'),(196,1,NULL,2022,'PO7',0.00,0.00,0.00,0.00,'2026-05-22 12:02:56'),(197,1,NULL,2022,'PO8',0.00,0.00,0.00,0.00,'2026-05-22 12:02:56'),(198,1,NULL,2022,'PO9',0.00,0.00,0.00,0.00,'2026-05-22 12:02:56'),(199,1,NULL,2022,'PO10',0.00,0.00,0.00,0.00,'2026-05-22 12:02:56'),(200,1,NULL,2022,'PO11',0.00,0.00,0.00,0.00,'2026-05-22 12:02:56'),(201,1,NULL,2022,'PO12',0.00,0.00,0.00,1.00,'2026-05-22 12:02:56'),(202,1,NULL,2022,'PSO1',0.00,0.00,0.00,1.00,'2026-05-22 12:02:56'),(203,1,NULL,2022,'PSO2',1.00,0.00,0.80,1.00,'2026-05-22 12:02:56'),(204,1,NULL,2022,'PSO3',0.00,0.00,0.00,1.00,'2026-05-22 12:02:56');
/*!40000 ALTER TABLE `programme_batch_attainments` ENABLE KEYS */;
UNLOCK TABLES;

--
-- Table structure for table `programme_batches`
--

DROP TABLE IF EXISTS `programme_batches`;
/*!40101 SET @saved_cs_client     = @@character_set_client */;
/*!40101 SET character_set_client = utf8 */;
CREATE TABLE `programme_batches` (
  `batch_id` int(11) NOT NULL AUTO_INCREMENT,
  `programme_id` int(11) NOT NULL,
  `batch_year` int(11) NOT NULL,
  `coordinator_id` int(11) DEFAULT NULL,
  `status` enum('upcoming','active','completed') DEFAULT 'upcoming',
  `start_date` date DEFAULT NULL,
  `end_date` date DEFAULT NULL,
  `created_at` timestamp NOT NULL DEFAULT current_timestamp(),
  `updated_at` timestamp NOT NULL DEFAULT current_timestamp() ON UPDATE current_timestamp(),
  PRIMARY KEY (`batch_id`),
  UNIQUE KEY `uk_programme_batch` (`programme_id`,`batch_year`),
  KEY `idx_pb_programme` (`programme_id`),
  KEY `idx_pb_coordinator` (`coordinator_id`),
  CONSTRAINT `programme_batches_ibfk_1` FOREIGN KEY (`programme_id`) REFERENCES `programmes` (`programme_id`) ON DELETE CASCADE,
  CONSTRAINT `programme_batches_ibfk_2` FOREIGN KEY (`coordinator_id`) REFERENCES `users` (`employee_id`) ON DELETE SET NULL
) ENGINE=InnoDB AUTO_INCREMENT=9 DEFAULT CHARSET=utf8mb4 COLLATE=utf8mb4_unicode_ci;
/*!40101 SET character_set_client = @saved_cs_client */;

--
-- Dumping data for table `programme_batches`
--

LOCK TABLES `programme_batches` WRITE;
/*!40000 ALTER TABLE `programme_batches` DISABLE KEYS */;
INSERT INTO `programme_batches` VALUES (1,1,2021,NULL,'active',NULL,NULL,'2026-05-20 16:07:46','2026-05-20 16:07:46'),(2,1,2022,NULL,'active',NULL,NULL,'2026-05-20 16:07:46','2026-05-20 16:07:46'),(3,1,2023,NULL,'active',NULL,NULL,'2026-05-20 16:07:46','2026-05-20 16:07:46'),(4,1,2024,NULL,'active',NULL,NULL,'2026-05-20 16:07:46','2026-05-20 16:07:46'),(8,2,2024,NULL,'upcoming',NULL,NULL,'2026-05-20 16:16:31','2026-05-20 16:16:31');
/*!40000 ALTER TABLE `programme_batches` ENABLE KEYS */;
UNLOCK TABLES;

--
-- Table structure for table `programme_courses`
--

DROP TABLE IF EXISTS `programme_courses`;
/*!40101 SET @saved_cs_client     = @@character_set_client */;
/*!40101 SET character_set_client = utf8 */;
CREATE TABLE `programme_courses` (
  `id` bigint(20) NOT NULL AUTO_INCREMENT,
  `programme_id` int(11) NOT NULL,
  `course_id` bigint(20) NOT NULL,
  `created_at` timestamp NOT NULL DEFAULT current_timestamp(),
  PRIMARY KEY (`id`),
  UNIQUE KEY `uk_programme_course` (`programme_id`,`course_id`),
  KEY `idx_pc_programme` (`programme_id`),
  KEY `idx_pc_course` (`course_id`),
  CONSTRAINT `programme_courses_ibfk_1` FOREIGN KEY (`programme_id`) REFERENCES `programmes` (`programme_id`) ON DELETE CASCADE,
  CONSTRAINT `programme_courses_ibfk_2` FOREIGN KEY (`course_id`) REFERENCES `courses` (`course_id`) ON DELETE CASCADE
) ENGINE=InnoDB AUTO_INCREMENT=14 DEFAULT CHARSET=utf8mb4 COLLATE=utf8mb4_unicode_ci;
/*!40101 SET character_set_client = @saved_cs_client */;

--
-- Dumping data for table `programme_courses`
--

LOCK TABLES `programme_courses` WRITE;
/*!40000 ALTER TABLE `programme_courses` DISABLE KEYS */;
INSERT INTO `programme_courses` VALUES (1,1,1,'2026-05-15 17:09:05'),(2,1,2,'2026-05-15 17:09:05'),(3,1,3,'2026-05-15 17:09:05'),(5,1,5,'2026-05-15 17:09:05'),(6,1,6,'2026-05-15 17:09:05'),(7,2,7,'2026-05-15 17:09:05'),(8,2,8,'2026-05-15 17:09:05'),(9,1,9,'2026-05-15 18:33:20'),(12,1,12,'2026-05-16 19:16:53'),(13,1,13,'2026-05-16 19:17:22');
/*!40000 ALTER TABLE `programme_courses` ENABLE KEYS */;
UNLOCK TABLES;

--
-- Table structure for table `programmes`
--

DROP TABLE IF EXISTS `programmes`;
/*!40101 SET @saved_cs_client     = @@character_set_client */;
/*!40101 SET character_set_client = utf8 */;
CREATE TABLE `programmes` (
  `programme_id` int(11) NOT NULL AUTO_INCREMENT,
  `department_id` int(11) NOT NULL,
  `programme_code` varchar(20) NOT NULL,
  `programme_name` varchar(150) NOT NULL,
  `degree_level` enum('UG','PG','Diploma','PhD') NOT NULL DEFAULT 'UG',
  `duration_years` tinyint(4) NOT NULL DEFAULT 4,
  `created_at` timestamp NOT NULL DEFAULT current_timestamp(),
  `direct_weightage` decimal(5,2) DEFAULT 80.00 CHECK (`direct_weightage` >= 0 and `direct_weightage` <= 100),
  `indirect_weightage` decimal(5,2) DEFAULT 20.00 CHECK (`indirect_weightage` >= 0 and `indirect_weightage` <= 100),
  PRIMARY KEY (`programme_id`),
  UNIQUE KEY `uk_programme_code` (`programme_code`),
  UNIQUE KEY `uk_programme_name` (`programme_name`),
  KEY `idx_programme_dept` (`department_id`),
  CONSTRAINT `programmes_ibfk_1` FOREIGN KEY (`department_id`) REFERENCES `departments` (`department_id`)
) ENGINE=InnoDB AUTO_INCREMENT=3 DEFAULT CHARSET=utf8mb4 COLLATE=utf8mb4_unicode_ci;
/*!40101 SET character_set_client = @saved_cs_client */;

--
-- Dumping data for table `programmes`
--

LOCK TABLES `programmes` WRITE;
/*!40000 ALTER TABLE `programmes` DISABLE KEYS */;
INSERT INTO `programmes` VALUES (1,1,'CSE-BTECH','B.Tech in Computer Science & Engineering','UG',4,'2026-05-15 17:09:05',80.00,20.00),(2,2,'ECE-BTECH','B.Tech in Electronics & Communication Engineering','UG',4,'2026-05-15 17:09:05',80.00,20.00);
/*!40000 ALTER TABLE `programmes` ENABLE KEYS */;
UNLOCK TABLES;

--
-- Table structure for table `questions`
--

DROP TABLE IF EXISTS `questions`;
/*!40101 SET @saved_cs_client     = @@character_set_client */;
/*!40101 SET character_set_client = utf8 */;
CREATE TABLE `questions` (
  `question_id` bigint(20) NOT NULL AUTO_INCREMENT,
  `test_id` bigint(20) NOT NULL,
  `question_number` smallint(6) NOT NULL CHECK (`question_number` between 1 and 20),
  `sub_question` varchar(10) DEFAULT NULL,
  `is_optional` tinyint(1) DEFAULT 0,
  `co` smallint(6) NOT NULL CHECK (`co` between 1 and 6),
  `max_marks` decimal(5,2) NOT NULL CHECK (`max_marks` >= 0.5),
  PRIMARY KEY (`question_id`),
  UNIQUE KEY `test_id_3` (`test_id`,`question_number`,`sub_question`),
  KEY `test_id` (`test_id`),
  KEY `test_id_2` (`test_id`,`question_number`),
  CONSTRAINT `questions_ibfk_1` FOREIGN KEY (`test_id`) REFERENCES `tests` (`test_id`) ON DELETE CASCADE
) ENGINE=InnoDB AUTO_INCREMENT=61 DEFAULT CHARSET=utf8mb4 COLLATE=utf8mb4_unicode_ci;
/*!40101 SET character_set_client = @saved_cs_client */;

--
-- Dumping data for table `questions`
--

LOCK TABLES `questions` WRITE;
/*!40000 ALTER TABLE `questions` DISABLE KEYS */;
INSERT INTO `questions` VALUES (1,1,1,NULL,0,1,10.00),(2,1,2,'a',0,2,5.00),(3,1,2,'b',0,2,5.00),(4,1,3,NULL,1,3,10.00),(5,1,4,NULL,1,3,10.00),(6,1,5,NULL,0,4,10.00),(7,2,1,'a',0,1,10.00),(8,2,1,'b',0,1,10.00),(9,2,2,NULL,0,2,15.00),(10,2,3,NULL,0,3,15.00),(11,2,4,'a',0,4,10.00),(12,2,4,'b',0,5,10.00),(13,2,5,NULL,1,5,15.00),(14,2,6,NULL,1,6,15.00),(15,3,1,NULL,0,1,10.00),(16,3,2,NULL,0,2,10.00),(17,4,1,NULL,0,1,10.00),(18,4,2,'a',0,2,5.00),(19,4,2,'b',0,2,5.00),(20,4,3,NULL,0,3,10.00),(21,4,4,NULL,1,4,10.00),(22,4,5,NULL,1,4,10.00),(23,5,1,NULL,0,1,5.00),(24,5,2,NULL,0,2,5.00),(25,6,1,NULL,0,1,10.00),(26,6,2,'a',0,2,5.00),(27,6,2,'b',0,2,5.00),(28,6,3,NULL,0,3,15.00),(29,6,4,NULL,0,4,15.00),(30,9,1,NULL,0,2,3.00),(31,9,2,NULL,0,3,4.00),(32,9,3,NULL,0,4,3.00),(33,10,1,NULL,0,1,4.00),(34,10,2,NULL,0,2,3.00),(35,10,3,NULL,0,3,6.00),(36,10,4,NULL,0,4,4.00),(37,10,5,NULL,0,5,3.00),(38,11,1,NULL,0,1,3.00),(39,11,2,NULL,0,2,7.00),(40,11,3,NULL,0,3,12.00),(41,11,4,NULL,0,4,7.00),(42,11,5,NULL,0,5,11.00),(43,12,1,NULL,0,1,6.00),(44,12,2,NULL,0,2,3.00),(45,12,3,NULL,0,3,8.00),(46,12,4,NULL,0,4,9.00),(47,12,5,NULL,0,5,4.00),(48,13,1,NULL,0,1,10.00),(49,14,1,NULL,0,1,4.00),(50,14,2,NULL,0,2,15.00),(51,14,3,NULL,0,3,11.00),(52,15,1,NULL,0,4,10.00),(53,16,1,NULL,0,2,35.00),(54,16,2,NULL,0,3,15.00);
/*!40000 ALTER TABLE `questions` ENABLE KEYS */;
UNLOCK TABLES;

--
-- Table structure for table `raw_marks`
--

DROP TABLE IF EXISTS `raw_marks`;
/*!40101 SET @saved_cs_client     = @@character_set_client */;
/*!40101 SET character_set_client = utf8 */;
CREATE TABLE `raw_marks` (
  `id` bigint(20) NOT NULL AUTO_INCREMENT,
  `student_id` varchar(20) NOT NULL,
  `question_id` bigint(20) NOT NULL,
  `marks_obtained` decimal(5,2) NOT NULL CHECK (`marks_obtained` >= 0),
  PRIMARY KEY (`id`),
  UNIQUE KEY `uk_student_question` (`student_id`,`question_id`),
  KEY `question_id` (`question_id`),
  KEY `student_id` (`student_id`),
  CONSTRAINT `raw_marks_ibfk_1` FOREIGN KEY (`student_id`) REFERENCES `students` (`roll_no`) ON DELETE CASCADE,
  CONSTRAINT `raw_marks_ibfk_2` FOREIGN KEY (`question_id`) REFERENCES `questions` (`question_id`) ON DELETE CASCADE
) ENGINE=InnoDB AUTO_INCREMENT=286 DEFAULT CHARSET=utf8mb4 COLLATE=utf8mb4_unicode_ci;
/*!40101 SET character_set_client = @saved_cs_client */;

--
-- Dumping data for table `raw_marks`
--

LOCK TABLES `raw_marks` WRITE;
/*!40000 ALTER TABLE `raw_marks` DISABLE KEYS */;
INSERT INTO `raw_marks` VALUES (26,'CSB22002',49,0.00),(27,'CSB22002',50,12.00),(28,'CSB22002',51,7.00),(29,'CSB22003',49,3.00),(30,'CSB22003',50,11.00),(31,'CSB22003',51,11.00),(32,'CSB22005',49,2.00),(33,'CSB22005',50,13.00),(34,'CSB22005',51,11.00),(35,'CSB22006',49,1.00),(36,'CSB22006',50,12.00),(37,'CSB22006',51,4.00),(38,'CSB22008',49,0.00),(39,'CSB22008',50,2.00),(40,'CSB22008',51,1.00),(41,'CSB22012',49,0.00),(42,'CSB22012',50,5.00),(43,'CSB22012',51,2.00),(44,'CSB22015',49,0.00),(45,'CSB22015',50,4.00),(46,'CSB22015',51,2.00),(47,'CSB22018',49,0.00),(48,'CSB22018',50,9.00),(49,'CSB22018',51,2.00),(50,'CSB22020',49,4.00),(51,'CSB22020',50,10.00),(52,'CSB22020',51,9.00),(53,'CSB22021',49,0.00),(54,'CSB22021',50,5.00),(55,'CSB22021',51,3.00),(56,'CSB22022',49,0.00),(57,'CSB22022',50,11.00),(58,'CSB22022',51,2.00),(59,'CSB22023',49,1.00),(60,'CSB22023',50,11.00),(61,'CSB22023',51,2.00),(62,'CSB22024',49,0.00),(63,'CSB22024',50,8.00),(64,'CSB22024',51,1.00),(65,'CSB22025',49,0.00),(66,'CSB22025',50,11.00),(67,'CSB22025',51,2.00),(68,'CSB22028',49,0.00),(69,'CSB22028',50,5.00),(70,'CSB22028',51,0.00),(71,'CSB22031',49,0.00),(72,'CSB22031',50,1.00),(73,'CSB22031',51,0.00),(74,'CSB22034',49,0.00),(75,'CSB22034',50,9.00),(76,'CSB22034',51,3.00),(77,'CSB22035',49,0.00),(78,'CSB22035',50,6.00),(79,'CSB22035',51,3.00),(80,'CSB22036',49,0.00),(81,'CSB22036',50,12.00),(82,'CSB22036',51,5.00),(83,'CSB22039',49,0.00),(84,'CSB22039',50,1.00),(85,'CSB22039',51,0.00),(86,'CSB22041',49,2.00),(87,'CSB22041',50,1.00),(88,'CSB22041',51,3.00),(89,'CSB22042',49,0.00),(90,'CSB22042',50,4.00),(91,'CSB22042',51,2.00),(92,'CSB22044',49,1.00),(93,'CSB22044',50,3.00),(94,'CSB22044',51,1.00),(95,'CSB22045',49,1.00),(96,'CSB22045',50,1.00),(97,'CSB22045',51,0.00),(98,'CSB22046',49,1.00),(99,'CSB22046',50,7.00),(100,'CSB22046',51,3.00),(101,'CSB22047',49,1.00),(102,'CSB22047',50,4.00),(103,'CSB22047',51,2.00),(104,'CSB22048',49,1.00),(105,'CSB22048',50,12.00),(106,'CSB22048',51,8.00),(107,'CSB22049',49,0.00),(108,'CSB22049',50,6.00),(109,'CSB22049',51,0.00),(110,'CSB22051',49,0.00),(111,'CSB22051',50,5.00),(112,'CSB22051',51,1.00),(113,'CSB22052',49,0.00),(114,'CSB22052',50,7.00),(115,'CSB22052',51,5.00),(116,'CSB22053',49,0.00),(117,'CSB22053',50,5.00),(118,'CSB22053',51,3.00),(119,'CSB22054',49,0.00),(120,'CSB22054',50,8.00),(121,'CSB22054',51,3.00),(122,'CSB22055',49,4.00),(123,'CSB22055',50,9.00),(124,'CSB22055',51,8.00),(125,'CSB22056',49,1.00),(126,'CSB22056',50,7.00),(127,'CSB22056',51,9.00),(128,'CSB22057',49,1.00),(129,'CSB22057',50,7.00),(130,'CSB22057',51,1.00),(131,'CSB22058',49,2.00),(132,'CSB22058',50,2.00),(133,'CSB22058',51,3.00),(134,'CSB22059',49,1.00),(135,'CSB22059',50,12.00),(136,'CSB22059',51,3.00),(137,'CSB22060',49,0.00),(138,'CSB22060',50,12.00),(139,'CSB22060',51,2.00),(140,'CSB22061',49,0.00),(141,'CSB22061',50,6.00),(142,'CSB22061',51,0.00),(143,'CSB22062',49,1.00),(144,'CSB22062',50,5.00),(145,'CSB22062',51,3.00),(146,'CSB22063',49,0.00),(147,'CSB22063',50,8.00),(148,'CSB22063',51,0.00),(149,'CSB22064',49,4.00),(150,'CSB22064',50,14.00),(151,'CSB22064',51,9.00),(152,'CSB22065',49,2.00),(153,'CSB22065',50,4.00),(154,'CSB22065',51,2.00),(155,'CSB22067',49,2.00),(156,'CSB22067',50,5.00),(157,'CSB22067',51,6.00),(158,'CSB22069',49,4.00),(159,'CSB22069',50,5.00),(160,'CSB22069',51,10.00),(161,'CSB22070',49,4.00),(162,'CSB22070',50,7.00),(163,'CSB22070',51,2.00),(164,'CSB22071',49,0.00),(165,'CSB22071',50,9.00),(166,'CSB22071',51,6.00),(167,'CSB22072',49,0.00),(168,'CSB22072',50,8.00),(169,'CSB22072',51,4.00),(170,'CSB22073',49,0.00),(171,'CSB22073',50,8.00),(172,'CSB22073',51,1.00),(173,'CSB22075',49,1.00),(174,'CSB22075',50,3.00),(175,'CSB22075',51,1.00),(176,'CSB22076',49,1.00),(177,'CSB22076',50,5.00),(178,'CSB22076',51,2.00),(179,'CSB22078',49,1.00),(180,'CSB22078',50,10.00),(181,'CSB22078',51,3.00),(182,'CSB22079',49,0.00),(183,'CSB22079',50,4.00),(184,'CSB22079',51,0.00),(185,'CSB22080',49,0.00),(186,'CSB22080',50,6.00),(187,'CSB22080',51,3.00),(188,'CSB22081',49,2.00),(189,'CSB22081',50,11.00),(190,'CSB22081',51,6.00),(191,'CSB22082',49,0.00),(192,'CSB22082',50,5.00),(193,'CSB22082',51,0.00),(194,'CSB22083',49,0.00),(195,'CSB22083',50,5.00),(196,'CSB22083',51,0.00),(197,'CSB22084',49,0.00),(198,'CSB22084',50,10.00),(199,'CSB22084',51,4.00),(200,'CSB23201',49,0.00),(201,'CSB23201',50,3.00),(202,'CSB23201',51,2.00),(203,'CSB23202',49,0.00),(204,'CSB23202',50,11.00),(205,'CSB23202',51,2.00),(206,'CSB23203',49,0.00),(207,'CSB23203',50,1.00),(208,'CSB23203',51,1.00),(209,'CSB23204',49,0.00),(210,'CSB23204',50,10.00),(211,'CSB23204',51,6.00),(212,'CSB23205',49,0.00),(213,'CSB23205',50,1.00),(214,'CSB23205',51,0.00),(215,'CSB23206',49,0.00),(216,'CSB23206',50,12.00),(217,'CSB23206',51,2.00),(218,'CSB23207',49,0.00),(219,'CSB23207',50,8.00),(220,'CSB23207',51,4.00),(221,'CSB22002',52,0.00),(222,'CSB22003',52,0.00),(223,'CSB22005',52,0.00),(224,'CSB22006',52,0.00),(225,'CSB22008',52,0.00),(226,'CSB22012',52,0.00),(227,'CSB22015',52,0.00),(228,'CSB22018',52,0.00),(229,'CSB22020',52,0.00),(230,'CSB22021',52,0.00),(231,'CSB22022',52,0.00),(232,'CSB22023',52,0.00),(233,'CSB22024',52,0.00),(234,'CSB22025',52,0.00),(235,'CSB22028',52,0.00),(236,'CSB22031',52,0.00),(237,'CSB22034',52,0.00),(238,'CSB22035',52,0.00),(239,'CSB22036',52,0.00),(240,'CSB22039',52,0.00),(241,'CSB22041',52,0.00),(242,'CSB22042',52,0.00),(243,'CSB22044',52,0.00),(244,'CSB22045',52,0.00),(245,'CSB22046',52,0.00),(246,'CSB22047',52,0.00),(247,'CSB22048',52,0.00),(248,'CSB22049',52,0.00),(249,'CSB22051',52,0.00),(250,'CSB22052',52,0.00),(251,'CSB22053',52,0.00),(252,'CSB22054',52,0.00),(253,'CSB22055',52,0.00),(254,'CSB22056',52,0.00),(255,'CSB22057',52,0.00),(256,'CSB22058',52,0.00),(257,'CSB22059',52,0.00),(258,'CSB22060',52,0.00),(259,'CSB22061',52,0.00),(260,'CSB22062',52,0.00),(261,'CSB22063',52,0.00),(262,'CSB22064',52,0.00),(263,'CSB22065',52,0.00),(264,'CSB22067',52,0.00),(265,'CSB22069',52,0.00),(266,'CSB22070',52,0.00),(267,'CSB22071',52,0.00),(268,'CSB22072',52,0.00),(269,'CSB22073',52,0.00),(270,'CSB22075',52,0.00),(271,'CSB22076',52,0.00),(272,'CSB22078',52,0.00),(273,'CSB22079',52,0.00),(274,'CSB22080',52,0.00),(275,'CSB22081',52,0.00),(276,'CSB22082',52,0.00),(277,'CSB22083',52,0.00),(278,'CSB22084',52,0.00),(279,'CSB23201',52,0.00),(280,'CSB23202',52,0.00),(281,'CSB23203',52,0.00),(282,'CSB23204',52,0.00),(283,'CSB23205',52,0.00),(284,'CSB23206',52,0.00),(285,'CSB23207',52,0.00);
/*!40000 ALTER TABLE `raw_marks` ENABLE KEYS */;
UNLOCK TABLES;

--
-- Table structure for table `schools`
--

DROP TABLE IF EXISTS `schools`;
/*!40101 SET @saved_cs_client     = @@character_set_client */;
/*!40101 SET character_set_client = utf8 */;
CREATE TABLE `schools` (
  `school_id` int(11) NOT NULL AUTO_INCREMENT,
  `school_code` varchar(10) NOT NULL,
  `school_name` varchar(150) NOT NULL,
  `description` text DEFAULT NULL,
  `created_at` timestamp NOT NULL DEFAULT current_timestamp(),
  PRIMARY KEY (`school_id`),
  UNIQUE KEY `uk_school_code` (`school_code`),
  UNIQUE KEY `uk_school_name` (`school_name`)
) ENGINE=InnoDB AUTO_INCREMENT=2 DEFAULT CHARSET=utf8mb4 COLLATE=utf8mb4_unicode_ci;
/*!40101 SET character_set_client = @saved_cs_client */;

--
-- Dumping data for table `schools`
--

LOCK TABLES `schools` WRITE;
/*!40000 ALTER TABLE `schools` DISABLE KEYS */;
INSERT INTO `schools` VALUES (1,'SoE','School of Engineering','Default school for engineering departments','2026-05-15 17:09:05');
/*!40000 ALTER TABLE `schools` ENABLE KEYS */;
UNLOCK TABLES;

--
-- Table structure for table `stakeholder_survey_questions`
--

DROP TABLE IF EXISTS `stakeholder_survey_questions`;
/*!40101 SET @saved_cs_client     = @@character_set_client */;
/*!40101 SET character_set_client = utf8 */;
CREATE TABLE `stakeholder_survey_questions` (
  `question_id` bigint(20) NOT NULL AUTO_INCREMENT,
  `survey_id` bigint(20) NOT NULL,
  `question_number` smallint(6) NOT NULL,
  `question_text` text NOT NULL,
  `po_name` varchar(5) NOT NULL,
  `mapping_weight` decimal(3,2) NOT NULL DEFAULT 1.00 CHECK (`mapping_weight` between 0.00 and 1.00),
  PRIMARY KEY (`question_id`),
  UNIQUE KEY `uk_stk_survey_qnum` (`survey_id`,`question_number`),
  CONSTRAINT `stakeholder_survey_questions_ibfk_1` FOREIGN KEY (`survey_id`) REFERENCES `stakeholder_surveys` (`survey_id`) ON DELETE CASCADE
) ENGINE=InnoDB AUTO_INCREMENT=49 DEFAULT CHARSET=utf8mb4 COLLATE=utf8mb4_unicode_ci;
/*!40101 SET character_set_client = @saved_cs_client */;

--
-- Dumping data for table `stakeholder_survey_questions`
--

LOCK TABLES `stakeholder_survey_questions` WRITE;
/*!40000 ALTER TABLE `stakeholder_survey_questions` DISABLE KEYS */;
INSERT INTO `stakeholder_survey_questions` VALUES (39,4,1,'Rate PO1','PO1',1.00),(40,4,2,'Rate PO2','PO2',1.00),(41,5,1,'Rate PO1','PO1',1.00),(42,5,2,'Rate PO2','PO2',1.00),(43,6,1,'Rate PO1','PO1',1.00),(44,6,2,'Rate PO2','PO2',1.00),(45,7,1,'Rate PO1','PO1',1.00),(46,7,2,'Rate PO2','PO2',1.00),(47,8,1,'Rate PO1','PO1',1.00),(48,8,2,'Rate PO2','PO2',1.00);
/*!40000 ALTER TABLE `stakeholder_survey_questions` ENABLE KEYS */;
UNLOCK TABLES;

--
-- Table structure for table `stakeholder_survey_responses`
--

DROP TABLE IF EXISTS `stakeholder_survey_responses`;
/*!40101 SET @saved_cs_client     = @@character_set_client */;
/*!40101 SET character_set_client = utf8 */;
CREATE TABLE `stakeholder_survey_responses` (
  `survey_id` bigint(20) NOT NULL,
  `respondent_identifier` varchar(255) NOT NULL,
  `respondent_name` varchar(255) DEFAULT NULL,
  `qualification` varchar(255) DEFAULT NULL,
  `question_id` bigint(20) NOT NULL,
  `likert_rating` tinyint(4) NOT NULL CHECK (`likert_rating` between 1 and 5),
  PRIMARY KEY (`survey_id`,`respondent_identifier`,`question_id`),
  KEY `idx_survey_question` (`survey_id`,`question_id`),
  KEY `stakeholder_survey_responses_ibfk_2` (`question_id`),
  CONSTRAINT `stakeholder_survey_responses_ibfk_1` FOREIGN KEY (`survey_id`) REFERENCES `stakeholder_surveys` (`survey_id`) ON DELETE CASCADE,
  CONSTRAINT `stakeholder_survey_responses_ibfk_2` FOREIGN KEY (`question_id`) REFERENCES `stakeholder_survey_questions` (`question_id`) ON DELETE CASCADE
) ENGINE=InnoDB DEFAULT CHARSET=utf8mb4 COLLATE=utf8mb4_unicode_ci;
/*!40101 SET character_set_client = @saved_cs_client */;

--
-- Dumping data for table `stakeholder_survey_responses`
--

LOCK TABLES `stakeholder_survey_responses` WRITE;
/*!40000 ALTER TABLE `stakeholder_survey_responses` DISABLE KEYS */;
INSERT INTO `stakeholder_survey_responses` VALUES (4,'A1','Alum 1',NULL,39,5),(4,'A1','Alum 1',NULL,40,4),(4,'A2','Alum 2',NULL,39,4),(4,'A2','Alum 2',NULL,40,3),(5,'G1','Grad 1',NULL,41,4),(5,'G1','Grad 1',NULL,42,4),(6,'P1','Parent 1',NULL,43,3),(6,'P1','Parent 1',NULL,44,5),(7,'AP1','Peer 1',NULL,45,4),(7,'AP1','Peer 1',NULL,46,4),(8,'E1','Emp 1',NULL,47,3),(8,'E1','Emp 1',NULL,48,4),(8,'E2','Emp 2',NULL,47,4),(8,'E2','Emp 2',NULL,48,5);
/*!40000 ALTER TABLE `stakeholder_survey_responses` ENABLE KEYS */;
UNLOCK TABLES;

--
-- Table structure for table `stakeholder_surveys`
--

DROP TABLE IF EXISTS `stakeholder_surveys`;
/*!40101 SET @saved_cs_client     = @@character_set_client */;
/*!40101 SET character_set_client = utf8 */;
CREATE TABLE `stakeholder_surveys` (
  `survey_id` bigint(20) NOT NULL AUTO_INCREMENT,
  `programme_id` int(11) NOT NULL,
  `batch_year` int(11) NOT NULL,
  `stakeholder_type` enum('Alumni','Employer','Graduate Exit','Parent','Academic Peer') NOT NULL,
  `title` varchar(255) DEFAULT 'Stakeholder Survey',
  `created_at` timestamp NOT NULL DEFAULT current_timestamp(),
  PRIMARY KEY (`survey_id`),
  UNIQUE KEY `uk_prog_batch_type` (`programme_id`,`batch_year`,`stakeholder_type`),
  CONSTRAINT `stakeholder_surveys_ibfk_1` FOREIGN KEY (`programme_id`) REFERENCES `programmes` (`programme_id`) ON DELETE CASCADE
) ENGINE=InnoDB AUTO_INCREMENT=9 DEFAULT CHARSET=utf8mb4 COLLATE=utf8mb4_unicode_ci;
/*!40101 SET character_set_client = @saved_cs_client */;

--
-- Dumping data for table `stakeholder_surveys`
--

LOCK TABLES `stakeholder_surveys` WRITE;
/*!40000 ALTER TABLE `stakeholder_surveys` DISABLE KEYS */;
INSERT INTO `stakeholder_surveys` VALUES (4,1,2022,'Alumni','Stakeholder Survey','2026-05-21 13:10:28'),(5,1,2022,'Graduate Exit','Stakeholder Survey','2026-05-21 14:53:09'),(6,1,2022,'Parent','Stakeholder Survey','2026-05-21 14:53:09'),(7,1,2022,'Academic Peer','Stakeholder Survey','2026-05-21 14:53:09'),(8,1,2022,'Employer','Stakeholder Survey','2026-05-21 14:53:09');
/*!40000 ALTER TABLE `stakeholder_surveys` ENABLE KEYS */;
UNLOCK TABLES;

--
-- Table structure for table `students`
--

DROP TABLE IF EXISTS `students`;
/*!40101 SET @saved_cs_client     = @@character_set_client */;
/*!40101 SET character_set_client = utf8 */;
CREATE TABLE `students` (
  `roll_no` varchar(20) NOT NULL,
  `student_name` varchar(100) NOT NULL,
  `programme_id` int(11) NOT NULL,
  `batch_id` int(11) DEFAULT NULL,
  `batch_year` int(11) DEFAULT NULL,
  `student_status` enum('Active','Graduated','Dropped') DEFAULT 'Active',
  `email` varchar(100) DEFAULT NULL,
  `phone` varchar(15) DEFAULT NULL,
  PRIMARY KEY (`roll_no`),
  KEY `idx_students_programme` (`programme_id`),
  KEY `idx_students_batch` (`batch_id`),
  CONSTRAINT `students_ibfk_1` FOREIGN KEY (`programme_id`) REFERENCES `programmes` (`programme_id`) ON DELETE CASCADE,
  CONSTRAINT `students_ibfk_2` FOREIGN KEY (`batch_id`) REFERENCES `programme_batches` (`batch_id`) ON DELETE SET NULL
) ENGINE=InnoDB DEFAULT CHARSET=utf8mb4 COLLATE=utf8mb4_unicode_ci;
/*!40101 SET character_set_client = @saved_cs_client */;

--
-- Dumping data for table `students`
--

LOCK TABLES `students` WRITE;
/*!40000 ALTER TABLE `students` DISABLE KEYS */;
INSERT INTO `students` VALUES ('CSB21013','HRISHI RAJ BORA',1,1,2021,'Active','hrb@gmail.com','9673462424'),('CSB21034','TRIDEEP DAS',1,1,2021,'Active',NULL,NULL),('CSB22002','SUBHRANANDAN DEKA',1,NULL,NULL,'Active',NULL,NULL),('CSB22003','DEBASISH BORDOLOI',1,NULL,NULL,'Active',NULL,NULL),('CSB22005','RISHI SARKAR',1,NULL,NULL,'Active',NULL,NULL),('CSB22006','ABHILASH OJHA',1,NULL,NULL,'Active',NULL,NULL),('CSB22008','HREEDAYANGAM KASHYAP',1,NULL,NULL,'Active',NULL,NULL),('CSB22012','SAKIL AZIZ',1,NULL,NULL,'Active',NULL,NULL),('CSB22015','DIMPAL GOGOI',1,NULL,NULL,'Active',NULL,NULL),('CSB22018','SAKIL AHMED',1,NULL,NULL,'Active',NULL,NULL),('CSB22020','AYAN BARMAN',1,NULL,NULL,'Active',NULL,NULL),('CSB22021','LAYAN JYOTI DUTTA',1,NULL,NULL,'Active',NULL,NULL),('CSB22022','RIPON KALITA',1,NULL,NULL,'Active',NULL,NULL),('CSB22023','DEBASISH BHUYAN',1,NULL,NULL,'Active',NULL,NULL),('CSB22024','DIPU DEKA',1,NULL,NULL,'Active',NULL,NULL),('CSB22025','SWARNALEEM SHARMA',1,NULL,NULL,'Active',NULL,NULL),('CSB22028','DEVASHWOR YUMNAM',1,NULL,NULL,'Active',NULL,NULL),('CSB22031','BHASKAR JYOTI HAZARIKA',1,2,2022,'Active',NULL,NULL),('CSB22034','NABAJIT PAUL',1,NULL,NULL,'Active',NULL,NULL),('CSB22035','ANIRBAN SAHA',1,NULL,NULL,'Active',NULL,NULL),('CSB22036','SUDEEP DAS',1,NULL,NULL,'Active',NULL,NULL),('CSB22039','ARNAB DEORI',1,2,2022,'Active',NULL,NULL),('CSB22040','BISHAL RANJAN DAS',1,2,2022,'Active',NULL,NULL),('CSB22041','Tuchar Ch Das',1,NULL,NULL,'Active',NULL,NULL),('CSB22042','ANURAG BRAHMA',1,2,2022,'Active',NULL,NULL),('CSB22044','BHARGAB JYOTI BHUYAN',1,NULL,NULL,'Active',NULL,NULL),('CSB22045','MANJIM GOGOI',1,2,2022,'Active',NULL,NULL),('CSB22046','DHITIMAN GOGOI',1,NULL,NULL,'Active',NULL,NULL),('CSB22047','SHREYANSH DUBEY',1,NULL,NULL,'Active',NULL,NULL),('CSB22048','ABHRADEEP DEY',1,NULL,NULL,'Active',NULL,NULL),('CSB22049','Bastab Das',1,2,2022,'Active',NULL,NULL),('CSB22051','DIMA SONOWAL',1,2,2022,'Active',NULL,NULL),('CSB22052','ANKIT ANAND',1,NULL,NULL,'Active',NULL,NULL),('CSB22053','ASHWANI KUMAR',1,NULL,NULL,'Active',NULL,NULL),('CSB22054','SOUMYASISH SARKAR',1,NULL,NULL,'Active',NULL,NULL),('CSB22055','RAJ RAUSHAN',1,NULL,NULL,'Active',NULL,NULL),('CSB22056','DEEPJYOTI KAKOTI',1,NULL,NULL,'Active',NULL,NULL),('CSB22057','HARSH KUMAR',1,NULL,NULL,'Active',NULL,NULL),('CSB22058','KUSHAGRA SINGH',1,NULL,NULL,'Active',NULL,NULL),('CSB22059','CHAITANYA SUDHIR KOLHE',1,NULL,NULL,'Active',NULL,NULL),('CSB22060','AJAY KUMAR',1,NULL,NULL,'Active',NULL,NULL),('CSB22061','AMAN BHOGAL',1,NULL,NULL,'Active',NULL,NULL),('CSB22062','VIKRANT KUMAR',1,NULL,NULL,'Active',NULL,NULL),('CSB22063','SANJU KUMARI GUPTA',1,NULL,NULL,'Active',NULL,NULL),('CSB22064','YASHWANT KUMAR UPADHYAY',1,NULL,NULL,'Active',NULL,NULL),('CSB22065','ASHUTOSH YADAV',1,NULL,NULL,'Active',NULL,NULL),('CSB22066','SOUHARDYO SIKDER',1,2,2022,'Active',NULL,NULL),('CSB22067','HANSRAJ SINGH SHEKHAWAT',1,NULL,NULL,'Active',NULL,NULL),('CSB22069','HARSH KUMAR',1,NULL,NULL,'Active',NULL,NULL),('CSB22070','RISHIT TIWARI',1,NULL,NULL,'Active',NULL,NULL),('CSB22071','RANVEER BHARTI',1,NULL,NULL,'Active',NULL,NULL),('CSB22072','SURYAVARDHAN MAGATHALA',1,NULL,NULL,'Active',NULL,NULL),('CSB22073','SANSKAR SHARMA',1,NULL,NULL,'Active',NULL,NULL),('CSB22075','KALYAN ACHARJYA',1,NULL,NULL,'Active',NULL,NULL),('CSB22076','SYED ADNAN SAYEED NIZAM',1,NULL,NULL,'Active',NULL,NULL),('CSB22078','DEBOBRAT BORAH',1,NULL,NULL,'Active',NULL,NULL),('CSB22079','Mriganku Krishan Yogi',1,NULL,NULL,'Active',NULL,NULL),('CSB22080','ABHISHEK DAS',1,2,2022,'Active',NULL,NULL),('CSB22081','RAHUL PAUL',1,NULL,NULL,'Active',NULL,NULL),('CSB22082','TINKESH KUMAR',1,NULL,NULL,'Active',NULL,NULL),('CSB22083','DIVYANSHU DIVYA',1,NULL,NULL,'Active',NULL,NULL),('CSB22084','Nayanjyoti Das',1,NULL,NULL,'Active',NULL,NULL),('CSB23001','SHAAN PATHAK',1,3,2023,'Active',NULL,NULL),('CSB23003','ANTARIKSH SAIKIA',1,3,2023,'Active',NULL,NULL),('CSB23004','SOUMYADEEP DUTTA',1,3,2023,'Active',NULL,NULL),('CSB23005','SEIKH IRFAN ALI',1,3,2023,'Active',NULL,NULL),('CSB23010','KISHAN HARLALKA',1,3,2023,'Active',NULL,NULL),('CSB23012','RAHUL YADAV',1,3,2023,'Active',NULL,NULL),('CSB23016','RUKNABH BHATTACHARYYA',1,3,2023,'Active',NULL,NULL),('CSB23017','Raktim Ranjan Handique',1,3,2023,'Active',NULL,NULL),('CSB23018','SWAPNIL KALITA',1,3,2023,'Active',NULL,NULL),('CSB23019','SUMAN SAFIUR JAMAN',1,3,2023,'Active',NULL,NULL),('CSB23023','HRISHIKESH GOHAIN',1,3,2023,'Active',NULL,NULL),('CSB23024','Jonathan Pegu',1,3,2023,'Active',NULL,NULL),('CSB23025','YUVRAJ BARMAN',1,3,2023,'Active',NULL,NULL),('CSB23026','Abhijit Roy',1,3,2023,'Active',NULL,NULL),('CSB23027','DIGDARSHAN CHUTIA',1,3,2023,'Active',NULL,NULL),('CSB23028','ANJAN THAKURIA',1,3,2023,'Active',NULL,NULL),('CSB23029','RITIKA SAHA MANDAL',1,3,2023,'Active',NULL,NULL),('CSB23031','SURAJ KARMAKAR',1,3,2023,'Active',NULL,NULL),('CSB23032','SHYAM KUMAR BARUAH',1,3,2023,'Active',NULL,NULL),('CSB23033','NIRUJ NAYAN SAIKIA',1,3,2023,'Active',NULL,NULL),('CSB23034','BIKI SAIKIA',1,3,2023,'Active',NULL,NULL),('CSB23035','AMARTYA DAS',1,3,2023,'Active',NULL,NULL),('CSB23037','PRATYUSH PRATIM HAZARIKA',1,3,2023,'Active',NULL,NULL),('CSB23038','Mridupawan Kashyap',1,3,2023,'Active',NULL,NULL),('CSB23039','SANDIPAN ROY',1,3,2023,'Active',NULL,NULL),('CSB23040','YUBRAJ SUTRADHAR',1,3,2023,'Active',NULL,NULL),('CSB23041','SUPRIO SARKAR',1,3,2023,'Active',NULL,NULL),('CSB23042','ANWESHA SAHARIA',1,3,2023,'Active',NULL,NULL),('CSB23044','SAGAR GOGOI',1,3,2023,'Active',NULL,NULL),('CSB23045','JAYANTA BORA',1,3,2023,'Active',NULL,NULL),('CSB23046','RAIHAN ZAKIR AHMED',1,3,2023,'Active',NULL,NULL),('CSB23047','FARHAZ RAHMAN',1,3,2023,'Active',NULL,NULL),('CSB23048','PRATYUSH CHAND SHARMA',1,3,2023,'Active',NULL,NULL),('CSB23050','AJAY PATEL',1,3,2023,'Active',NULL,NULL),('CSB23051','MOHIT RANJAN',1,3,2023,'Active',NULL,NULL),('CSB23052','AREESHA KHAN',1,3,2023,'Active',NULL,NULL),('CSB23053','SADANANDA DEORI',1,3,2023,'Active',NULL,NULL),('CSB23054','AKASH JYOTI DAS',1,3,2023,'Active',NULL,NULL),('CSB23055','RAJAT KUMAR JHA',1,3,2023,'Active',NULL,NULL),('CSB23056','RUPANSH MOHAN',1,3,2023,'Active',NULL,NULL),('CSB23057','Tumit Dass',1,3,2023,'Active',NULL,NULL),('CSB23059','GAURAV RAJ',1,3,2023,'Active',NULL,NULL),('CSB23060','SONU KUMAR',1,3,2023,'Active',NULL,NULL),('CSB23061','SHAYAN CHAKRABORTY',1,3,2023,'Active',NULL,NULL),('CSB23062','SUMIT RAJ',1,3,2023,'Active',NULL,NULL),('CSB23063','TANMAY SARKAR',1,3,2023,'Active',NULL,NULL),('CSB23064','RUHAAN CHAUDHARY',1,3,2023,'Active',NULL,NULL),('CSB23065','SAMUEL NEWMAI',1,3,2023,'Active',NULL,NULL),('CSB23066','SHUBHAM MAURYA',1,3,2023,'Active',NULL,NULL),('CSB23067','TUSHAR BHATI',1,3,2023,'Active',NULL,NULL),('CSB23068','AMAN KUMAR RAJ',1,3,2023,'Active',NULL,NULL),('CSB23069','DEEPAK KUMAR PATHAK',1,3,2023,'Active',NULL,NULL),('CSB23070','Prem kumar',1,3,2023,'Active',NULL,NULL),('CSB23071','ROHAN BHASAKAR KALE',1,3,2023,'Active',NULL,NULL),('CSB23072','YAJANT NATH TRIPATHI',1,3,2023,'Active',NULL,NULL),('CSB23073','Darmez Singh',1,3,2023,'Active',NULL,NULL),('CSB23074','KAUSTAV JYOTI PHUKAN',1,3,2023,'Active',NULL,NULL),('CSB23075','SPANDAN SARMA',1,3,2023,'Active',NULL,NULL),('CSB23076','AYUSHMAN BORGOHAIN',1,3,2023,'Active',NULL,NULL),('CSB23078','DHRITIMAN SAIKIA',1,3,2023,'Active',NULL,NULL),('CSB23079','NAYANJYOTI ADHIKARY',1,3,2023,'Active',NULL,NULL),('CSB23080','SHUVRANGSHU K SONOWAL',1,3,2023,'Active',NULL,NULL),('CSB23081','KISHALAY BHAGOBATY',1,3,2023,'Active',NULL,NULL),('CSB23201','PAPU BORA',1,NULL,NULL,'Active',NULL,NULL),('CSB23202','DEBASISH NEWAR',1,NULL,NULL,'Active',NULL,NULL),('CSB23203','HIRAK JYOTI NATH',1,NULL,NULL,'Active',NULL,NULL),('CSB23204','IRFAN ANSARI',1,NULL,NULL,'Active',NULL,NULL),('CSB23205','RINTU HAZARIKA',1,NULL,NULL,'Active',NULL,NULL),('CSB23206','SANSKRITA BHUYAN',1,NULL,NULL,'Active',NULL,NULL),('CSB23207','JOSHEEL BHARAT',1,NULL,NULL,'Active',NULL,NULL),('CSB24201','Hrishikesh Kakati',1,4,2024,'Active',NULL,NULL),('CSB24202','Kailash Phukan',1,4,2024,'Active',NULL,NULL),('CSB24203','Hirakjyoti Baruah',1,4,2024,'Active',NULL,NULL),('CSB24204','Mukund Kumar Ray',1,4,2024,'Active',NULL,NULL),('CSB24205','Abhishruti JP baruah',1,4,2024,'Active',NULL,NULL);
/*!40000 ALTER TABLE `students` ENABLE KEYS */;
UNLOCK TABLES;

--
-- Table structure for table `tests`
--

DROP TABLE IF EXISTS `tests`;
/*!40101 SET @saved_cs_client     = @@character_set_client */;
/*!40101 SET character_set_client = utf8 */;
CREATE TABLE `tests` (
  `test_id` bigint(20) NOT NULL AUTO_INCREMENT,
  `offering_id` bigint(20) NOT NULL,
  `test_name` varchar(100) NOT NULL,
  `test_type` enum('Mid Sem','End Sem','Assignment','Quiz') DEFAULT NULL,
  `test_date` date DEFAULT NULL,
  `weightage` decimal(5,2) DEFAULT NULL,
  `full_marks` int(11) NOT NULL CHECK (`full_marks` > 0),
  `pass_marks` int(11) NOT NULL CHECK (`pass_marks` >= 0),
  `question_paper_pdf` longblob DEFAULT NULL,
  PRIMARY KEY (`test_id`),
  KEY `offering_id` (`offering_id`),
  CONSTRAINT `tests_ibfk_1` FOREIGN KEY (`offering_id`) REFERENCES `course_offerings` (`offering_id`) ON DELETE CASCADE
) ENGINE=InnoDB AUTO_INCREMENT=18 DEFAULT CHARSET=utf8mb4 COLLATE=utf8mb4_unicode_ci;
/*!40101 SET character_set_client = @saved_cs_client */;

--
-- Dumping data for table `tests`
--

LOCK TABLES `tests` WRITE;
/*!40000 ALTER TABLE `tests` DISABLE KEYS */;
INSERT INTO `tests` VALUES (1,1,'Mid Semester Exam','Mid Sem','2026-03-15',30.00,50,20,NULL),(2,1,'End Semester Exam','End Sem','2026-05-20',70.00,100,40,NULL),(3,1,'Assignment 1','Assignment','2026-02-15',NULL,20,8,NULL),(4,2,'Mid Semester Exam','Mid Sem','2026-03-16',30.00,50,20,NULL),(5,2,'Quiz 1','Quiz','2026-02-20',NULL,10,4,NULL),(6,3,'Mid Semester Exam','Mid Sem','2026-03-17',30.00,50,20,NULL),(8,7,'Mid Semester Exam','Mid Sem','2026-09-16',30.00,50,20,NULL),(9,10,'Test-1',NULL,NULL,NULL,10,3,NULL),(10,10,'Mid-Term',NULL,NULL,NULL,20,7,NULL),(11,10,'Test-2',NULL,NULL,NULL,40,13,NULL),(12,10,'End-Term',NULL,NULL,NULL,30,10,NULL),(13,13,'Test-1',NULL,NULL,NULL,10,3,NULL),(14,13,'Mid-Term',NULL,NULL,NULL,30,10,NULL),(15,13,'Test-2',NULL,NULL,NULL,10,3,NULL),(16,13,'End-Term',NULL,NULL,NULL,50,17,NULL);
/*!40000 ALTER TABLE `tests` ENABLE KEYS */;
UNLOCK TABLES;

--
-- Table structure for table `user_phones`
--

DROP TABLE IF EXISTS `user_phones`;
/*!40101 SET @saved_cs_client     = @@character_set_client */;
/*!40101 SET character_set_client = utf8 */;
CREATE TABLE `user_phones` (
  `id` bigint(20) NOT NULL AUTO_INCREMENT,
  `employee_id` int(11) NOT NULL,
  `phone_number` varchar(15) NOT NULL,
  `created_at` timestamp NOT NULL DEFAULT current_timestamp(),
  PRIMARY KEY (`id`),
  UNIQUE KEY `uk_emp_phone` (`employee_id`,`phone_number`),
  KEY `idx_user_phone` (`employee_id`),
  CONSTRAINT `user_phones_ibfk_1` FOREIGN KEY (`employee_id`) REFERENCES `users` (`employee_id`) ON DELETE CASCADE
) ENGINE=InnoDB AUTO_INCREMENT=10 DEFAULT CHARSET=utf8mb4 COLLATE=utf8mb4_unicode_ci;
/*!40101 SET character_set_client = @saved_cs_client */;

--
-- Dumping data for table `user_phones`
--

LOCK TABLES `user_phones` WRITE;
/*!40000 ALTER TABLE `user_phones` DISABLE KEYS */;
INSERT INTO `user_phones` VALUES (1,9000001,'9876543210','2026-05-15 17:09:05'),(2,9000001,'9876543211','2026-05-15 17:09:05'),(3,7000001,'9876543212','2026-05-15 17:09:05'),(4,3001,'9876543213','2026-05-15 17:09:05'),(5,3001,'9876543214','2026-05-15 17:09:05'),(6,3002,'9876543215','2026-05-15 17:09:05'),(7,8000001,'9876543216','2026-05-15 17:09:05'),(8,3101,'7634379187','2026-05-15 18:32:30'),(9,3102,'7600849849','2026-05-16 19:08:05');
/*!40000 ALTER TABLE `user_phones` ENABLE KEYS */;
UNLOCK TABLES;

--
-- Table structure for table `users`
--

DROP TABLE IF EXISTS `users`;
/*!40101 SET @saved_cs_client     = @@character_set_client */;
/*!40101 SET character_set_client = utf8 */;
CREATE TABLE `users` (
  `employee_id` int(11) NOT NULL,
  `username` varchar(64) NOT NULL,
  `email` varchar(64) NOT NULL,
  `password_hash` varchar(255) NOT NULL,
  `role` enum('admin','faculty','hod','dean','staff') NOT NULL,
  `department_id` int(11) DEFAULT NULL,
  `school_id` int(11) DEFAULT NULL,
  `designation` varchar(50) DEFAULT NULL,
  `created_at` timestamp NOT NULL DEFAULT current_timestamp(),
  `updated_at` timestamp NOT NULL DEFAULT current_timestamp() ON UPDATE current_timestamp(),
  PRIMARY KEY (`employee_id`),
  UNIQUE KEY `email` (`email`),
  KEY `department_id` (`department_id`),
  KEY `school_id` (`school_id`),
  CONSTRAINT `users_ibfk_1` FOREIGN KEY (`department_id`) REFERENCES `departments` (`department_id`) ON DELETE SET NULL,
  CONSTRAINT `users_ibfk_2` FOREIGN KEY (`school_id`) REFERENCES `schools` (`school_id`) ON DELETE SET NULL
) ENGINE=InnoDB DEFAULT CHARSET=utf8mb4 COLLATE=utf8mb4_unicode_ci;
/*!40101 SET character_set_client = @saved_cs_client */;

--
-- Dumping data for table `users`
--

LOCK TABLES `users` WRITE;
/*!40000 ALTER TABLE `users` DISABLE KEYS */;
INSERT INTO `users` VALUES (3001,'Faculty One','faculty_01@tezu.ac.in','$2y$10$Hcol8QcUPcwvAEDxXbEe/.aYPKmhwGloLSPoD6JKbZ4f8FYC82b7q','faculty',1,NULL,'Associate Professor','2026-05-15 17:09:05','2026-05-21 14:15:56'),(3002,'Faculty Two','faculty_02@tezu.ac.in','$2y$10$Hcol8QcUPcwvAEDxXbEe/.aYPKmhwGloLSPoD6JKbZ4f8FYC82b7q','faculty',1,NULL,'Associate Professor','2026-05-15 17:09:05','2026-05-21 14:15:56'),(3003,'Faculty Three','faculty_03@tezu.ac.in','$2y$10$Hcol8QcUPcwvAEDxXbEe/.aYPKmhwGloLSPoD6JKbZ4f8FYC82b7q','faculty',1,NULL,'Assistant Professor','2026-05-15 17:09:05','2026-05-21 14:15:56'),(3004,'Faculty Four','faculty_04@tezu.ac.in','$2y$10$Hcol8QcUPcwvAEDxXbEe/.aYPKmhwGloLSPoD6JKbZ4f8FYC82b7q','faculty',1,NULL,'Assistant Professor','2026-05-15 17:09:05','2026-05-21 14:15:56'),(3005,'Faculty Five','faculty_05@tezu.ac.in','$2y$10$Hcol8QcUPcwvAEDxXbEe/.aYPKmhwGloLSPoD6JKbZ4f8FYC82b7q','faculty',2,NULL,'Assistant Professor','2026-05-15 17:09:05','2026-05-21 14:15:56'),(3006,'Faculty Six','faculty_06@tezu.ac.in','$2y$10$Hcol8QcUPcwvAEDxXbEe/.aYPKmhwGloLSPoD6JKbZ4f8FYC82b7q','faculty',2,NULL,'Assistant Professor','2026-05-15 17:09:05','2026-05-21 14:15:56'),(3101,'Arindam Karmakar','akar@tezu.ac.in','$2y$10$Hcol8QcUPcwvAEDxXbEe/.aYPKmhwGloLSPoD6JKbZ4f8FYC82b7q','faculty',1,NULL,'Professor','2026-05-15 18:32:30','2026-05-21 14:15:56'),(3102,'Nabajyoti Medhi','nmedhi@tezu.ac.in','$2y$10$Hcol8QcUPcwvAEDxXbEe/.aYPKmhwGloLSPoD6JKbZ4f8FYC82b7q','faculty',1,NULL,'Professor','2026-05-16 19:08:05','2026-05-21 14:15:56'),(4001,'Staff One','staff_01@tezu.ac.in','$2y$10$Hcol8QcUPcwvAEDxXbEe/.aYPKmhwGloLSPoD6JKbZ4f8FYC82b7q','staff',1,NULL,'Lab Assistant','2026-05-15 17:09:05','2026-05-21 14:15:56'),(4002,'Staff Two','staff_02@tezu.ac.in','$2y$10$Hcol8QcUPcwvAEDxXbEe/.aYPKmhwGloLSPoD6JKbZ4f8FYC82b7q','staff',2,NULL,'Lab Assistant','2026-05-15 17:09:05','2026-05-21 14:15:56'),(7000001,'HOD CSE','hod_cse@tezu.ac.in','$2y$10$Hcol8QcUPcwvAEDxXbEe/.aYPKmhwGloLSPoD6JKbZ4f8FYC82b7q','hod',1,NULL,'Professor','2026-05-15 17:09:05','2026-05-21 14:15:56'),(7000002,'HOD ECE','hod_ece@tezu.ac.in','$2y$10$Hcol8QcUPcwvAEDxXbEe/.aYPKmhwGloLSPoD6JKbZ4f8FYC82b7q','hod',2,NULL,'Professor','2026-05-15 17:09:05','2026-05-21 14:15:56'),(8000001,'Dean SoE','dean_soe@tezu.ac.in','$2y$10$Hcol8QcUPcwvAEDxXbEe/.aYPKmhwGloLSPoD6JKbZ4f8FYC82b7q','dean',NULL,1,'Dean','2026-05-15 17:09:05','2026-05-21 14:16:03'),(9000001,'Admin One','admin_01@tezu.ac.in','$2y$10$Hcol8QcUPcwvAEDxXbEe/.aYPKmhwGloLSPoD6JKbZ4f8FYC82b7q','admin',NULL,NULL,'System Administrator','2026-05-15 17:09:05','2026-05-21 14:15:56');
/*!40000 ALTER TABLE `users` ENABLE KEYS */;
UNLOCK TABLES;

--
-- Temporary table structure for view `v_current_deans`
--

DROP TABLE IF EXISTS `v_current_deans`;
/*!50001 DROP VIEW IF EXISTS `v_current_deans`*/;
SET @saved_cs_client     = @@character_set_client;
SET character_set_client = utf8;
/*!50001 CREATE VIEW `v_current_deans` AS SELECT
 1 AS `school_id`,
  1 AS `school_name`,
  1 AS `employee_id`,
  1 AS `dean_name`,
  1 AS `email`,
  1 AS `designation`,
  1 AS `start_date` */;
SET character_set_client = @saved_cs_client;

--
-- Temporary table structure for view `v_current_hods`
--

DROP TABLE IF EXISTS `v_current_hods`;
/*!50001 DROP VIEW IF EXISTS `v_current_hods`*/;
SET @saved_cs_client     = @@character_set_client;
SET character_set_client = utf8;
/*!50001 CREATE VIEW `v_current_hods` AS SELECT
 1 AS `department_id`,
  1 AS `department_name`,
  1 AS `department_code`,
  1 AS `employee_id`,
  1 AS `hod_name`,
  1 AS `email`,
  1 AS `designation`,
  1 AS `start_date` */;
SET character_set_client = @saved_cs_client;

--
-- Temporary table structure for view `v_current_offerings`
--

DROP TABLE IF EXISTS `v_current_offerings`;
/*!50001 DROP VIEW IF EXISTS `v_current_offerings`*/;
SET @saved_cs_client     = @@character_set_client;
SET character_set_client = utf8;
/*!50001 CREATE VIEW `v_current_offerings` AS SELECT
 1 AS `offering_id`,
  1 AS `course_id`,
  1 AS `course_code`,
  1 AS `course_name`,
  1 AS `credit`,
  1 AS `course_type`,
  1 AS `course_level`,
  1 AS `department_id`,
  1 AS `department_name`,
  1 AS `department_code`,
  1 AS `year`,
  1 AS `semester`,
  1 AS `co_threshold`,
  1 AS `passing_threshold`,
  1 AS `primary_faculty_id`,
  1 AS `primary_faculty_name` */;
SET character_set_client = @saved_cs_client;

--
-- Dumping events for database 'nba_db'
--

--
-- Dumping routines for database 'nba_db'
--

--
-- Final view structure for view `v_current_deans`
--

/*!50001 DROP VIEW IF EXISTS `v_current_deans`*/;
/*!50001 SET @saved_cs_client          = @@character_set_client */;
/*!50001 SET @saved_cs_results         = @@character_set_results */;
/*!50001 SET @saved_col_connection     = @@collation_connection */;
/*!50001 SET character_set_client      = utf8mb4 */;
/*!50001 SET character_set_results     = utf8mb4 */;
/*!50001 SET collation_connection      = utf8mb4_unicode_ci */;
/*!50001 CREATE ALGORITHM=UNDEFINED */
/*!50013 DEFINER=`root`@`localhost` SQL SECURITY DEFINER */
/*!50001 VIEW `v_current_deans` AS select `da`.`school_id` AS `school_id`,`s`.`school_name` AS `school_name`,`u`.`employee_id` AS `employee_id`,`u`.`username` AS `dean_name`,`u`.`email` AS `email`,`u`.`designation` AS `designation`,`da`.`start_date` AS `start_date` from ((`dean_assignments` `da` join `users` `u` on(`da`.`employee_id` = `u`.`employee_id`)) join `schools` `s` on(`da`.`school_id` = `s`.`school_id`)) where `da`.`end_date` is null */;
/*!50001 SET character_set_client      = @saved_cs_client */;
/*!50001 SET character_set_results     = @saved_cs_results */;
/*!50001 SET collation_connection      = @saved_col_connection */;

--
-- Final view structure for view `v_current_hods`
--

/*!50001 DROP VIEW IF EXISTS `v_current_hods`*/;
/*!50001 SET @saved_cs_client          = @@character_set_client */;
/*!50001 SET @saved_cs_results         = @@character_set_results */;
/*!50001 SET @saved_col_connection     = @@collation_connection */;
/*!50001 SET character_set_client      = utf8mb4 */;
/*!50001 SET character_set_results     = utf8mb4 */;
/*!50001 SET collation_connection      = utf8mb4_unicode_ci */;
/*!50001 CREATE ALGORITHM=UNDEFINED */
/*!50013 DEFINER=`root`@`localhost` SQL SECURITY DEFINER */
/*!50001 VIEW `v_current_hods` AS select `h`.`department_id` AS `department_id`,`d`.`department_name` AS `department_name`,`d`.`department_code` AS `department_code`,`u`.`employee_id` AS `employee_id`,`u`.`username` AS `hod_name`,`u`.`email` AS `email`,`u`.`designation` AS `designation`,`h`.`start_date` AS `start_date` from ((`hod_assignments` `h` join `users` `u` on(`h`.`employee_id` = `u`.`employee_id`)) join `departments` `d` on(`h`.`department_id` = `d`.`department_id`)) where `h`.`end_date` is null */;
/*!50001 SET character_set_client      = @saved_cs_client */;
/*!50001 SET character_set_results     = @saved_cs_results */;
/*!50001 SET collation_connection      = @saved_col_connection */;

--
-- Final view structure for view `v_current_offerings`
--

/*!50001 DROP VIEW IF EXISTS `v_current_offerings`*/;
/*!50001 SET @saved_cs_client          = @@character_set_client */;
/*!50001 SET @saved_cs_results         = @@character_set_results */;
/*!50001 SET @saved_col_connection     = @@collation_connection */;
/*!50001 SET character_set_client      = utf8mb4 */;
/*!50001 SET character_set_results     = utf8mb4 */;
/*!50001 SET collation_connection      = utf8mb4_unicode_ci */;
/*!50001 CREATE ALGORITHM=UNDEFINED */
/*!50013 DEFINER=`root`@`localhost` SQL SECURITY DEFINER */
/*!50001 VIEW `v_current_offerings` AS select `co`.`offering_id` AS `offering_id`,`co`.`course_id` AS `course_id`,`c`.`course_code` AS `course_code`,`c`.`course_name` AS `course_name`,`c`.`credit` AS `credit`,`c`.`course_type` AS `course_type`,`c`.`course_level` AS `course_level`,`c`.`department_id` AS `department_id`,`d`.`department_name` AS `department_name`,`d`.`department_code` AS `department_code`,`co`.`year` AS `year`,`co`.`semester` AS `semester`,`co`.`co_threshold` AS `co_threshold`,`co`.`passing_threshold` AS `passing_threshold`,`cfa`.`employee_id` AS `primary_faculty_id`,`u`.`username` AS `primary_faculty_name` from ((((`course_offerings` `co` join `courses` `c` on(`co`.`course_id` = `c`.`course_id`)) left join `departments` `d` on(`c`.`department_id` = `d`.`department_id`)) left join `course_faculty_assignments` `cfa` on(`co`.`offering_id` = `cfa`.`offering_id` and `cfa`.`assignment_type` = 'Primary' and `cfa`.`is_active` = 1)) left join `users` `u` on(`cfa`.`employee_id` = `u`.`employee_id`)) */;
/*!50001 SET character_set_client      = @saved_cs_client */;
/*!50001 SET character_set_results     = @saved_cs_results */;
/*!50001 SET collation_connection      = @saved_col_connection */;
/*!40103 SET TIME_ZONE=@OLD_TIME_ZONE */;

/*!40101 SET SQL_MODE=@OLD_SQL_MODE */;
/*!40014 SET FOREIGN_KEY_CHECKS=@OLD_FOREIGN_KEY_CHECKS */;
/*!40014 SET UNIQUE_CHECKS=@OLD_UNIQUE_CHECKS */;
/*!40101 SET CHARACTER_SET_CLIENT=@OLD_CHARACTER_SET_CLIENT */;
/*!40101 SET CHARACTER_SET_RESULTS=@OLD_CHARACTER_SET_RESULTS */;
/*!40101 SET COLLATION_CONNECTION=@OLD_COLLATION_CONNECTION */;
/*!40111 SET SQL_NOTES=@OLD_SQL_NOTES */;

-- Dump completed on 2026-05-23 19:08:37
